[2026-06-03 12:42:27] SUCCESS: Mamelodi Sundowns -> https://es.wikipedia.org/wiki/Mamelodi_Sundowns_Football_Club
[2026-06-03 12:42:28] SUCCESS: Orlando Pirates -> https://es.wikipedia.org/wiki/Orlando_Pirates_Football_Club
[2026-06-03 12:42:29] SUCCESS: Hannover 96 -> https://es.wikipedia.org/wiki/Hannover_96
[2026-06-03 12:42:30] SUCCESS: Molde -> https://es.wikipedia.org/wiki/Molde
[2026-06-03 12:42:32] SUCCESS: Polokwane City -> https://es.wikipedia.org/wiki/Polokwane_City_Football_Club
[2026-06-03 12:42:34] SUCCESS: Philadelphia Union -> https://es.wikipedia.org/wiki/Philadelphia_Union
[2026-06-03 12:42:35] SUCCESS: Kaizer Chiefs -> https://es.wikipedia.org/wiki/Kaizer_Chiefs_Football_Club
[2026-06-03 12:42:36] SUCCESS: Chicago Fire -> https://es.wikipedia.org/wiki/Chicago_Fire
[2026-06-03 12:42:37] SUCCESS: Tondela -> https://es.wikipedia.org/wiki/Tondela
[2026-06-03 12:42:39] SUCCESS: Burnley -> https://es.wikipedia.org/wiki/Burnley
[2026-06-03 12:42:40] SUCCESS: AEL Limassol -> https://es.wikipedia.org/wiki/AEL_Limassol
[2026-06-03 12:42:41] SUCCESS: FC Tokio -> https://es.wikipedia.org/wiki/FC_Lokomotiv_Mosc%C3%BA
[2026-06-03 12:42:43] SUCCESS: Jeonbuk -> https://es.wikipedia.org/wiki/Jeonbuk_Hyundai_Motors_Football_Club
[2026-06-03 12:42:44] SUCCESS: Ulsan -> https://es.wikipedia.org/wiki/Ulsan
[2026-06-03 12:42:45] SUCCESS: Daejeon -> https://es.wikipedia.org/wiki/Daejeon
[2026-06-03 12:42:48] SUCCESS: Bayern Múnich -> https://es.wikipedia.org/wiki/Bayern_M%C3%BAnich
[2026-06-03 12:42:49] SUCCESS: Kashima Antlers -> https://es.wikipedia.org/wiki/Kashima_Antlers
[2026-06-03 12:42:50] SUCCESS: Zhejiang -> https://es.wikipedia.org/wiki/Zhejiang
[2026-06-03 12:42:52] SUCCESS: Estrella Roja -> https://es.wikipedia.org/wiki/Estrella_Roja
[2026-06-03 12:42:53] SUCCESS: Borussia Mönchengladbach -> https://es.wikipedia.org/wiki/Borussia_M%C3%B6nchengladbach
[2026-06-03 12:42:54] SUCCESS: Gangwon -> https://es.wikipedia.org/wiki/Gangwon
[2026-06-03 12:42:55] SUCCESS: Austria Viena -> https://es.wikipedia.org/wiki/Austria_Viena
[2026-06-03 12:42:57] SUCCESS: Midtjylland -> https://es.wikipedia.org/wiki/Midtjylland
[2026-06-03 12:42:58] SUCCESS: Al Sharjah -> https://es.wikipedia.org/wiki/Al_Sharjah
[2026-06-03 12:43:00] SUCCESS: Stoke City -> https://es.wikipedia.org/wiki/Stoke_City_Football_Club
[2026-06-03 12:43:02] SUCCESS: Birmingham -> https://es.wikipedia.org/wiki/Birmingham
[2026-06-03 12:43:03] SUCCESS: Celtic Glasgow -> https://es.wikipedia.org/wiki/Celtic_Glasgow
[2026-06-03 12:43:05] SUCCESS: Swansea -> https://es.wikipedia.org/wiki/Swansea
[2026-06-03 12:43:06] SUCCESS: PSG -> https://es.wikipedia.org/wiki/PSG
[2026-06-03 12:43:07] SUCCESS: Mainz -> https://es.wikipedia.org/wiki/Mainz
[2026-06-03 12:43:09] SUCCESS: Feyenoord -> https://es.wikipedia.org/wiki/Feyenoord
[2026-06-03 12:43:10] SUCCESS: Wolverhampton -> https://es.wikipedia.org/wiki/Wolverhampton
[2026-06-03 12:43:12] SUCCESS: LAFC -> https://es.wikipedia.org/wiki/LAFC
[2026-06-03 12:43:13] SUCCESS: Besiktas -> https://es.wikipedia.org/wiki/Besiktas
[2026-06-03 12:43:14] SUCCESS: Slavia Praga -> https://es.wikipedia.org/wiki/Slavia_Praga
[2026-06-03 12:43:16] SUCCESS: PSV -> https://es.wikipedia.org/wiki/PSV
[2026-06-03 12:43:17] SUCCESS: Braga -> https://es.wikipedia.org/wiki/Braga
[2026-06-03 12:43:18] SUCCESS: Hoffenheim -> https://es.wikipedia.org/wiki/Hoffenheim
[2026-06-03 12:43:20] SUCCESS: Sparta Praga -> https://es.wikipedia.org/wiki/Sparta_Praga
[2026-06-03 12:43:22] SUCCESS: West Ham -> https://es.wikipedia.org/wiki/West_Ham
[2026-06-03 12:43:23] SUCCESS: Olympique de Lyon -> https://es.wikipedia.org/wiki/Olympique_de_Lyon
[2026-06-03 12:43:24] SUCCESS: Hradec Kralove -> https://es.wikipedia.org/wiki/Hradec_Kralove
[2026-06-03 12:43:26] SUCCESS: Viktoria Plzen -> https://es.wikipedia.org/wiki/Viktoria_Plzen
[2026-06-03 12:43:27] WARNING: No Wikipedia page for "Cincinatti FC"
[2026-06-03 12:43:29] SUCCESS: Bayer Leverkusen -> https://es.wikipedia.org/wiki/Bayer_Leverkusen
[2026-06-03 12:43:30] SUCCESS: Mlada Boleslav -> https://es.wikipedia.org/wiki/Mlad%C3%A1_Boleslav
[2026-06-03 12:43:31] SUCCESS: Orlando City -> https://es.wikipedia.org/wiki/Orlando_City_Soccer_Club
[2026-06-03 12:43:32] SUCCESS: Barnsley -> https://es.wikipedia.org/wiki/Barnsley
[2026-06-03 12:43:34] SUCCESS: Inter Miami -> https://es.wikipedia.org/wiki/Inter_Miami
[2026-06-03 12:43:35] SUCCESS: OGC Nice -> https://es.wikipedia.org/wiki/OGC_Nice
[2026-06-03 12:43:36] SUCCESS: Olympique de Marseille -> https://es.wikipedia.org/wiki/Olympique_de_Marsella
[2026-06-03 12:43:38] SUCCESS: Bayern Munich -> https://es.wikipedia.org/wiki/Bayern_Munich
[2026-06-03 12:43:39] SUCCESS: Fulham -> https://es.wikipedia.org/wiki/Fulham
[2026-06-03 12:43:40] SUCCESS: Celtic -> https://es.wikipedia.org/wiki/Celtic
[2026-06-03 12:43:41] SUCCESS: Middlesbrough -> https://es.wikipedia.org/wiki/Middlesbrough
[2026-06-03 12:43:43] SUCCESS: Toronto -> https://es.wikipedia.org/wiki/Toronto
[2026-06-03 12:43:44] SUCCESS: Hajduk Split -> https://es.wikipedia.org/wiki/Hajduk_Split
[2026-06-03 12:43:45] SUCCESS: Norwich City -> https://es.wikipedia.org/wiki/Norwich_City_Football_Club
[2026-06-03 12:43:47] SUCCESS: Villarreal -> https://es.wikipedia.org/wiki/Villarreal
[2026-06-03 12:43:48] SUCCESS: Porto -> https://es.wikipedia.org/wiki/Porto
[2026-06-03 12:43:49] SUCCESS: Tigres UANL -> https://es.wikipedia.org/wiki/Tigres_UANL
[2026-06-03 12:43:51] SUCCESS: US Sassuolo Calcio -> https://es.wikipedia.org/wiki/US_Sassuolo_Calcio
[2026-06-03 12:43:52] SUCCESS: Hull City -> https://es.wikipedia.org/wiki/Hull_City_Association_Football_Club
[2026-06-03 12:43:54] SUCCESS: Anderlecht -> https://es.wikipedia.org/wiki/Anderlecht
[2026-06-03 12:43:55] SUCCESS: Juventus -> https://es.wikipedia.org/wiki/Juventus_de_Tur%C3%ADn
[2026-06-03 12:43:56] SUCCESS: Royale Union Saint-Gilloise -> https://es.wikipedia.org/wiki/Royale_Union_Saint-Gilloise
[2026-06-03 12:43:57] SUCCESS: Mallorca -> https://es.wikipedia.org/wiki/Mallorca
[2026-06-03 12:43:59] SUCCESS: FC St. Pauli -> https://es.wikipedia.org/wiki/FC_St._Pauli
[2026-06-03 12:44:00] SUCCESS: HNK Rijeka -> https://es.wikipedia.org/wiki/HNK_Rijeka
[2026-06-03 12:44:01] SUCCESS: NK Slaven Belupo -> https://es.wikipedia.org/wiki/NK_Slaven_Belupo_Koprivnica
[2026-06-03 12:44:02] SUCCESS: Atalanta -> https://es.wikipedia.org/wiki/Atalanta
[2026-06-03 12:44:04] SUCCESS: Benfica -> https://es.wikipedia.org/wiki/Benfica
[2026-06-03 12:44:05] SUCCESS: Gaziantep -> https://es.wikipedia.org/wiki/Gaziantep
[2026-06-03 12:44:06] SUCCESS: Schalke 04 -> https://es.wikipedia.org/wiki/Schalke_04
[2026-06-03 12:44:08] SUCCESS: Sassuolo -> https://es.wikipedia.org/wiki/Sassuolo
[2026-06-03 12:44:09] SUCCESS: Sampdoria -> https://es.wikipedia.org/wiki/Sampdoria
[2026-06-03 12:44:10] SUCCESS: Lens -> https://es.wikipedia.org/wiki/Lens
[2026-06-03 12:44:11] SUCCESS: Pafos -> https://es.wikipedia.org/wiki/Pafos
[2026-06-03 12:44:13] SUCCESS: Astana -> https://es.wikipedia.org/wiki/Astan%C3%A1
[2026-06-03 12:44:14] SUCCESS: Karlsruher -> https://es.wikipedia.org/wiki/Karlsruher_SC
[2026-06-03 12:44:16] SUCCESS: Slovan Liberec -> https://es.wikipedia.org/wiki/Slovan_Liberec
[2026-06-03 12:44:18] SUCCESS: Brøndby IF -> https://es.wikipedia.org/wiki/Br%C3%B8ndby_IF
[2026-06-03 12:44:19] SUCCESS: Viktoria Plzeň -> https://es.wikipedia.org/wiki/Viktoria_Plze%C5%88
[2026-06-03 12:44:20] SUCCESS: Young Boys -> https://es.wikipedia.org/wiki/Young_Boys
[2026-06-03 12:44:22] SUCCESS: Salzburgo -> https://es.wikipedia.org/wiki/Salzburgo
[2026-06-03 12:44:23] SUCCESS: Stuttgart -> https://es.wikipedia.org/wiki/Stuttgart
[2026-06-03 12:44:25] SUCCESS: Universitatea Cluj -> https://es.wikipedia.org/wiki/Universitatea_Cluj
[2026-06-03 12:44:27] SUCCESS: Jagiellonia Bialystok -> https://es.wikipedia.org/wiki/Jagiellonia_Bia%C5%82ystok
[2026-06-03 12:44:28] SUCCESS: Borussia Dortmund -> https://es.wikipedia.org/wiki/Borussia_Dortmund
[2026-06-03 12:44:30] SUCCESS: Lorient -> https://es.wikipedia.org/wiki/Lorient
[2026-06-03 12:44:31] SUCCESS: Inter de Milan -> https://es.wikipedia.org/wiki/Inter_de_Mil%C3%A1n
[2026-06-03 12:44:33] SUCCESS: Real Betis -> https://es.wikipedia.org/wiki/Real_Betis_Balompi%C3%A9
[2026-06-03 12:44:34] SUCCESS: Hamburger SV -> https://es.wikipedia.org/wiki/Hamburger_SV
[2026-06-03 12:44:35] SUCCESS: Eintracht Frankfurt -> https://es.wikipedia.org/wiki/Eintracht_Fr%C3%A1ncfort
[2026-06-03 12:44:37] SUCCESS: Valencia -> https://es.wikipedia.org/wiki/Valencia
[2026-06-03 12:44:39] SUCCESS: Sunderland -> https://es.wikipedia.org/wiki/Sunderland
[2026-06-03 12:44:40] SUCCESS: Friburgo -> https://es.wikipedia.org/wiki/Friburgo
[2026-06-03 12:44:41] SUCCESS: Bologna -> https://es.wikipedia.org/wiki/Bolonia
[2026-06-03 12:44:43] SUCCESS: Mónaco -> https://es.wikipedia.org/wiki/M%C3%B3naco
[2026-06-03 12:44:44] SUCCESS: AC Milan -> https://es.wikipedia.org/wiki/AC_Milan
[2026-06-03 12:44:46] SUCCESS: Sevilla -> https://es.wikipedia.org/wiki/Sevilla
[2026-06-03 12:44:47] SUCCESS: Pisa -> https://es.wikipedia.org/wiki/Pisa
[2026-06-03 12:44:48] SUCCESS: Augsburgo -> https://es.wikipedia.org/wiki/Augsburgo
[2026-06-03 12:44:49] SUCCESS: Rennes -> https://es.wikipedia.org/wiki/Rennes
[2026-06-03 12:44:51] SUCCESS: Leeds -> https://es.wikipedia.org/wiki/Leeds
[2026-06-03 12:44:52] SUCCESS: Nottingham Forest -> https://es.wikipedia.org/wiki/Nottingham_Forest_Football_Club
[2026-06-03 12:44:54] SUCCESS: Fortuna Dusseldorf -> https://es.wikipedia.org/wiki/Fortuna_D%C3%BCsseldorf
[2026-06-03 12:44:55] SUCCESS: Liverpool -> https://es.wikipedia.org/wiki/Liverpool
[2026-06-03 12:44:56] SUCCESS: Fenerbahce -> https://es.wikipedia.org/wiki/Fenerbah%C3%A7e_Spor_Kul%C3%BCb%C3%BC
[2026-06-03 12:44:58] SUCCESS: Gremio -> https://es.wikipedia.org/wiki/Gremio
[2026-06-03 12:44:59] SUCCESS: Flamengo -> https://es.wikipedia.org/wiki/Flamengo
[2026-06-03 12:45:00] SUCCESS: Zenit -> https://es.wikipedia.org/wiki/Zenit
[2026-06-03 12:45:02] SUCCESS: Arsenal -> https://es.wikipedia.org/wiki/Arsenal
[2026-06-03 12:45:03] SUCCESS: Al Ahli -> https://es.wikipedia.org/wiki/Al_Ahli
[2026-06-03 12:45:04] SUCCESS: AS Roma -> https://es.wikipedia.org/wiki/AS_Roma
[2026-06-03 12:45:06] SUCCESS: Newcastle -> https://es.wikipedia.org/wiki/Newcastle
[2026-06-03 12:45:08] SUCCESS: Manchester United -> https://es.wikipedia.org/wiki/Manchester_United_Football_Club
[2026-06-03 12:45:09] SUCCESS: Botafogo -> https://es.wikipedia.org/wiki/Botafogo_de_Futebol_e_Regatas
[2026-06-03 12:45:10] SUCCESS: Al Ittihad -> https://es.wikipedia.org/wiki/Al-Ittihad_Jeddah_Club
[2026-06-03 12:45:11] SUCCESS: Brentford -> https://es.wikipedia.org/wiki/Brentford
[2026-06-03 12:45:13] SUCCESS: Santos -> https://es.wikipedia.org/wiki/Santos
[2026-06-03 12:45:14] SUCCESS: FC Barcelona -> https://es.wikipedia.org/wiki/FC_Barcelona
[2026-06-03 12:45:15] SUCCESS: Bournemouth -> https://es.wikipedia.org/wiki/Bournemouth
[2026-06-03 12:45:16] SUCCESS: Real Madrid -> https://es.wikipedia.org/wiki/Real_Madrid_Club_de_F%C3%BAtbol
[2026-06-03 12:45:17] SUCCESS: Al-Hilal SFC -> https://es.wikipedia.org/wiki/Al-Hilal_SFC
[2026-06-03 12:45:18] SUCCESS: RS Berkane -> https://es.wikipedia.org/wiki/RS_Berkane
[2026-06-03 12:45:19] SUCCESS: Raja Casablanca -> https://es.wikipedia.org/wiki/Raja_Casablanca
[2026-06-03 12:45:20] SUCCESS: Paris Saint-Germain -> https://es.wikipedia.org/wiki/Paris_Saint-Germain_Football_Club
[2026-06-03 12:45:21] WARNING: No Wikipedia page for "West Ham United/Marsella"
[2026-06-03 12:45:22] SUCCESS: FC Twente -> https://es.wikipedia.org/wiki/FC_Twente
[2026-06-03 12:45:23] SUCCESS: Crystal Palace -> https://es.wikipedia.org/wiki/Crystal_Palace
[2026-06-03 12:45:26] SUCCESS: Al Ahly -> https://es.wikipedia.org/wiki/Al-Ahly
[2026-06-03 12:45:27] SUCCESS: Mechelen -> https://es.wikipedia.org/wiki/Mechelen
[2026-06-03 12:45:28] SUCCESS: Genk -> https://es.wikipedia.org/wiki/Genk
[2026-06-03 12:45:29] WARNING: No Wikipedia page for "Fenerbahçe SK/Betis"
[2026-06-03 12:45:30] SUCCESS: PSV Eindhoven -> https://es.wikipedia.org/wiki/PSV_Eindhoven
[2026-06-03 12:45:32] SUCCESS: Roma -> https://es.wikipedia.org/wiki/Roma
[2026-06-03 12:45:33] SUCCESS: Girona -> https://es.wikipedia.org/wiki/Girona
[2026-06-03 12:45:34] SUCCESS: Lille -> https://es.wikipedia.org/wiki/Lille
[2026-06-03 12:45:36] SUCCESS: Estrasburgo -> https://es.wikipedia.org/wiki/Estrasburgo
[2026-06-03 12:45:38] SUCCESS: Olympiacos FC -> https://es.wikipedia.org/wiki/Olympiacos_FC
[2026-06-03 12:45:39] SUCCESS: Al-Ain FC -> https://es.wikipedia.org/wiki/Al-Ain_FC
[2026-06-03 12:45:40] SUCCESS: SC Bastia -> https://es.wikipedia.org/wiki/SC_Bastia
[2026-06-03 12:45:41] SUCCESS: FC Sochaux -> https://es.wikipedia.org/wiki/FC_Sochaux
[2026-06-03 12:45:43] WARNING: No Wikipedia page for "FC Cosmos Koblenz"
[2026-06-03 12:45:44] SUCCESS: Angers SCO -> https://es.wikipedia.org/wiki/Angers_SCO
[2026-06-03 12:45:45] SUCCESS: SV Zulte Waregem -> https://es.wikipedia.org/wiki/SV_Zulte_Waregem
[2026-06-03 12:45:46] SUCCESS: Colorado Springs -> https://es.wikipedia.org/wiki/Colorado_Springs
[2026-06-03 12:45:48] SUCCESS: AS Nancy-Lorraine -> https://es.wikipedia.org/wiki/AS_Nancy-Lorraine
[2026-06-03 12:45:49] SUCCESS: KAA Gent -> https://es.wikipedia.org/wiki/KAA_Gent
[2026-06-03 12:45:50] SUCCESS: LDU Quito -> https://es.wikipedia.org/wiki/LDU_Quito
[2026-06-03 12:45:53] SUCCESS: FC Lugano -> https://es.wikipedia.org/wiki/FC_Lugano
[2026-06-03 12:45:54] SUCCESS: BSC Young Boys II -> https://es.wikipedia.org/wiki/BSC_Young_Boys_(femenino)
[2026-06-03 12:45:55] SUCCESS: FC Vizela -> https://es.wikipedia.org/wiki/FC_Vizela
[2026-06-03 12:45:56] SUCCESS: El Paso Locomotive FC -> https://es.wikipedia.org/wiki/El_Paso_Locomotive_FC
[2026-06-03 12:45:58] SUCCESS: Violette AC -> https://es.wikipedia.org/wiki/Violette_AC
[2026-06-03 12:45:59] SUCCESS: FC Tatran Prešov -> https://es.wikipedia.org/wiki/FC_Tatran_Pre%C5%A1ov
[2026-06-03 12:46:00] SUCCESS: FC Dallas -> https://es.wikipedia.org/wiki/FC_Dallas
[2026-06-03 12:46:02] SUCCESS: Almere City FC -> https://es.wikipedia.org/wiki/Almere_City_FC
[2026-06-03 12:46:03] SUCCESS: AJ Auxerre -> https://es.wikipedia.org/wiki/AJ_Auxerre
[2026-06-03 12:46:06] SUCCESS: Toronto FC -> https://es.wikipedia.org/wiki/Toronto_FC
[2026-06-03 12:46:07] SUCCESS: Sunderland AFC -> https://es.wikipedia.org/wiki/Sunderland_AFC
[2026-06-03 12:46:08] SUCCESS: Esteghlal FC -> https://es.wikipedia.org/wiki/Esteghlal_FC
[2026-06-03 12:46:10] SUCCESS: Çaykur Rizespor -> https://es.wikipedia.org/wiki/%C3%87aykur_Rizespor_Kul%C3%BCb%C3%BC
[2026-06-03 12:46:11] SUCCESS: Ferencváros TC -> https://es.wikipedia.org/wiki/Ferencv%C3%A1ros_TC
[2026-06-03 12:46:12] SUCCESS: Heart of Midlothian -> https://es.wikipedia.org/wiki/Heart_of_Midlothian_Football_Club
[2026-06-03 12:46:14] SUCCESS: Rangers -> https://es.wikipedia.org/wiki/Rangers
[2026-06-03 12:46:15] SUCCESS: Hibernian -> https://es.wikipedia.org/wiki/Hibernian_Football_Club
[2026-06-03 12:46:16] SUCCESS: Al-Ettifaq -> https://es.wikipedia.org/wiki/Al-Ettifaq_Club
[2026-06-03 12:46:17] SUCCESS: Wrexham -> https://es.wikipedia.org/wiki/Wrexham
[2026-06-03 12:46:19] SUCCESS: Dinamo Zagreb -> https://es.wikipedia.org/wiki/Dinamo_Zagreb
[2026-06-03 12:46:20] SUCCESS: Everton -> https://es.wikipedia.org/wiki/Everton
[2026-06-03 12:46:21] SUCCESS: AFC Bournemouth -> https://es.wikipedia.org/wiki/AFC_Bournemouth
[2026-06-03 12:46:23] SUCCESS: Kilmarnock -> https://es.wikipedia.org/wiki/Kilmarnock
[2026-06-03 12:46:24] SUCCESS: S.S.C. Napoli -> https://es.wikipedia.org/wiki/S.S.C._Napoli
[2026-06-03 12:46:25] SUCCESS: Aston Villa -> https://es.wikipedia.org/wiki/Aston_Villa_Football_Club
[2026-06-03 12:46:26] SUCCESS: Torino -> https://es.wikipedia.org/wiki/Torino
[2026-06-03 12:46:28] SUCCESS: Charlton Athletic -> https://es.wikipedia.org/wiki/Charlton_Athletic_Football_Club
[2026-06-03 12:46:29] SUCCESS: Ipswich Town -> https://es.wikipedia.org/wiki/Ipswich_Town_Football_Club
[2026-06-03 12:46:30] SUCCESS: New York City FC -> https://es.wikipedia.org/wiki/New_York_City_FC
[2026-06-03 12:46:31] SUCCESS: New England Revolution -> https://es.wikipedia.org/wiki/New_England_Revolution
[2026-06-03 12:46:32] SUCCESS: Columbus Crew -> https://es.wikipedia.org/wiki/Columbus_Crew
[2026-06-03 12:46:34] SUCCESS: Toulouse -> https://es.wikipedia.org/wiki/Toulouse
[2026-06-03 12:46:35] SUCCESS: Charlotte FC -> https://es.wikipedia.org/wiki/Charlotte_FC
[2026-06-03 12:46:36] SUCCESS: FC Cincinnati -> https://es.wikipedia.org/wiki/FC_Cincinnati
[2026-06-03 12:46:38] SUCCESS: Vancouver Whitecaps -> https://es.wikipedia.org/wiki/Vancouver_Whitecaps_Football_Club
[2026-06-03 12:46:39] SUCCESS: Seattle Sounders -> https://es.wikipedia.org/wiki/Seattle_Sounders_Football_Club
[2026-06-03 12:55:08] Missing crest for team: Cincinatti FC
[2026-06-03 12:56:30] Missing crest for team: Cincinatti FC
[2026-06-03 12:58:52] Missing crest for team: Cincinatti FC
[2026-06-03 13:00:24] Missing crest for team: West Ham United/Marsella
[2026-06-03 13:00:31] Missing crest for team: Fenerbahçe SK/Betis
[2026-06-03 13:00:42] Missing crest for team: FC Cosmos Koblenz
[2026-06-03 13:04:35] Missing crest for team: Montana 1921
[2026-06-03 13:05:44] Missing crest for team: Stade Nyonnais
[2026-06-03 13:07:26] Missing crest for team: U. Católica de Ecuador
[2026-06-03 13:51:09] INFO: ============================================================
[2026-06-03 13:51:09] INFO: Inicio de fetch_footballdata_crests.py
[2026-06-03 13:51:09] INFO: ============================================================
[2026-06-03 13:51:09] INFO: Cargados 443 equipos desde convocados_equipos.json
[2026-06-03 13:51:09] ERROR: API Key no configurada. Define la variable de entorno FOOTBALL_DATA_API_KEY antes de ejecutar el script.
[2026-06-03 13:52:31] INFO: ============================================================
[2026-06-03 13:52:31] INFO: Inicio de fetch_footballdata_crests.py
[2026-06-03 13:52:31] INFO: ============================================================
[2026-06-03 13:52:31] INFO: Cargados 443 equipos desde convocados_equipos.json
[2026-06-03 13:52:31] ERROR: API Key no configurada. Define la variable de entorno FOOTBALL_DATA_API_KEY antes de ejecutar el script.
[2026-06-03 13:52:36] INFO: ============================================================
[2026-06-03 13:52:36] INFO: Inicio de fetch_footballdata_crests.py
[2026-06-03 13:52:36] INFO: ============================================================
[2026-06-03 13:52:36] INFO: Cargados 443 equipos desde convocados_equipos.json
[2026-06-03 13:52:36] ERROR: API Key no configurada. Define la variable de entorno FOOTBALL_DATA_API_KEY antes de ejecutar el script.
[2026-06-03 13:53:42] INFO: ============================================================
[2026-06-03 13:53:42] INFO: Inicio de fetch_footballdata_crests.py
[2026-06-03 13:53:42] INFO: ============================================================
[2026-06-03 13:53:42] INFO: Cargados 443 equipos desde convocados_equipos.json
[2026-06-03 13:53:42] INFO: Iniciando descarga de equipos desde Football-Data.org API...
[2026-06-03 13:53:42] DEBUG:   GET https://api.football-data.org/v4/teams/ | offset=0, limit=100
[2026-06-03 13:53:44] ERROR: Error HTTP inesperado: 400 Client Error:  for url: https://api.football-data.org/v4/teams/?limit=100&offset=0
[2026-06-03 13:53:51] INFO: ============================================================
[2026-06-03 13:53:51] INFO: Inicio de fetch_footballdata_crests.py
[2026-06-03 13:53:51] INFO: ============================================================
[2026-06-03 13:53:51] INFO: Cargados 443 equipos desde convocados_equipos.json
[2026-06-03 13:53:51] INFO: Iniciando descarga de equipos desde Football-Data.org API...
[2026-06-03 13:53:51] DEBUG:   GET https://api.football-data.org/v4/teams/ | offset=0, limit=100
[2026-06-03 13:53:52] ERROR: Error HTTP inesperado: 400 Client Error:  for url: https://api.football-data.org/v4/teams/?limit=100&offset=0
[2026-06-03 13:55:14] INFO: ============================================================
[2026-06-03 13:55:14] INFO: Inicio de fetch_footballdata_crests.py
[2026-06-03 13:55:14] INFO: ============================================================
[2026-06-03 13:55:14] INFO: Cargados 443 equipos desde convocados_equipos.json
[2026-06-03 13:55:14] INFO: Iniciando descarga de equipos desde Football-Data.org API...
[2026-06-03 13:55:15] INFO: API returned 400 with pagination params – retrying without params.
[2026-06-03 13:56:05] INFO: ============================================================
[2026-06-03 13:56:05] INFO: Inicio de fetch_footballdata_crests.py
[2026-06-03 13:56:05] INFO: ============================================================
[2026-06-03 13:56:05] INFO: Cargados 443 equipos desde convocados_equipos.json
[2026-06-03 13:56:05] INFO: Iniciando descarga de equipos desde Football-Data.org API...
[2026-06-03 13:56:07] INFO: API returned 400 with pagination params – retrying without params.
[2026-06-03 14:00:26] INFO: ============================================================
[2026-06-03 14:00:26] INFO: Inicio de fetch_footballdata_crests.py
[2026-06-03 14:00:26] INFO: ============================================================
[2026-06-03 14:00:26] INFO: Cargados 443 equipos desde convocados_equipos.json
[2026-06-03 14:00:26] ERROR: API Key no configurada. Define la variable de entorno FOOTBALL_DATA_API_KEY antes de ejecutar el script.
[2026-06-03 14:00:34] INFO: ============================================================
[2026-06-03 14:00:34] INFO: Inicio de fetch_footballdata_crests.py
[2026-06-03 14:00:34] INFO: ============================================================
[2026-06-03 14:00:34] INFO: Cargados 443 equipos desde convocados_equipos.json
[2026-06-03 14:00:34] INFO: Iniciando descarga de equipos desde Football-Data.org API...
[2026-06-03 14:00:36] INFO: API returned 400 with pagination params – retrying without params.
[2026-06-03 14:03:18] INFO: ============================================================
[2026-06-03 14:03:18] INFO: Inicio de fetch_footballdata_crests.py
[2026-06-03 14:03:18] INFO: ============================================================
[2026-06-03 14:03:18] INFO: Cargados 443 equipos desde convocados_equipos.json
[2026-06-03 14:03:18] INFO: Iniciando descarga de equipos...
[2026-06-03 14:04:16] INFO: ============================================================
[2026-06-03 14:04:16] INFO: Inicio de fetch_footballdata_crests.py
[2026-06-03 14:04:16] INFO: ============================================================
[2026-06-03 14:04:16] INFO: Cargados 443 equipos desde convocados_equipos.json
[2026-06-03 14:04:16] ERROR: API Key no configurada.
[2026-06-03 14:04:44] INFO: ============================================================
[2026-06-03 14:04:44] INFO: Inicio de fetch_footballdata_crests.py
[2026-06-03 14:04:44] INFO: ============================================================
[2026-06-03 14:04:44] INFO: Cargados 443 equipos desde convocados_equipos.json
[2026-06-03 14:04:44] INFO: Iniciando descarga de equipos...
[2026-06-03 14:04:46] INFO: Se obtuvieron 50 equipos de la API.
[2026-06-03 14:04:46] WARNING: SIN COINCIDENCIA: AC Milan
[2026-06-03 14:04:46] WARNING: SIN COINCIDENCIA: AEL Limassol
[2026-06-03 14:04:46] WARNING: SIN COINCIDENCIA: AFC Bournemouth
[2026-06-03 14:04:46] WARNING: SIN COINCIDENCIA: AIK
[2026-06-03 14:04:46] WARNING: SIN COINCIDENCIA: AJ Auxerre
[2026-06-03 14:04:46] WARNING: SIN COINCIDENCIA: AS Monaco
[2026-06-03 14:04:46] WARNING: SIN COINCIDENCIA: AS Nancy-Lorraine
[2026-06-03 14:04:46] WARNING: SIN COINCIDENCIA: AS Roma
[2026-06-03 14:04:46] WARNING: SIN COINCIDENCIA: AS Saint-Étienne
[2026-06-03 14:04:46] WARNING: SIN COINCIDENCIA: Abha Club
[2026-06-03 14:04:46] WARNING: SIN COINCIDENCIA: Academia Puerto Cabello
[2026-06-03 14:04:46] WARNING: SIN COINCIDENCIA: Ajax
[2026-06-03 14:04:46] WARNING: SIN COINCIDENCIA: Akron Tolyatti
[2026-06-03 14:04:46] WARNING: SIN COINCIDENCIA: Al Ahli
[2026-06-03 14:04:46] WARNING: SIN COINCIDENCIA: Al Ahly
[2026-06-03 14:04:46] WARNING: SIN COINCIDENCIA: Al Ain
[2026-06-03 14:04:46] WARNING: SIN COINCIDENCIA: Al Bataeh
[2026-06-03 14:04:46] WARNING: SIN COINCIDENCIA: Al Feiha
[2026-06-03 14:04:46] WARNING: SIN COINCIDENCIA: Al Hilal
[2026-06-03 14:04:46] WARNING: SIN COINCIDENCIA: Al Ittihad
[2026-06-03 14:04:46] WARNING: SIN COINCIDENCIA: Al Jazira
[2026-06-03 14:04:46] WARNING: SIN COINCIDENCIA: Al Nasr
[2026-06-03 14:04:46] WARNING: SIN COINCIDENCIA: Al Nassr
[2026-06-03 14:04:46] WARNING: SIN COINCIDENCIA: Al Sharjah
[2026-06-03 14:04:46] WARNING: SIN COINCIDENCIA: Al Wakrah
[2026-06-03 14:04:46] WARNING: SIN COINCIDENCIA: Al-Ahli
[2026-06-03 14:04:46] WARNING: SIN COINCIDENCIA: Al-Ahli Saudi FC
[2026-06-03 14:04:46] WARNING: SIN COINCIDENCIA: Al-Ain FC
[2026-06-03 14:04:46] WARNING: SIN COINCIDENCIA: Al-Duhail
[2026-06-03 14:04:46] WARNING: SIN COINCIDENCIA: Al-Ettifaq
[2026-06-03 14:04:46] WARNING: SIN COINCIDENCIA: Al-Hilal
[2026-06-03 14:04:46] WARNING: SIN COINCIDENCIA: Al-Hilal SFC
[2026-06-03 14:04:46] WARNING: SIN COINCIDENCIA: Al-Ittihad
[2026-06-03 14:04:46] WARNING: SIN COINCIDENCIA: Alanyaspor
[2026-06-03 14:04:46] WARNING: SIN COINCIDENCIA: Almere City FC
[2026-06-03 14:04:46] WARNING: SIN COINCIDENCIA: América de México
[2026-06-03 14:04:46] WARNING: SIN COINCIDENCIA: Anderlecht
[2026-06-03 14:04:46] WARNING: SIN COINCIDENCIA: Angers SCO
[2026-06-03 14:04:46] WARNING: SIN COINCIDENCIA: Apollon Limassol
[2026-06-03 14:04:46] WARNING: SIN COINCIDENCIA: Aris Limassol
[2026-06-03 14:04:46] WARNING: SIN COINCIDENCIA: Arsenal
[2026-06-03 14:04:46] WARNING: SIN COINCIDENCIA: Astana
[2026-06-03 14:04:46] WARNING: SIN COINCIDENCIA: Aston Villa
[2026-06-03 14:04:46] WARNING: SIN COINCIDENCIA: Atalanta
[2026-06-03 14:04:46] WARNING: SIN COINCIDENCIA: Athletic de Bilbao
[2026-06-03 14:04:46] WARNING: SIN COINCIDENCIA: Atlas
[2026-06-03 14:04:46] WARNING: SIN COINCIDENCIA: Atlético Madrid
[2026-06-03 14:04:46] WARNING: SIN COINCIDENCIA: Atlético Nacional
[2026-06-03 14:04:46] WARNING: SIN COINCIDENCIA: Atlético de Madrid
[2026-06-03 14:04:46] WARNING: SIN COINCIDENCIA: Atromitos
[2026-06-03 14:04:46] WARNING: SIN COINCIDENCIA: Auckland FC
[2026-06-03 14:04:46] INFO: MATCH: Augsburgo                                     → https://crests.football-data.org/16.png
[2026-06-03 14:04:46] WARNING: SIN COINCIDENCIA: Austria Viena
[2026-06-03 14:04:46] WARNING: SIN COINCIDENCIA: Auxerre
[2026-06-03 14:04:46] WARNING: SIN COINCIDENCIA: BSC Young Boys II
[2026-06-03 14:04:46] WARNING: SIN COINCIDENCIA: Barcelona
[2026-06-03 14:04:46] WARNING: SIN COINCIDENCIA: Barnsley
[2026-06-03 14:04:46] WARNING: SIN COINCIDENCIA: Basaksehir
[2026-06-03 14:04:46] INFO: MATCH: Bayer Leverkusen                              → https://crests.football-data.org/3.png
[2026-06-03 14:04:46] INFO: MATCH: Bayern Munich                                 → https://crests.football-data.org/5.png
[2026-06-03 14:04:46] INFO: MATCH: Bayern Múnich                                 → https://crests.football-data.org/5.png
[2026-06-03 14:04:46] WARNING: SIN COINCIDENCIA: Benfica
[2026-06-03 14:04:46] WARNING: SIN COINCIDENCIA: Besiktas
[2026-06-03 14:04:46] WARNING: SIN COINCIDENCIA: Birmingham
[2026-06-03 14:04:46] WARNING: SIN COINCIDENCIA: Bodo Glimt
[2026-06-03 14:04:46] WARNING: SIN COINCIDENCIA: Bologna
[2026-06-03 14:04:46] INFO: MATCH: Borussia Dortmund                             → https://crests.football-data.org/4.png
[2026-06-03 14:04:46] INFO: MATCH: Borussia Mönchengladbach                      → https://crests.football-data.org/18.png
[2026-06-03 14:04:46] WARNING: SIN COINCIDENCIA: Botafogo
[2026-06-03 14:04:46] WARNING: SIN COINCIDENCIA: Bournemouth
[2026-06-03 14:04:46] WARNING: SIN COINCIDENCIA: Braga
[2026-06-03 14:04:46] WARNING: SIN COINCIDENCIA: Braintree Town F.C.
[2026-06-03 14:04:46] WARNING: SIN COINCIDENCIA: Brentford
[2026-06-03 14:04:46] WARNING: SIN COINCIDENCIA: Brighton
[2026-06-03 14:04:46] WARNING: SIN COINCIDENCIA: Brondby IF
[2026-06-03 14:04:46] WARNING: SIN COINCIDENCIA: Brujas
[2026-06-03 14:04:46] WARNING: SIN COINCIDENCIA: Brøndby IF
[2026-06-03 14:04:46] WARNING: SIN COINCIDENCIA: Burnley
[2026-06-03 14:04:46] WARNING: SIN COINCIDENCIA: CD Plaza Amador
[2026-06-03 14:04:46] WARNING: SIN COINCIDENCIA: CS Constantine
[2026-06-03 14:04:46] WARNING: SIN COINCIDENCIA: CS Sfaxien
[2026-06-03 14:04:46] WARNING: SIN COINCIDENCIA: Cagliari
[2026-06-03 14:04:46] WARNING: SIN COINCIDENCIA: Casa Pia
[2026-06-03 14:04:46] WARNING: SIN COINCIDENCIA: Castellon
[2026-06-03 14:04:46] WARNING: SIN COINCIDENCIA: Celta de Vigo
[2026-06-03 14:04:46] WARNING: SIN COINCIDENCIA: Celtic
[2026-06-03 14:04:46] WARNING: SIN COINCIDENCIA: Celtic Glasgow
[2026-06-03 14:04:46] WARNING: SIN COINCIDENCIA: Cercle Brugge
[2026-06-03 14:04:46] WARNING: SIN COINCIDENCIA: Charleroi
[2026-06-03 14:04:46] WARNING: SIN COINCIDENCIA: Charlotte FC
[2026-06-03 14:04:46] WARNING: SIN COINCIDENCIA: Charlton Athletic
[2026-06-03 14:04:46] WARNING: SIN COINCIDENCIA: Chaves
[2026-06-03 14:04:46] WARNING: SIN COINCIDENCIA: Chelsea
[2026-06-03 14:04:46] WARNING: SIN COINCIDENCIA: Chicago Fire
[2026-06-03 14:04:46] WARNING: SIN COINCIDENCIA: Cincinatti FC
[2026-06-03 14:04:46] WARNING: SIN COINCIDENCIA: Club Africain
[2026-06-03 14:04:46] WARNING: SIN COINCIDENCIA: Club América
[2026-06-03 14:04:46] WARNING: SIN COINCIDENCIA: Club Deportivo Marathón
[2026-06-03 14:04:46] WARNING: SIN COINCIDENCIA: Club León
[2026-06-03 14:04:46] WARNING: SIN COINCIDENCIA: Cobresal
[2026-06-03 14:04:46] WARNING: SIN COINCIDENCIA: Colorado Springs
[2026-06-03 14:04:46] WARNING: SIN COINCIDENCIA: Columbus Crew
[2026-06-03 14:04:46] WARNING: SIN COINCIDENCIA: Como
[2026-06-03 14:04:46] WARNING: SIN COINCIDENCIA: Copenhagen
[2026-06-03 14:04:46] WARNING: SIN COINCIDENCIA: Copenhague
[2026-06-03 14:04:46] WARNING: SIN COINCIDENCIA: Corinthians
[2026-06-03 14:04:46] WARNING: SIN COINCIDENCIA: Coventry City
[2026-06-03 14:04:46] WARNING: SIN COINCIDENCIA: Cremonese
[2026-06-03 14:04:46] WARNING: SIN COINCIDENCIA: Cruz Azul
[2026-06-03 14:04:46] WARNING: SIN COINCIDENCIA: Crystal Palace
[2026-06-03 14:04:46] WARNING: SIN COINCIDENCIA: Daejeon
[2026-06-03 14:04:46] WARNING: SIN COINCIDENCIA: Deportivo La Guaira
[2026-06-03 14:04:46] WARNING: SIN COINCIDENCIA: Deportivo Saprissa
[2026-06-03 14:04:46] WARNING: SIN COINCIDENCIA: Derby County
[2026-06-03 14:04:46] WARNING: SIN COINCIDENCIA: Desconocido
[2026-06-03 14:04:46] WARNING: SIN COINCIDENCIA: Dinamo Zagreb
[2026-06-03 14:04:46] WARNING: SIN COINCIDENCIA: Dynamo Makhachkala
[2026-06-03 14:04:46] WARNING: SIN COINCIDENCIA: ES Tunis
[2026-06-03 14:04:46] INFO: MATCH: Eintracht Frankfurt                           → https://crests.football-data.org/19.png
[2026-06-03 14:04:46] WARNING: SIN COINCIDENCIA: El Gouna
[2026-06-03 14:04:46] WARNING: SIN COINCIDENCIA: El Paso Locomotive FC
[2026-06-03 14:04:46] WARNING: SIN COINCIDENCIA: Elche
[2026-06-03 14:04:46] WARNING: SIN COINCIDENCIA: Espanyol
[2026-06-03 14:04:46] WARNING: SIN COINCIDENCIA: Espérance de Tunis
[2026-06-03 14:04:46] WARNING: SIN COINCIDENCIA: Esteghlal FC
[2026-06-03 14:04:46] WARNING: SIN COINCIDENCIA: Estrasburgo
[2026-06-03 14:04:46] WARNING: SIN COINCIDENCIA: Estrela da Amadora
[2026-06-03 14:04:46] WARNING: SIN COINCIDENCIA: Estrella Roja
[2026-06-03 14:04:46] WARNING: SIN COINCIDENCIA: Estrella Roja de Belgrado
[2026-06-03 14:04:46] WARNING: SIN COINCIDENCIA: Estudiantes de La Plata
[2026-06-03 14:04:46] WARNING: SIN COINCIDENCIA: Everton
[2026-06-03 14:04:46] WARNING: SIN COINCIDENCIA: F. C. Tokyo
[2026-06-03 14:04:46] INFO: MATCH: FC Augsburg                                   → https://crests.football-data.org/16.png
[2026-06-03 14:04:46] WARNING: SIN COINCIDENCIA: FC Barcelona
[2026-06-03 14:04:46] WARNING: SIN COINCIDENCIA: FC Barcelona Atlètic
[2026-06-03 14:04:46] WARNING: SIN COINCIDENCIA: FC Cincinnati
[2026-06-03 14:04:46] WARNING: SIN COINCIDENCIA: FC Cosmos Koblenz
[2026-06-03 14:04:46] WARNING: SIN COINCIDENCIA: FC Dallas
[2026-06-03 14:04:46] WARNING: SIN COINCIDENCIA: FC Den Bosch
[2026-06-03 14:04:46] WARNING: SIN COINCIDENCIA: FC Lugano
[2026-06-03 14:04:46] WARNING: SIN COINCIDENCIA: FC Nantes
[2026-06-03 14:04:46] WARNING: SIN COINCIDENCIA: FC Pari Nizhniy Novgorod
[2026-06-03 14:04:46] WARNING: SIN COINCIDENCIA: FC Sochaux
[2026-06-03 14:04:46] INFO: MATCH: FC St. Pauli                                  → https://crests.football-data.org/20.png
[2026-06-03 14:04:46] WARNING: SIN COINCIDENCIA: FC Tatran Prešov
[2026-06-03 14:04:46] WARNING: SIN COINCIDENCIA: FC Tokio
[2026-06-03 14:04:46] WARNING: SIN COINCIDENCIA: FC Twente
[2026-06-03 14:04:46] WARNING: SIN COINCIDENCIA: FC Vizela
[2026-06-03 14:04:46] WARNING: SIN COINCIDENCIA: FC Volendam
[2026-06-03 14:04:46] WARNING: SIN COINCIDENCIA: FC Zürich
[2026-06-03 14:04:46] WARNING: SIN COINCIDENCIA: Farense
[2026-06-03 14:04:46] WARNING: SIN COINCIDENCIA: Fenerbahce
[2026-06-03 14:04:46] WARNING: SIN COINCIDENCIA: Fenerbahçe
[2026-06-03 14:04:46] WARNING: SIN COINCIDENCIA: Fenerbahçe SK/Betis
[2026-06-03 14:04:46] WARNING: SIN COINCIDENCIA: Ferencváros TC
[2026-06-03 14:04:46] WARNING: SIN COINCIDENCIA: Feyenoord
[2026-06-03 14:04:46] WARNING: SIN COINCIDENCIA: Fiorentina
[2026-06-03 14:04:46] WARNING: SIN COINCIDENCIA: Flamengo
[2026-06-03 14:04:46] WARNING: SIN COINCIDENCIA: Fluminense
[2026-06-03 14:04:46] INFO: MATCH: Fortuna Dusseldorf                            → https://crests.football-data.org/24.png
[2026-06-03 14:04:46] WARNING: SIN COINCIDENCIA: Friburgo
[2026-06-03 14:04:46] WARNING: SIN COINCIDENCIA: Frosinone
[2026-06-03 14:04:46] WARNING: SIN COINCIDENCIA: Fulham
[2026-06-03 14:04:46] WARNING: SIN COINCIDENCIA: Galatasaray
[2026-06-03 14:04:46] WARNING: SIN COINCIDENCIA: Gangwon
[2026-06-03 14:04:46] WARNING: SIN COINCIDENCIA: Gaziantep
[2026-06-03 14:04:46] WARNING: SIN COINCIDENCIA: Genk
[2026-06-03 14:04:46] WARNING: SIN COINCIDENCIA: Genoa
[2026-06-03 14:04:46] WARNING: SIN COINCIDENCIA: Gençlerbirliği
[2026-06-03 14:04:46] WARNING: SIN COINCIDENCIA: Gil Vicente
[2026-06-03 14:04:46] WARNING: SIN COINCIDENCIA: Girona
[2026-06-03 14:04:46] WARNING: SIN COINCIDENCIA: Granada
[2026-06-03 14:04:46] WARNING: SIN COINCIDENCIA: Gremio
[2026-06-03 14:04:46] WARNING: SIN COINCIDENCIA: Gyor
[2026-06-03 14:04:46] WARNING: SIN COINCIDENCIA: HNK Rijeka
[2026-06-03 14:04:46] WARNING: SIN COINCIDENCIA: Hajduk Split
[2026-06-03 14:04:46] INFO: MATCH: Hamburger SV                                  → https://crests.football-data.org/7.png
[2026-06-03 14:04:46] WARNING: SIN COINCIDENCIA: Hamburgo
[2026-06-03 14:04:46] INFO: MATCH: Hannover 96                                   → https://crests.football-data.org/8.png
[2026-06-03 14:04:46] WARNING: SIN COINCIDENCIA: Hapoel Ironi Kiryat Shmona
[2026-06-03 14:04:46] WARNING: SIN COINCIDENCIA: Heart of Midlothian
[2026-06-03 14:04:46] WARNING: SIN COINCIDENCIA: Hellas Verona
[2026-06-03 14:04:46] WARNING: SIN COINCIDENCIA: Hibernian
[2026-06-03 14:04:46] INFO: MATCH: Hoffenheim                                    → https://crests.football-data.org/2.png
[2026-06-03 14:04:46] WARNING: SIN COINCIDENCIA: Holstein Kiel
[2026-06-03 14:04:46] WARNING: SIN COINCIDENCIA: Hradec Kralove
[2026-06-03 14:04:46] WARNING: SIN COINCIDENCIA: Hull City
[2026-06-03 14:04:46] WARNING: SIN COINCIDENCIA: IFK Norrköping
[2026-06-03 14:04:46] WARNING: SIN COINCIDENCIA: Igdir FK
[2026-06-03 14:04:46] WARNING: SIN COINCIDENCIA: Igdır FK
[2026-06-03 14:04:46] WARNING: SIN COINCIDENCIA: Independiente
[2026-06-03 14:04:46] WARNING: SIN COINCIDENCIA: Inter
[2026-06-03 14:04:46] WARNING: SIN COINCIDENCIA: Inter Miami
[2026-06-03 14:04:46] WARNING: SIN COINCIDENCIA: Inter Milan
[2026-06-03 14:04:46] WARNING: SIN COINCIDENCIA: Inter de Milan
[2026-06-03 14:04:46] WARNING: SIN COINCIDENCIA: Inter de Milán
[2026-06-03 14:04:46] WARNING: SIN COINCIDENCIA: Internacional de Porto Alegre
[2026-06-03 14:04:46] WARNING: SIN COINCIDENCIA: Ipswich Town
[2026-06-03 14:04:46] WARNING: SIN COINCIDENCIA: JS Kabylie
[2026-06-03 14:04:46] WARNING: SIN COINCIDENCIA: Jagiellonia Bialystok
[2026-06-03 14:04:46] WARNING: SIN COINCIDENCIA: Jeonbuk
[2026-06-03 14:04:46] WARNING: SIN COINCIDENCIA: Juventus
[2026-06-03 14:04:46] WARNING: SIN COINCIDENCIA: Juárez FC
[2026-06-03 14:04:46] WARNING: SIN COINCIDENCIA: KAA Gent
[2026-06-03 14:04:46] WARNING: SIN COINCIDENCIA: KRC Genk
[2026-06-03 14:04:46] WARNING: SIN COINCIDENCIA: Kaizer Chiefs
[2026-06-03 14:04:46] INFO: MATCH: Karlsruher                                    → https://crests.football-data.org/32.png
[2026-06-03 14:04:46] WARNING: SIN COINCIDENCIA: Kashima Antlers
[2026-06-03 14:04:46] WARNING: SIN COINCIDENCIA: Kashima Antrlers
[2026-06-03 14:04:46] WARNING: SIN COINCIDENCIA: Kasımpaşa
[2026-06-03 14:04:46] WARNING: SIN COINCIDENCIA: Kayserispor
[2026-06-03 14:04:46] WARNING: SIN COINCIDENCIA: Kifisia
[2026-06-03 14:04:46] WARNING: SIN COINCIDENCIA: Kilmarnock
[2026-06-03 14:04:46] WARNING: SIN COINCIDENCIA: Konyaspor
[2026-06-03 14:04:46] WARNING: SIN COINCIDENCIA: Krasnodar
[2026-06-03 14:04:46] WARNING: SIN COINCIDENCIA: LAFC
[2026-06-03 14:04:46] WARNING: SIN COINCIDENCIA: LASK
[2026-06-03 14:04:46] WARNING: SIN COINCIDENCIA: LDU Quito
[2026-06-03 14:04:46] WARNING: SIN COINCIDENCIA: Larisa
[2026-06-03 14:04:46] WARNING: SIN COINCIDENCIA: Le Havre
[2026-06-03 14:04:46] WARNING: SIN COINCIDENCIA: Lechia Gdansk
[2026-06-03 14:04:46] WARNING: SIN COINCIDENCIA: Leeds
[2026-06-03 14:04:46] WARNING: SIN COINCIDENCIA: Leeds United
[2026-06-03 14:04:46] WARNING: SIN COINCIDENCIA: Leipzig
[2026-06-03 14:04:46] WARNING: SIN COINCIDENCIA: Lens
[2026-06-03 14:04:46] WARNING: SIN COINCIDENCIA: Lille
[2026-06-03 14:04:46] WARNING: SIN COINCIDENCIA: Liverpool
[2026-06-03 14:04:46] WARNING: SIN COINCIDENCIA: Lorient
[2026-06-03 14:04:46] WARNING: SIN COINCIDENCIA: Ludogorets
[2026-06-03 14:04:46] WARNING: SIN COINCIDENCIA: Maccabi Haifa
[2026-06-03 14:04:46] WARNING: SIN COINCIDENCIA: Maccabi Tel Aviv
[2026-06-03 14:04:46] INFO: MATCH: Mainz                                         → https://crests.football-data.org/15.png
[2026-06-03 14:04:46] INFO: MATCH: Mainz 05                                      → https://crests.football-data.org/15.png
[2026-06-03 14:04:46] WARNING: SIN COINCIDENCIA: Mallorca
[2026-06-03 14:04:46] WARNING: SIN COINCIDENCIA: Malmo FF
[2026-06-03 14:04:46] WARNING: SIN COINCIDENCIA: Mamelodi Sundowns
[2026-06-03 14:04:46] WARNING: SIN COINCIDENCIA: Manchester City
[2026-06-03 14:04:46] WARNING: SIN COINCIDENCIA: Manchester United
[2026-06-03 14:04:46] WARNING: SIN COINCIDENCIA: Maribor
[2026-06-03 14:04:46] WARNING: SIN COINCIDENCIA: Marseille
[2026-06-03 14:04:46] WARNING: SIN COINCIDENCIA: Marsella
[2026-06-03 14:04:46] WARNING: SIN COINCIDENCIA: Mazatlán FC
[2026-06-03 14:04:46] WARNING: SIN COINCIDENCIA: Mechelen
[2026-06-03 14:04:46] WARNING: SIN COINCIDENCIA: Miami FC
[2026-06-03 14:04:46] WARNING: SIN COINCIDENCIA: Middlesbrough
[2026-06-03 14:04:46] WARNING: SIN COINCIDENCIA: Midtjylland
[2026-06-03 14:04:46] WARNING: SIN COINCIDENCIA: Milan
[2026-06-03 14:04:46] WARNING: SIN COINCIDENCIA: Millwall
[2026-06-03 14:04:46] WARNING: SIN COINCIDENCIA: Minnesota United
[2026-06-03 14:04:46] WARNING: SIN COINCIDENCIA: Minnesota United FC
[2026-06-03 14:04:46] WARNING: SIN COINCIDENCIA: Mjällby AIF
[2026-06-03 14:04:46] WARNING: SIN COINCIDENCIA: Mlada Boleslav
[2026-06-03 14:04:46] WARNING: SIN COINCIDENCIA: Molde
[2026-06-03 14:04:46] WARNING: SIN COINCIDENCIA: Monaco
[2026-06-03 14:04:46] WARNING: SIN COINCIDENCIA: Monagas
[2026-06-03 14:04:46] WARNING: SIN COINCIDENCIA: Montana 1921
[2026-06-03 14:04:46] WARNING: SIN COINCIDENCIA: Monterrey
[2026-06-03 14:04:46] WARNING: SIN COINCIDENCIA: Montpellier
[2026-06-03 14:04:46] WARNING: SIN COINCIDENCIA: Motherwell F.C.
[2026-06-03 14:04:46] WARNING: SIN COINCIDENCIA: Mónaco
[2026-06-03 14:04:46] WARNING: SIN COINCIDENCIA: N.E.C.
[2026-06-03 14:04:46] WARNING: SIN COINCIDENCIA: NEC Nijmegen
[2026-06-03 14:04:46] WARNING: SIN COINCIDENCIA: NK Maribor
[2026-06-03 14:04:46] WARNING: SIN COINCIDENCIA: NK Slaven Belupo
[2026-06-03 14:04:46] WARNING: SIN COINCIDENCIA: Nacional
[2026-06-03 14:04:46] WARNING: SIN COINCIDENCIA: Napoli
[2026-06-03 14:04:46] WARNING: SIN COINCIDENCIA: New England Revolution
[2026-06-03 14:04:46] WARNING: SIN COINCIDENCIA: New York City FC
[2026-06-03 14:04:46] WARNING: SIN COINCIDENCIA: Newcastle
[2026-06-03 14:04:46] WARNING: SIN COINCIDENCIA: Newcastle Jets FC
[2026-06-03 14:04:46] WARNING: SIN COINCIDENCIA: Newcastle United
[2026-06-03 14:04:46] WARNING: SIN COINCIDENCIA: Nice
[2026-06-03 14:04:46] WARNING: SIN COINCIDENCIA: Niza
[2026-06-03 14:04:46] WARNING: SIN COINCIDENCIA: Noah
[2026-06-03 14:04:46] WARNING: SIN COINCIDENCIA: Norwich City
[2026-06-03 14:04:46] WARNING: SIN COINCIDENCIA: Nottingham Forest
[2026-06-03 14:04:46] WARNING: SIN COINCIDENCIA: Nottingham Forest F.C.
[2026-06-03 14:04:46] WARNING: SIN COINCIDENCIA: OGC Nice
[2026-06-03 14:04:46] WARNING: SIN COINCIDENCIA: Olympiacos FC
[2026-06-03 14:04:46] WARNING: SIN COINCIDENCIA: Olympique de Lyon
[2026-06-03 14:04:46] WARNING: SIN COINCIDENCIA: Olympique de Marseille
[2026-06-03 14:04:46] WARNING: SIN COINCIDENCIA: Olympique de Marsella
[2026-06-03 14:04:46] WARNING: SIN COINCIDENCIA: Omonia Nicosia
[2026-06-03 14:04:46] WARNING: SIN COINCIDENCIA: Orlando City
[2026-06-03 14:04:46] WARNING: SIN COINCIDENCIA: Orlando City SC
[2026-06-03 14:04:46] WARNING: SIN COINCIDENCIA: Orlando Pirates
[2026-06-03 14:04:46] WARNING: SIN COINCIDENCIA: Osasuna
[2026-06-03 14:04:46] WARNING: SIN COINCIDENCIA: Oțelul Galați
[2026-06-03 14:04:46] WARNING: SIN COINCIDENCIA: PEC Zwolle
[2026-06-03 14:04:46] WARNING: SIN COINCIDENCIA: PFC Turan Tovuz
[2026-06-03 14:04:46] WARNING: SIN COINCIDENCIA: PSG
[2026-06-03 14:04:46] WARNING: SIN COINCIDENCIA: PSV
[2026-06-03 14:04:46] WARNING: SIN COINCIDENCIA: PSV Eindhoven
[2026-06-03 14:04:46] WARNING: SIN COINCIDENCIA: Pafos
[2026-06-03 14:04:46] WARNING: SIN COINCIDENCIA: Palmeiras
[2026-06-03 14:04:46] WARNING: SIN COINCIDENCIA: Panathinaikos
[2026-06-03 14:04:46] WARNING: SIN COINCIDENCIA: Paranaense
[2026-06-03 14:04:46] WARNING: SIN COINCIDENCIA: Paris
[2026-06-03 14:04:46] WARNING: SIN COINCIDENCIA: Paris Saint-Germain
[2026-06-03 14:04:46] WARNING: SIN COINCIDENCIA: Parma
[2026-06-03 14:04:46] WARNING: SIN COINCIDENCIA: Peterborough
[2026-06-03 14:04:46] WARNING: SIN COINCIDENCIA: Philadelphia Union
[2026-06-03 14:04:46] WARNING: SIN COINCIDENCIA: Pisa
[2026-06-03 14:04:46] WARNING: SIN COINCIDENCIA: Plaza Amador
[2026-06-03 14:04:46] WARNING: SIN COINCIDENCIA: Polokwane City
[2026-06-03 14:04:46] WARNING: SIN COINCIDENCIA: Port Vale
[2026-06-03 14:04:46] WARNING: SIN COINCIDENCIA: Portland Timbers
[2026-06-03 14:04:46] WARNING: SIN COINCIDENCIA: Porto
[2026-06-03 14:04:46] WARNING: SIN COINCIDENCIA: Pumas
[2026-06-03 14:04:46] WARNING: SIN COINCIDENCIA: Puskás Akadémia
[2026-06-03 14:04:46] WARNING: SIN COINCIDENCIA: Pyramids
[2026-06-03 14:04:46] WARNING: SIN COINCIDENCIA: Pyramids FC
[2026-06-03 14:04:46] WARNING: SIN COINCIDENCIA: RB Leipzig
[2026-06-03 14:04:46] WARNING: SIN COINCIDENCIA: RC Lens
[2026-06-03 14:04:46] WARNING: SIN COINCIDENCIA: RKC
[2026-06-03 14:04:46] WARNING: SIN COINCIDENCIA: RKC Waalwijk
[2026-06-03 14:04:46] WARNING: SIN COINCIDENCIA: RS Berkane
[2026-06-03 14:04:46] WARNING: SIN COINCIDENCIA: Racign de Estrasburgo
[2026-06-03 14:04:46] WARNING: SIN COINCIDENCIA: Racing Genk
[2026-06-03 14:04:46] WARNING: SIN COINCIDENCIA: Racing Lens
[2026-06-03 14:04:46] WARNING: SIN COINCIDENCIA: Racing de Estrasburgo
[2026-06-03 14:04:46] WARNING: SIN COINCIDENCIA: Racing de Santander
[2026-06-03 14:04:46] WARNING: SIN COINCIDENCIA: Raja Casablanca
[2026-06-03 14:04:46] WARNING: SIN COINCIDENCIA: Rangers
[2026-06-03 14:04:46] WARNING: SIN COINCIDENCIA: Rayo Vallecano
[2026-06-03 14:04:46] WARNING: SIN COINCIDENCIA: Real Betis
[2026-06-03 14:04:46] WARNING: SIN COINCIDENCIA: Real Madrid
[2026-06-03 14:04:46] WARNING: SIN COINCIDENCIA: Real Oviedo
[2026-06-03 14:04:46] WARNING: SIN COINCIDENCIA: Real Salt Lake
[2026-06-03 14:04:46] WARNING: SIN COINCIDENCIA: Real Sociedad
[2026-06-03 14:04:46] WARNING: SIN COINCIDENCIA: Red Bull Salzburgo
[2026-06-03 14:04:46] WARNING: SIN COINCIDENCIA: Red Star
[2026-06-03 14:04:46] WARNING: SIN COINCIDENCIA: Rennes
[2026-06-03 14:04:46] WARNING: SIN COINCIDENCIA: River Plate
[2026-06-03 14:04:46] WARNING: SIN COINCIDENCIA: Rizespor
[2026-06-03 14:04:46] WARNING: SIN COINCIDENCIA: Roma
[2026-06-03 14:04:46] WARNING: SIN COINCIDENCIA: Rosario Central
[2026-06-03 14:04:46] WARNING: SIN COINCIDENCIA: Rotherham
[2026-06-03 14:04:46] WARNING: SIN COINCIDENCIA: Royale Union Saint-Gilloise
[2026-06-03 14:04:46] WARNING: SIN COINCIDENCIA: S.S.C. Napoli
[2026-06-03 14:04:46] WARNING: SIN COINCIDENCIA: SC Bastia
[2026-06-03 14:04:46] WARNING: SIN COINCIDENCIA: SJK Seinajoki
[2026-06-03 14:04:46] WARNING: SIN COINCIDENCIA: SK Beveren
[2026-06-03 14:04:46] WARNING: SIN COINCIDENCIA: SV Zulte Waregem
[2026-06-03 14:04:46] WARNING: SIN COINCIDENCIA: Salzburgo
[2026-06-03 14:04:46] WARNING: SIN COINCIDENCIA: Sampdoria
[2026-06-03 14:04:46] WARNING: SIN COINCIDENCIA: Samsunspor
[2026-06-03 14:04:46] WARNING: SIN COINCIDENCIA: San Diego FC
[2026-06-03 14:04:46] WARNING: SIN COINCIDENCIA: Sanfrecce Hiroshima
[2026-06-03 14:04:46] WARNING: SIN COINCIDENCIA: Santos
[2026-06-03 14:04:46] WARNING: SIN COINCIDENCIA: Sassuolo
[2026-06-03 14:04:46] INFO: MATCH: Schalke 04                                    → https://crests.football-data.org/6.png
[2026-06-03 14:04:46] WARNING: SIN COINCIDENCIA: Seattle Sounders
[2026-06-03 14:04:46] WARNING: SIN COINCIDENCIA: Servette
[2026-06-03 14:04:46] WARNING: SIN COINCIDENCIA: Sevilla
[2026-06-03 14:04:46] WARNING: SIN COINCIDENCIA: Shamrock Rovers
[2026-06-03 14:04:46] WARNING: SIN COINCIDENCIA: Sheffield United
[2026-06-03 14:04:46] WARNING: SIN COINCIDENCIA: Sheffield United F.C.
[2026-06-03 14:04:46] WARNING: SIN COINCIDENCIA: Silkeborg IF
[2026-06-03 14:04:46] WARNING: SIN COINCIDENCIA: Sint Truidense
[2026-06-03 14:04:46] WARNING: SIN COINCIDENCIA: Sint-Truidense
[2026-06-03 14:04:46] WARNING: SIN COINCIDENCIA: Slavia Praga
[2026-06-03 14:04:46] WARNING: SIN COINCIDENCIA: Slovan Bratislava
[2026-06-03 14:04:46] WARNING: SIN COINCIDENCIA: Slovan Liberec
[2026-06-03 14:04:46] WARNING: SIN COINCIDENCIA: Smouha SC
[2026-06-03 14:04:46] WARNING: SIN COINCIDENCIA: Sparta Praga
[2026-06-03 14:04:46] WARNING: SIN COINCIDENCIA: Sparta Rotterdam
[2026-06-03 14:04:46] WARNING: SIN COINCIDENCIA: Spartak Moscow
[2026-06-03 14:04:46] WARNING: SIN COINCIDENCIA: Sporting
[2026-06-03 14:04:46] WARNING: SIN COINCIDENCIA: Sporting Braga
[2026-06-03 14:04:46] WARNING: SIN COINCIDENCIA: Sporting CP
[2026-06-03 14:04:46] WARNING: SIN COINCIDENCIA: Sporting Lisboa
[2026-06-03 14:04:46] WARNING: SIN COINCIDENCIA: Sporting de Portugal
[2026-06-03 14:04:46] WARNING: SIN COINCIDENCIA: Stade Nyonnais
[2026-06-03 14:04:46] WARNING: SIN COINCIDENCIA: Stade Rennais
[2026-06-03 14:04:46] WARNING: SIN COINCIDENCIA: Stade de Reims
[2026-06-03 14:04:46] WARNING: SIN COINCIDENCIA: Standard Liege
[2026-06-03 14:04:46] WARNING: SIN COINCIDENCIA: Stoke City
[2026-06-03 14:04:46] WARNING: SIN COINCIDENCIA: Strasbourg
[2026-06-03 14:04:46] INFO: MATCH: Stuttgart                                     → https://crests.football-data.org/10.png
[2026-06-03 14:04:46] WARNING: SIN COINCIDENCIA: Sunderland
[2026-06-03 14:04:46] WARNING: SIN COINCIDENCIA: Sunderland AFC
[2026-06-03 14:04:46] WARNING: SIN COINCIDENCIA: Swansea
[2026-06-03 14:04:46] WARNING: SIN COINCIDENCIA: Swansea City A.F.C.
[2026-06-03 14:04:46] INFO: MATCH: TSG Hoffenheim                                → https://crests.football-data.org/2.png
[2026-06-03 14:04:46] WARNING: SIN COINCIDENCIA: Telstar
[2026-06-03 14:04:46] WARNING: SIN COINCIDENCIA: Terengganu FC
[2026-06-03 14:04:46] WARNING: SIN COINCIDENCIA: Tigres
[2026-06-03 14:04:46] WARNING: SIN COINCIDENCIA: Tigres UANL
[2026-06-03 14:04:46] WARNING: SIN COINCIDENCIA: Tondela
[2026-06-03 14:04:46] WARNING: SIN COINCIDENCIA: Torino
[2026-06-03 14:04:46] WARNING: SIN COINCIDENCIA: Toronto
[2026-06-03 14:04:46] WARNING: SIN COINCIDENCIA: Toronto FC
[2026-06-03 14:04:46] WARNING: SIN COINCIDENCIA: Torreense
[2026-06-03 14:04:46] WARNING: SIN COINCIDENCIA: Tottenham
[2026-06-03 14:04:46] WARNING: SIN COINCIDENCIA: Tottenham Hotspur
[2026-06-03 14:04:46] WARNING: SIN COINCIDENCIA: Toulouse
[2026-06-03 14:04:46] WARNING: SIN COINCIDENCIA: Trabzonspor
[2026-06-03 14:04:46] WARNING: SIN COINCIDENCIA: Twente
[2026-06-03 14:04:46] WARNING: SIN COINCIDENCIA: U. Católica de Ecuador
[2026-06-03 14:04:46] WARNING: SIN COINCIDENCIA: US Monastir
[2026-06-03 14:04:46] WARNING: SIN COINCIDENCIA: US Sassuolo Calcio
[2026-06-03 14:04:46] WARNING: SIN COINCIDENCIA: USM Alger
[2026-06-03 14:04:46] WARNING: SIN COINCIDENCIA: Udinese
[2026-06-03 14:04:46] WARNING: SIN COINCIDENCIA: Ulsan
[2026-06-03 14:04:46] INFO: MATCH: Union Berlin                                  → https://crests.football-data.org/28.png
[2026-06-03 14:04:46] WARNING: SIN COINCIDENCIA: Union Saint-Gilloise
[2026-06-03 14:04:46] WARNING: SIN COINCIDENCIA: Universidad de Concepción
[2026-06-03 14:04:46] WARNING: SIN COINCIDENCIA: Universitatea Cluj
[2026-06-03 14:04:46] WARNING: SIN COINCIDENCIA: VVV-Venlo
[2026-06-03 14:04:46] WARNING: SIN COINCIDENCIA: Valencia
[2026-06-03 14:04:46] WARNING: SIN COINCIDENCIA: Vancouver Whitecaps
[2026-06-03 14:04:46] WARNING: SIN COINCIDENCIA: Vasco da Gama
[2026-06-03 14:04:46] WARNING: SIN COINCIDENCIA: Venezia FC
[2026-06-03 14:04:46] WARNING: SIN COINCIDENCIA: Viking
[2026-06-03 14:04:46] WARNING: SIN COINCIDENCIA: Viking FK
[2026-06-03 14:04:46] WARNING: SIN COINCIDENCIA: Viktoria Plzen
[2026-06-03 14:04:46] WARNING: SIN COINCIDENCIA: Viktoria Plzeň
[2026-06-03 14:04:46] WARNING: SIN COINCIDENCIA: Villareal
[2026-06-03 14:04:46] WARNING: SIN COINCIDENCIA: Villarreal
[2026-06-03 14:04:46] WARNING: SIN COINCIDENCIA: Violette AC
[2026-06-03 14:04:46] WARNING: SIN COINCIDENCIA: Vitória
[2026-06-03 14:04:46] WARNING: SIN COINCIDENCIA: Vélez Sarsfield
[2026-06-03 14:04:46] WARNING: SIN COINCIDENCIA: Watford
[2026-06-03 14:04:46] WARNING: SIN COINCIDENCIA: Wellington Phoenix FC
[2026-06-03 14:04:46] INFO: MATCH: Werder Bremen                                 → https://crests.football-data.org/12.png
[2026-06-03 14:04:46] WARNING: SIN COINCIDENCIA: West Ham
[2026-06-03 14:04:46] WARNING: SIN COINCIDENCIA: West Ham United
[2026-06-03 14:04:46] WARNING: SIN COINCIDENCIA: West Ham United/Marsella
[2026-06-03 14:04:46] WARNING: SIN COINCIDENCIA: Western Sydney Wanderers
[2026-06-03 14:04:46] WARNING: SIN COINCIDENCIA: Widzew Lodz
[2026-06-03 14:04:46] WARNING: SIN COINCIDENCIA: Wolfsberger AC
[2026-06-03 14:04:46] INFO: MATCH: Wolfsburg                                     → https://crests.football-data.org/11.png
[2026-06-03 14:04:46] INFO: MATCH: Wolfsburgo                                    → https://crests.football-data.org/11.png
[2026-06-03 14:04:46] WARNING: SIN COINCIDENCIA: Wolverhampton
[2026-06-03 14:04:46] WARNING: SIN COINCIDENCIA: Wrexham
[2026-06-03 14:04:46] WARNING: SIN COINCIDENCIA: Young Boys
[2026-06-03 14:04:46] WARNING: SIN COINCIDENCIA: ZED FC
[2026-06-03 14:04:46] WARNING: SIN COINCIDENCIA: Zamalek
[2026-06-03 14:04:46] WARNING: SIN COINCIDENCIA: Zenit
[2026-06-03 14:04:46] WARNING: SIN COINCIDENCIA: Zhejiang
[2026-06-03 14:04:46] WARNING: SIN COINCIDENCIA: Çaykur Rizespor
[2026-06-03 14:04:46] WARNING: SIN COINCIDENCIA: Étoile du Sahel
[2026-06-03 14:04:46] INFO: Archivo generado exitosamente: C:\Users\Franc\OneDrive\Documentos\ThinkPad\Github\worldcup-app\data\data_frontend\teams.json (23 entradas)
[2026-06-03 14:04:46] INFO: ------------------------------------------------------------
[2026-06-03 14:04:46] INFO: RESUMEN:
[2026-06-03 14:04:46] INFO:   Equipos en lista local : 443
[2026-06-03 14:04:46] INFO:   Matches encontrados    : 23
[2026-06-03 14:04:46] INFO:   Sin coincidencia       : 420
[2026-06-03 14:04:46] INFO: Equipos sin coincidencia en la API:
[2026-06-03 14:04:46] INFO:   - AC Milan
[2026-06-03 14:04:46] INFO:   - AEL Limassol
[2026-06-03 14:04:46] INFO:   - AFC Bournemouth
[2026-06-03 14:04:46] INFO:   - AIK
[2026-06-03 14:04:46] INFO:   - AJ Auxerre
[2026-06-03 14:04:46] INFO:   - AS Monaco
[2026-06-03 14:04:46] INFO:   - AS Nancy-Lorraine
[2026-06-03 14:04:46] INFO:   - AS Roma
[2026-06-03 14:04:46] INFO:   - AS Saint-Étienne
[2026-06-03 14:04:46] INFO:   - Abha Club
[2026-06-03 14:04:46] INFO:   - Academia Puerto Cabello
[2026-06-03 14:04:46] INFO:   - Ajax
[2026-06-03 14:04:46] INFO:   - Akron Tolyatti
[2026-06-03 14:04:46] INFO:   - Al Ahli
[2026-06-03 14:04:46] INFO:   - Al Ahly
[2026-06-03 14:04:46] INFO:   - Al Ain
[2026-06-03 14:04:46] INFO:   - Al Bataeh
[2026-06-03 14:04:46] INFO:   - Al Feiha
[2026-06-03 14:04:46] INFO:   - Al Hilal
[2026-06-03 14:04:46] INFO:   - Al Ittihad
[2026-06-03 14:04:46] INFO:   - Al Jazira
[2026-06-03 14:04:46] INFO:   - Al Nasr
[2026-06-03 14:04:46] INFO:   - Al Nassr
[2026-06-03 14:04:46] INFO:   - Al Sharjah
[2026-06-03 14:04:46] INFO:   - Al Wakrah
[2026-06-03 14:04:46] INFO:   - Al-Ahli
[2026-06-03 14:04:46] INFO:   - Al-Ahli Saudi FC
[2026-06-03 14:04:46] INFO:   - Al-Ain FC
[2026-06-03 14:04:46] INFO:   - Al-Duhail
[2026-06-03 14:04:46] INFO:   - Al-Ettifaq
[2026-06-03 14:04:46] INFO:   - Al-Hilal
[2026-06-03 14:04:46] INFO:   - Al-Hilal SFC
[2026-06-03 14:04:46] INFO:   - Al-Ittihad
[2026-06-03 14:04:46] INFO:   - Alanyaspor
[2026-06-03 14:04:46] INFO:   - Almere City FC
[2026-06-03 14:04:46] INFO:   - América de México
[2026-06-03 14:04:46] INFO:   - Anderlecht
[2026-06-03 14:04:46] INFO:   - Angers SCO
[2026-06-03 14:04:46] INFO:   - Apollon Limassol
[2026-06-03 14:04:46] INFO:   - Aris Limassol
[2026-06-03 14:04:46] INFO:   - Arsenal
[2026-06-03 14:04:46] INFO:   - Astana
[2026-06-03 14:04:46] INFO:   - Aston Villa
[2026-06-03 14:04:46] INFO:   - Atalanta
[2026-06-03 14:04:46] INFO:   - Athletic de Bilbao
[2026-06-03 14:04:46] INFO:   - Atlas
[2026-06-03 14:04:46] INFO:   - Atlético Madrid
[2026-06-03 14:04:46] INFO:   - Atlético Nacional
[2026-06-03 14:04:46] INFO:   - Atlético de Madrid
[2026-06-03 14:04:46] INFO:   - Atromitos
[2026-06-03 14:04:46] INFO:   - Auckland FC
[2026-06-03 14:04:46] INFO:   - Austria Viena
[2026-06-03 14:04:46] INFO:   - Auxerre
[2026-06-03 14:04:46] INFO:   - BSC Young Boys II
[2026-06-03 14:04:46] INFO:   - Barcelona
[2026-06-03 14:04:46] INFO:   - Barnsley
[2026-06-03 14:04:46] INFO:   - Basaksehir
[2026-06-03 14:04:46] INFO:   - Benfica
[2026-06-03 14:04:46] INFO:   - Besiktas
[2026-06-03 14:04:46] INFO:   - Birmingham
[2026-06-03 14:04:46] INFO:   - Bodo Glimt
[2026-06-03 14:04:46] INFO:   - Bologna
[2026-06-03 14:04:46] INFO:   - Botafogo
[2026-06-03 14:04:46] INFO:   - Bournemouth
[2026-06-03 14:04:46] INFO:   - Braga
[2026-06-03 14:04:46] INFO:   - Braintree Town F.C.
[2026-06-03 14:04:46] INFO:   - Brentford
[2026-06-03 14:04:46] INFO:   - Brighton
[2026-06-03 14:04:46] INFO:   - Brondby IF
[2026-06-03 14:04:46] INFO:   - Brujas
[2026-06-03 14:04:46] INFO:   - Brøndby IF
[2026-06-03 14:04:46] INFO:   - Burnley
[2026-06-03 14:04:46] INFO:   - CD Plaza Amador
[2026-06-03 14:04:46] INFO:   - CS Constantine
[2026-06-03 14:04:46] INFO:   - CS Sfaxien
[2026-06-03 14:04:46] INFO:   - Cagliari
[2026-06-03 14:04:46] INFO:   - Casa Pia
[2026-06-03 14:04:46] INFO:   - Castellon
[2026-06-03 14:04:46] INFO:   - Celta de Vigo
[2026-06-03 14:04:46] INFO:   - Celtic
[2026-06-03 14:04:46] INFO:   - Celtic Glasgow
[2026-06-03 14:04:46] INFO:   - Cercle Brugge
[2026-06-03 14:04:46] INFO:   - Charleroi
[2026-06-03 14:04:46] INFO:   - Charlotte FC
[2026-06-03 14:04:46] INFO:   - Charlton Athletic
[2026-06-03 14:04:46] INFO:   - Chaves
[2026-06-03 14:04:46] INFO:   - Chelsea
[2026-06-03 14:04:46] INFO:   - Chicago Fire
[2026-06-03 14:04:46] INFO:   - Cincinatti FC
[2026-06-03 14:04:46] INFO:   - Club Africain
[2026-06-03 14:04:46] INFO:   - Club América
[2026-06-03 14:04:46] INFO:   - Club Deportivo Marathón
[2026-06-03 14:04:46] INFO:   - Club León
[2026-06-03 14:04:46] INFO:   - Cobresal
[2026-06-03 14:04:46] INFO:   - Colorado Springs
[2026-06-03 14:04:46] INFO:   - Columbus Crew
[2026-06-03 14:04:46] INFO:   - Como
[2026-06-03 14:04:46] INFO:   - Copenhagen
[2026-06-03 14:04:46] INFO:   - Copenhague
[2026-06-03 14:04:46] INFO:   - Corinthians
[2026-06-03 14:04:46] INFO:   - Coventry City
[2026-06-03 14:04:46] INFO:   - Cremonese
[2026-06-03 14:04:46] INFO:   - Cruz Azul
[2026-06-03 14:04:46] INFO:   - Crystal Palace
[2026-06-03 14:04:46] INFO:   - Daejeon
[2026-06-03 14:04:46] INFO:   - Deportivo La Guaira
[2026-06-03 14:04:46] INFO:   - Deportivo Saprissa
[2026-06-03 14:04:46] INFO:   - Derby County
[2026-06-03 14:04:46] INFO:   - Desconocido
[2026-06-03 14:04:46] INFO:   - Dinamo Zagreb
[2026-06-03 14:04:46] INFO:   - Dynamo Makhachkala
[2026-06-03 14:04:46] INFO:   - ES Tunis
[2026-06-03 14:04:46] INFO:   - El Gouna
[2026-06-03 14:04:46] INFO:   - El Paso Locomotive FC
[2026-06-03 14:04:46] INFO:   - Elche
[2026-06-03 14:04:46] INFO:   - Espanyol
[2026-06-03 14:04:46] INFO:   - Espérance de Tunis
[2026-06-03 14:04:46] INFO:   - Esteghlal FC
[2026-06-03 14:04:46] INFO:   - Estrasburgo
[2026-06-03 14:04:46] INFO:   - Estrela da Amadora
[2026-06-03 14:04:46] INFO:   - Estrella Roja
[2026-06-03 14:04:46] INFO:   - Estrella Roja de Belgrado
[2026-06-03 14:04:46] INFO:   - Estudiantes de La Plata
[2026-06-03 14:04:46] INFO:   - Everton
[2026-06-03 14:04:46] INFO:   - F. C. Tokyo
[2026-06-03 14:04:46] INFO:   - FC Barcelona
[2026-06-03 14:04:46] INFO:   - FC Barcelona Atlètic
[2026-06-03 14:04:46] INFO:   - FC Cincinnati
[2026-06-03 14:04:46] INFO:   - FC Cosmos Koblenz
[2026-06-03 14:04:46] INFO:   - FC Dallas
[2026-06-03 14:04:46] INFO:   - FC Den Bosch
[2026-06-03 14:04:46] INFO:   - FC Lugano
[2026-06-03 14:04:46] INFO:   - FC Nantes
[2026-06-03 14:04:46] INFO:   - FC Pari Nizhniy Novgorod
[2026-06-03 14:04:46] INFO:   - FC Sochaux
[2026-06-03 14:04:46] INFO:   - FC Tatran Prešov
[2026-06-03 14:04:46] INFO:   - FC Tokio
[2026-06-03 14:04:46] INFO:   - FC Twente
[2026-06-03 14:04:46] INFO:   - FC Vizela
[2026-06-03 14:04:46] INFO:   - FC Volendam
[2026-06-03 14:04:46] INFO:   - FC Zürich
[2026-06-03 14:04:46] INFO:   - Farense
[2026-06-03 14:04:46] INFO:   - Fenerbahce
[2026-06-03 14:04:46] INFO:   - Fenerbahçe
[2026-06-03 14:04:46] INFO:   - Fenerbahçe SK/Betis
[2026-06-03 14:04:46] INFO:   - Ferencváros TC
[2026-06-03 14:04:46] INFO:   - Feyenoord
[2026-06-03 14:04:46] INFO:   - Fiorentina
[2026-06-03 14:04:46] INFO:   - Flamengo
[2026-06-03 14:04:46] INFO:   - Fluminense
[2026-06-03 14:04:46] INFO:   - Friburgo
[2026-06-03 14:04:46] INFO:   - Frosinone
[2026-06-03 14:04:46] INFO:   - Fulham
[2026-06-03 14:04:46] INFO:   - Galatasaray
[2026-06-03 14:04:46] INFO:   - Gangwon
[2026-06-03 14:04:46] INFO:   - Gaziantep
[2026-06-03 14:04:46] INFO:   - Genk
[2026-06-03 14:04:46] INFO:   - Genoa
[2026-06-03 14:04:46] INFO:   - Gençlerbirliği
[2026-06-03 14:04:46] INFO:   - Gil Vicente
[2026-06-03 14:04:46] INFO:   - Girona
[2026-06-03 14:04:46] INFO:   - Granada
[2026-06-03 14:04:46] INFO:   - Gremio
[2026-06-03 14:04:46] INFO:   - Gyor
[2026-06-03 14:04:46] INFO:   - HNK Rijeka
[2026-06-03 14:04:46] INFO:   - Hajduk Split
[2026-06-03 14:04:46] INFO:   - Hamburgo
[2026-06-03 14:04:46] INFO:   - Hapoel Ironi Kiryat Shmona
[2026-06-03 14:04:46] INFO:   - Heart of Midlothian
[2026-06-03 14:04:46] INFO:   - Hellas Verona
[2026-06-03 14:04:46] INFO:   - Hibernian
[2026-06-03 14:04:46] INFO:   - Holstein Kiel
[2026-06-03 14:04:46] INFO:   - Hradec Kralove
[2026-06-03 14:04:46] INFO:   - Hull City
[2026-06-03 14:04:46] INFO:   - IFK Norrköping
[2026-06-03 14:04:46] INFO:   - Igdir FK
[2026-06-03 14:04:46] INFO:   - Igdır FK
[2026-06-03 14:04:46] INFO:   - Independiente
[2026-06-03 14:04:46] INFO:   - Inter
[2026-06-03 14:04:46] INFO:   - Inter Miami
[2026-06-03 14:04:46] INFO:   - Inter Milan
[2026-06-03 14:04:46] INFO:   - Inter de Milan
[2026-06-03 14:04:46] INFO:   - Inter de Milán
[2026-06-03 14:04:46] INFO:   - Internacional de Porto Alegre
[2026-06-03 14:04:46] INFO:   - Ipswich Town
[2026-06-03 14:04:46] INFO:   - JS Kabylie
[2026-06-03 14:04:46] INFO:   - Jagiellonia Bialystok
[2026-06-03 14:04:46] INFO:   - Jeonbuk
[2026-06-03 14:04:46] INFO:   - Juventus
[2026-06-03 14:04:46] INFO:   - Juárez FC
[2026-06-03 14:04:46] INFO:   - KAA Gent
[2026-06-03 14:04:46] INFO:   - KRC Genk
[2026-06-03 14:04:46] INFO:   - Kaizer Chiefs
[2026-06-03 14:04:46] INFO:   - Kashima Antlers
[2026-06-03 14:04:46] INFO:   - Kashima Antrlers
[2026-06-03 14:04:46] INFO:   - Kasımpaşa
[2026-06-03 14:04:46] INFO:   - Kayserispor
[2026-06-03 14:04:46] INFO:   - Kifisia
[2026-06-03 14:04:46] INFO:   - Kilmarnock
[2026-06-03 14:04:46] INFO:   - Konyaspor
[2026-06-03 14:04:46] INFO:   - Krasnodar
[2026-06-03 14:04:46] INFO:   - LAFC
[2026-06-03 14:04:46] INFO:   - LASK
[2026-06-03 14:04:46] INFO:   - LDU Quito
[2026-06-03 14:04:46] INFO:   - Larisa
[2026-06-03 14:04:46] INFO:   - Le Havre
[2026-06-03 14:04:46] INFO:   - Lechia Gdansk
[2026-06-03 14:04:46] INFO:   - Leeds
[2026-06-03 14:04:46] INFO:   - Leeds United
[2026-06-03 14:04:46] INFO:   - Leipzig
[2026-06-03 14:04:46] INFO:   - Lens
[2026-06-03 14:04:46] INFO:   - Lille
[2026-06-03 14:04:46] INFO:   - Liverpool
[2026-06-03 14:04:46] INFO:   - Lorient
[2026-06-03 14:04:46] INFO:   - Ludogorets
[2026-06-03 14:04:46] INFO:   - Maccabi Haifa
[2026-06-03 14:04:46] INFO:   - Maccabi Tel Aviv
[2026-06-03 14:04:46] INFO:   - Mallorca
[2026-06-03 14:04:46] INFO:   - Malmo FF
[2026-06-03 14:04:46] INFO:   - Mamelodi Sundowns
[2026-06-03 14:04:46] INFO:   - Manchester City
[2026-06-03 14:04:46] INFO:   - Manchester United
[2026-06-03 14:04:46] INFO:   - Maribor
[2026-06-03 14:04:46] INFO:   - Marseille
[2026-06-03 14:04:46] INFO:   - Marsella
[2026-06-03 14:04:46] INFO:   - Mazatlán FC
[2026-06-03 14:04:46] INFO:   - Mechelen
[2026-06-03 14:04:46] INFO:   - Miami FC
[2026-06-03 14:04:46] INFO:   - Middlesbrough
[2026-06-03 14:04:46] INFO:   - Midtjylland
[2026-06-03 14:04:46] INFO:   - Milan
[2026-06-03 14:04:46] INFO:   - Millwall
[2026-06-03 14:04:46] INFO:   - Minnesota United
[2026-06-03 14:04:46] INFO:   - Minnesota United FC
[2026-06-03 14:04:46] INFO:   - Mjällby AIF
[2026-06-03 14:04:46] INFO:   - Mlada Boleslav
[2026-06-03 14:04:46] INFO:   - Molde
[2026-06-03 14:04:46] INFO:   - Monaco
[2026-06-03 14:04:46] INFO:   - Monagas
[2026-06-03 14:04:46] INFO:   - Montana 1921
[2026-06-03 14:04:46] INFO:   - Monterrey
[2026-06-03 14:04:46] INFO:   - Montpellier
[2026-06-03 14:04:46] INFO:   - Motherwell F.C.
[2026-06-03 14:04:46] INFO:   - Mónaco
[2026-06-03 14:04:46] INFO:   - N.E.C.
[2026-06-03 14:04:46] INFO:   - NEC Nijmegen
[2026-06-03 14:04:46] INFO:   - NK Maribor
[2026-06-03 14:04:46] INFO:   - NK Slaven Belupo
[2026-06-03 14:04:46] INFO:   - Nacional
[2026-06-03 14:04:46] INFO:   - Napoli
[2026-06-03 14:04:46] INFO:   - New England Revolution
[2026-06-03 14:04:46] INFO:   - New York City FC
[2026-06-03 14:04:46] INFO:   - Newcastle
[2026-06-03 14:04:46] INFO:   - Newcastle Jets FC
[2026-06-03 14:04:46] INFO:   - Newcastle United
[2026-06-03 14:04:46] INFO:   - Nice
[2026-06-03 14:04:46] INFO:   - Niza
[2026-06-03 14:04:46] INFO:   - Noah
[2026-06-03 14:04:46] INFO:   - Norwich City
[2026-06-03 14:04:46] INFO:   - Nottingham Forest
[2026-06-03 14:04:46] INFO:   - Nottingham Forest F.C.
[2026-06-03 14:04:46] INFO:   - OGC Nice
[2026-06-03 14:04:46] INFO:   - Olympiacos FC
[2026-06-03 14:04:46] INFO:   - Olympique de Lyon
[2026-06-03 14:04:46] INFO:   - Olympique de Marseille
[2026-06-03 14:04:46] INFO:   - Olympique de Marsella
[2026-06-03 14:04:46] INFO:   - Omonia Nicosia
[2026-06-03 14:04:46] INFO:   - Orlando City
[2026-06-03 14:04:46] INFO:   - Orlando City SC
[2026-06-03 14:04:46] INFO:   - Orlando Pirates
[2026-06-03 14:04:46] INFO:   - Osasuna
[2026-06-03 14:04:46] INFO:   - Oțelul Galați
[2026-06-03 14:04:46] INFO:   - PEC Zwolle
[2026-06-03 14:04:46] INFO:   - PFC Turan Tovuz
[2026-06-03 14:04:46] INFO:   - PSG
[2026-06-03 14:04:46] INFO:   - PSV
[2026-06-03 14:04:46] INFO:   - PSV Eindhoven
[2026-06-03 14:04:46] INFO:   - Pafos
[2026-06-03 14:04:46] INFO:   - Palmeiras
[2026-06-03 14:04:46] INFO:   - Panathinaikos
[2026-06-03 14:04:46] INFO:   - Paranaense
[2026-06-03 14:04:46] INFO:   - Paris
[2026-06-03 14:04:46] INFO:   - Paris Saint-Germain
[2026-06-03 14:04:46] INFO:   - Parma
[2026-06-03 14:04:46] INFO:   - Peterborough
[2026-06-03 14:04:46] INFO:   - Philadelphia Union
[2026-06-03 14:04:46] INFO:   - Pisa
[2026-06-03 14:04:46] INFO:   - Plaza Amador
[2026-06-03 14:04:46] INFO:   - Polokwane City
[2026-06-03 14:04:46] INFO:   - Port Vale
[2026-06-03 14:04:46] INFO:   - Portland Timbers
[2026-06-03 14:04:46] INFO:   - Porto
[2026-06-03 14:04:46] INFO:   - Pumas
[2026-06-03 14:04:46] INFO:   - Puskás Akadémia
[2026-06-03 14:04:46] INFO:   - Pyramids
[2026-06-03 14:04:46] INFO:   - Pyramids FC
[2026-06-03 14:04:46] INFO:   - RB Leipzig
[2026-06-03 14:04:46] INFO:   - RC Lens
[2026-06-03 14:04:46] INFO:   - RKC
[2026-06-03 14:04:46] INFO:   - RKC Waalwijk
[2026-06-03 14:04:46] INFO:   - RS Berkane
[2026-06-03 14:04:46] INFO:   - Racign de Estrasburgo
[2026-06-03 14:04:46] INFO:   - Racing Genk
[2026-06-03 14:04:46] INFO:   - Racing Lens
[2026-06-03 14:04:46] INFO:   - Racing de Estrasburgo
[2026-06-03 14:04:46] INFO:   - Racing de Santander
[2026-06-03 14:04:46] INFO:   - Raja Casablanca
[2026-06-03 14:04:46] INFO:   - Rangers
[2026-06-03 14:04:46] INFO:   - Rayo Vallecano
[2026-06-03 14:04:46] INFO:   - Real Betis
[2026-06-03 14:04:46] INFO:   - Real Madrid
[2026-06-03 14:04:46] INFO:   - Real Oviedo
[2026-06-03 14:04:46] INFO:   - Real Salt Lake
[2026-06-03 14:04:46] INFO:   - Real Sociedad
[2026-06-03 14:04:46] INFO:   - Red Bull Salzburgo
[2026-06-03 14:04:46] INFO:   - Red Star
[2026-06-03 14:04:46] INFO:   - Rennes
[2026-06-03 14:04:46] INFO:   - River Plate
[2026-06-03 14:04:46] INFO:   - Rizespor
[2026-06-03 14:04:46] INFO:   - Roma
[2026-06-03 14:04:46] INFO:   - Rosario Central
[2026-06-03 14:04:46] INFO:   - Rotherham
[2026-06-03 14:04:46] INFO:   - Royale Union Saint-Gilloise
[2026-06-03 14:04:46] INFO:   - S.S.C. Napoli
[2026-06-03 14:04:46] INFO:   - SC Bastia
[2026-06-03 14:04:46] INFO:   - SJK Seinajoki
[2026-06-03 14:04:46] INFO:   - SK Beveren
[2026-06-03 14:04:46] INFO:   - SV Zulte Waregem
[2026-06-03 14:04:46] INFO:   - Salzburgo
[2026-06-03 14:04:46] INFO:   - Sampdoria
[2026-06-03 14:04:46] INFO:   - Samsunspor
[2026-06-03 14:04:46] INFO:   - San Diego FC
[2026-06-03 14:04:46] INFO:   - Sanfrecce Hiroshima
[2026-06-03 14:04:46] INFO:   - Santos
[2026-06-03 14:04:46] INFO:   - Sassuolo
[2026-06-03 14:04:46] INFO:   - Seattle Sounders
[2026-06-03 14:04:46] INFO:   - Servette
[2026-06-03 14:04:46] INFO:   - Sevilla
[2026-06-03 14:04:46] INFO:   - Shamrock Rovers
[2026-06-03 14:04:46] INFO:   - Sheffield United
[2026-06-03 14:04:46] INFO:   - Sheffield United F.C.
[2026-06-03 14:04:46] INFO:   - Silkeborg IF
[2026-06-03 14:04:46] INFO:   - Sint Truidense
[2026-06-03 14:04:46] INFO:   - Sint-Truidense
[2026-06-03 14:04:46] INFO:   - Slavia Praga
[2026-06-03 14:04:46] INFO:   - Slovan Bratislava
[2026-06-03 14:04:46] INFO:   - Slovan Liberec
[2026-06-03 14:04:46] INFO:   - Smouha SC
[2026-06-03 14:04:46] INFO:   - Sparta Praga
[2026-06-03 14:04:46] INFO:   - Sparta Rotterdam
[2026-06-03 14:04:46] INFO:   - Spartak Moscow
[2026-06-03 14:04:46] INFO:   - Sporting
[2026-06-03 14:04:46] INFO:   - Sporting Braga
[2026-06-03 14:04:46] INFO:   - Sporting CP
[2026-06-03 14:04:46] INFO:   - Sporting Lisboa
[2026-06-03 14:04:46] INFO:   - Sporting de Portugal
[2026-06-03 14:04:46] INFO:   - Stade Nyonnais
[2026-06-03 14:04:46] INFO:   - Stade Rennais
[2026-06-03 14:04:46] INFO:   - Stade de Reims
[2026-06-03 14:04:46] INFO:   - Standard Liege
[2026-06-03 14:04:46] INFO:   - Stoke City
[2026-06-03 14:04:46] INFO:   - Strasbourg
[2026-06-03 14:04:46] INFO:   - Sunderland
[2026-06-03 14:04:46] INFO:   - Sunderland AFC
[2026-06-03 14:04:46] INFO:   - Swansea
[2026-06-03 14:04:46] INFO:   - Swansea City A.F.C.
[2026-06-03 14:04:46] INFO:   - Telstar
[2026-06-03 14:04:46] INFO:   - Terengganu FC
[2026-06-03 14:04:46] INFO:   - Tigres
[2026-06-03 14:04:46] INFO:   - Tigres UANL
[2026-06-03 14:04:46] INFO:   - Tondela
[2026-06-03 14:04:46] INFO:   - Torino
[2026-06-03 14:04:46] INFO:   - Toronto
[2026-06-03 14:04:46] INFO:   - Toronto FC
[2026-06-03 14:04:46] INFO:   - Torreense
[2026-06-03 14:04:46] INFO:   - Tottenham
[2026-06-03 14:04:46] INFO:   - Tottenham Hotspur
[2026-06-03 14:04:46] INFO:   - Toulouse
[2026-06-03 14:04:46] INFO:   - Trabzonspor
[2026-06-03 14:04:46] INFO:   - Twente
[2026-06-03 14:04:46] INFO:   - U. Católica de Ecuador
[2026-06-03 14:04:46] INFO:   - US Monastir
[2026-06-03 14:04:46] INFO:   - US Sassuolo Calcio
[2026-06-03 14:04:46] INFO:   - USM Alger
[2026-06-03 14:04:46] INFO:   - Udinese
[2026-06-03 14:04:46] INFO:   - Ulsan
[2026-06-03 14:04:46] INFO:   - Union Saint-Gilloise
[2026-06-03 14:04:46] INFO:   - Universidad de Concepción
[2026-06-03 14:04:46] INFO:   - Universitatea Cluj
[2026-06-03 14:04:46] INFO:   - VVV-Venlo
[2026-06-03 14:04:46] INFO:   - Valencia
[2026-06-03 14:04:46] INFO:   - Vancouver Whitecaps
[2026-06-03 14:04:46] INFO:   - Vasco da Gama
[2026-06-03 14:04:46] INFO:   - Venezia FC
[2026-06-03 14:04:46] INFO:   - Viking
[2026-06-03 14:04:46] INFO:   - Viking FK
[2026-06-03 14:04:46] INFO:   - Viktoria Plzen
[2026-06-03 14:04:46] INFO:   - Viktoria Plzeň
[2026-06-03 14:04:46] INFO:   - Villareal
[2026-06-03 14:04:46] INFO:   - Villarreal
[2026-06-03 14:04:46] INFO:   - Violette AC
[2026-06-03 14:04:46] INFO:   - Vitória
[2026-06-03 14:04:46] INFO:   - Vélez Sarsfield
[2026-06-03 14:04:46] INFO:   - Watford
[2026-06-03 14:04:46] INFO:   - Wellington Phoenix FC
[2026-06-03 14:04:46] INFO:   - West Ham
[2026-06-03 14:04:46] INFO:   - West Ham United
[2026-06-03 14:04:46] INFO:   - West Ham United/Marsella
[2026-06-03 14:04:46] INFO:   - Western Sydney Wanderers
[2026-06-03 14:04:46] INFO:   - Widzew Lodz
[2026-06-03 14:04:46] INFO:   - Wolfsberger AC
[2026-06-03 14:04:46] INFO:   - Wolverhampton
[2026-06-03 14:04:46] INFO:   - Wrexham
[2026-06-03 14:04:46] INFO:   - Young Boys
[2026-06-03 14:04:46] INFO:   - ZED FC
[2026-06-03 14:04:46] INFO:   - Zamalek
[2026-06-03 14:04:46] INFO:   - Zenit
[2026-06-03 14:04:46] INFO:   - Zhejiang
[2026-06-03 14:04:46] INFO:   - Çaykur Rizespor
[2026-06-03 14:04:46] INFO:   - Étoile du Sahel
[2026-06-03 14:04:46] INFO: ============================================================
[2026-06-03 14:04:46] INFO: Script finalizado.
[2026-06-03 14:08:46] INFO: ============================================================
[2026-06-03 14:08:46] INFO: Inicio de fetch_footballdata_crests.py
[2026-06-03 14:08:46] INFO: ============================================================
[2026-06-03 14:08:46] INFO: Cargados 443 equipos desde convocados_equipos.json
[2026-06-03 14:08:49] ERROR: Error al obtener competiciones: 400 Client Error:  for url: https://api.football-data.org/v4/competitions
[2026-06-03 14:09:23] INFO: ============================================================
[2026-06-03 14:09:23] INFO: Inicio de fetch_footballdata_crests.py
[2026-06-03 14:09:23] INFO: ============================================================
[2026-06-03 14:09:23] INFO: Cargados 443 equipos desde convocados_equipos.json
[2026-06-03 14:09:27] INFO: Obtenidos 20 equipos de la competición Campeonato Brasileiro Série A.
[2026-06-03 14:09:30] INFO: Obtenidos 24 equipos de la competición Championship.
[2026-06-03 14:09:33] INFO: Obtenidos 20 equipos de la competición Premier League.
[2026-06-03 14:09:36] INFO: Obtenidos 36 equipos de la competición UEFA Champions League.
[2026-06-03 14:09:39] INFO: Obtenidos 24 equipos de la competición European Championship.
[2026-06-03 14:09:42] INFO: Obtenidos 18 equipos de la competición Ligue 1.
[2026-06-03 14:09:45] INFO: Obtenidos 18 equipos de la competición Bundesliga.
[2026-06-03 14:09:47] INFO: Obtenidos 20 equipos de la competición Serie A.
[2026-06-03 14:09:50] INFO: Obtenidos 18 equipos de la competición Eredivisie.
[2026-06-03 14:09:53] INFO: Obtenidos 18 equipos de la competición Primeira Liga.
[2026-06-03 14:09:56] WARNING: No se pudieron obtener equipos para la competición Copa Libertadores (ID 2152): 429 Client Error:  for url: https://api.football-data.org/v4/competitions/2152/teams
[2026-06-03 14:09:58] WARNING: No se pudieron obtener equipos para la competición Primera Division (ID 2014): 429 Client Error:  for url: https://api.football-data.org/v4/competitions/2014/teams
[2026-06-03 14:09:59] WARNING: No se pudieron obtener equipos para la competición FIFA World Cup (ID 2000): 429 Client Error:  for url: https://api.football-data.org/v4/competitions/2000/teams
[2026-06-03 14:09:59] INFO: Total equipos recopilados: 216
[2026-06-03 14:09:59] INFO: MATCH: AC Milan                                      → https://crests.football-data.org/98.png
[2026-06-03 14:09:59] WARNING: SIN COINCIDENCIA: AEL Limassol
[2026-06-03 14:09:59] INFO: MATCH: AFC Bournemouth                               → https://crests.football-data.org/bournemouth.png
[2026-06-03 14:09:59] WARNING: SIN COINCIDENCIA: AIK
[2026-06-03 14:09:59] INFO: MATCH: AJ Auxerre                                    → https://crests.football-data.org/519.png
[2026-06-03 14:10:00] INFO: MATCH: AS Monaco                                     → https://crests.football-data.org/548.png
[2026-06-03 14:10:00] WARNING: SIN COINCIDENCIA: AS Nancy-Lorraine
[2026-06-03 14:10:00] INFO: MATCH: AS Roma                                       → https://crests.football-data.org/100.png
[2026-06-03 14:10:00] WARNING: SIN COINCIDENCIA: AS Saint-Étienne
[2026-06-03 14:10:00] WARNING: SIN COINCIDENCIA: Abha Club
[2026-06-03 14:10:00] WARNING: SIN COINCIDENCIA: Academia Puerto Cabello
[2026-06-03 14:10:00] INFO: MATCH: Ajax                                          → https://crests.football-data.org/678.png
[2026-06-03 14:10:00] WARNING: SIN COINCIDENCIA: Akron Tolyatti
[2026-06-03 14:10:00] WARNING: SIN COINCIDENCIA: Al Ahli
[2026-06-03 14:10:00] WARNING: SIN COINCIDENCIA: Al Ahly
[2026-06-03 14:10:00] WARNING: SIN COINCIDENCIA: Al Ain
[2026-06-03 14:10:00] WARNING: SIN COINCIDENCIA: Al Bataeh
[2026-06-03 14:10:00] WARNING: SIN COINCIDENCIA: Al Feiha
[2026-06-03 14:10:00] WARNING: SIN COINCIDENCIA: Al Hilal
[2026-06-03 14:10:00] WARNING: SIN COINCIDENCIA: Al Ittihad
[2026-06-03 14:10:00] INFO: MATCH: Al Jazira                                     → https://crests.football-data.org/682.png
[2026-06-03 14:10:00] WARNING: SIN COINCIDENCIA: Al Nasr
[2026-06-03 14:10:00] WARNING: SIN COINCIDENCIA: Al Nassr
[2026-06-03 14:10:00] WARNING: SIN COINCIDENCIA: Al Sharjah
[2026-06-03 14:10:00] WARNING: SIN COINCIDENCIA: Al Wakrah
[2026-06-03 14:10:00] WARNING: SIN COINCIDENCIA: Al-Ahli
[2026-06-03 14:10:00] WARNING: SIN COINCIDENCIA: Al-Ahli Saudi FC
[2026-06-03 14:10:00] WARNING: SIN COINCIDENCIA: Al-Ain FC
[2026-06-03 14:10:00] WARNING: SIN COINCIDENCIA: Al-Duhail
[2026-06-03 14:10:00] WARNING: SIN COINCIDENCIA: Al-Ettifaq
[2026-06-03 14:10:00] WARNING: SIN COINCIDENCIA: Al-Hilal
[2026-06-03 14:10:00] WARNING: SIN COINCIDENCIA: Al-Hilal SFC
[2026-06-03 14:10:00] WARNING: SIN COINCIDENCIA: Al-Ittihad
[2026-06-03 14:10:00] WARNING: SIN COINCIDENCIA: Alanyaspor
[2026-06-03 14:10:00] WARNING: SIN COINCIDENCIA: Almere City FC
[2026-06-03 14:10:00] WARNING: SIN COINCIDENCIA: América de México
[2026-06-03 14:10:00] WARNING: SIN COINCIDENCIA: Anderlecht
[2026-06-03 14:10:00] INFO: MATCH: Angers SCO                                    → https://crests.football-data.org/532.png
[2026-06-03 14:10:00] WARNING: SIN COINCIDENCIA: Apollon Limassol
[2026-06-03 14:10:00] WARNING: SIN COINCIDENCIA: Aris Limassol
[2026-06-03 14:10:00] INFO: MATCH: Arsenal                                       → https://crests.football-data.org/57.png
[2026-06-03 14:10:00] WARNING: SIN COINCIDENCIA: Astana
[2026-06-03 14:10:00] INFO: MATCH: Aston Villa                                   → https://crests.football-data.org/58.png
[2026-06-03 14:10:00] INFO: MATCH: Atalanta                                      → https://crests.football-data.org/102.png
[2026-06-03 14:10:00] INFO: MATCH: Athletic de Bilbao                            → https://crests.football-data.org/77.png
[2026-06-03 14:10:00] WARNING: SIN COINCIDENCIA: Atlas
[2026-06-03 14:10:00] INFO: MATCH: Atlético Madrid                               → https://crests.football-data.org/78.png
[2026-06-03 14:10:00] INFO: MATCH: Atlético Nacional                             → https://crests.football-data.org/78.png
[2026-06-03 14:10:00] INFO: MATCH: Atlético de Madrid                            → https://crests.football-data.org/78.png
[2026-06-03 14:10:00] WARNING: SIN COINCIDENCIA: Atromitos
[2026-06-03 14:10:00] WARNING: SIN COINCIDENCIA: Auckland FC
[2026-06-03 14:10:00] INFO: MATCH: Augsburgo                                     → https://crests.football-data.org/16.png
[2026-06-03 14:10:00] INFO: MATCH: Austria Viena                                 → https://crests.football-data.org/816.svg
[2026-06-03 14:10:00] INFO: MATCH: Auxerre                                       → https://crests.football-data.org/519.png
[2026-06-03 14:10:00] WARNING: SIN COINCIDENCIA: BSC Young Boys II
[2026-06-03 14:10:00] INFO: MATCH: Barcelona                                     → https://crests.football-data.org/81.png
[2026-06-03 14:10:00] WARNING: SIN COINCIDENCIA: Barnsley
[2026-06-03 14:10:00] WARNING: SIN COINCIDENCIA: Basaksehir
[2026-06-03 14:10:00] INFO: MATCH: Bayer Leverkusen                              → https://crests.football-data.org/3.png
[2026-06-03 14:10:00] INFO: MATCH: Bayern Munich                                 → https://crests.football-data.org/5.png
[2026-06-03 14:10:00] INFO: MATCH: Bayern Múnich                                 → https://crests.football-data.org/5.png
[2026-06-03 14:10:00] INFO: MATCH: Benfica                                       → https://crests.football-data.org/1903.png
[2026-06-03 14:10:00] WARNING: SIN COINCIDENCIA: Besiktas
[2026-06-03 14:10:00] INFO: MATCH: Birmingham                                    → https://crests.football-data.org/332.png
[2026-06-03 14:10:00] WARNING: SIN COINCIDENCIA: Bodo Glimt
[2026-06-03 14:10:00] INFO: MATCH: Bologna                                       → https://crests.football-data.org/103.png
[2026-06-03 14:10:00] INFO: MATCH: Borussia Dortmund                             → https://crests.football-data.org/4.png
[2026-06-03 14:10:00] INFO: MATCH: Borussia Mönchengladbach                      → https://crests.football-data.org/18.png
[2026-06-03 14:10:00] INFO: MATCH: Botafogo                                      → https://crests.football-data.org/1770.png
[2026-06-03 14:10:00] INFO: MATCH: Bournemouth                                   → https://crests.football-data.org/bournemouth.png
[2026-06-03 14:10:00] INFO: MATCH: Braga                                         → https://crests.football-data.org/4286.png
[2026-06-03 14:10:00] WARNING: SIN COINCIDENCIA: Braintree Town F.C.
[2026-06-03 14:10:00] INFO: MATCH: Brentford                                     → https://crests.football-data.org/402.png
[2026-06-03 14:10:00] INFO: MATCH: Brighton                                      → https://crests.football-data.org/397.png
[2026-06-03 14:10:00] WARNING: SIN COINCIDENCIA: Brondby IF
[2026-06-03 14:10:00] WARNING: SIN COINCIDENCIA: Brujas
[2026-06-03 14:10:00] WARNING: SIN COINCIDENCIA: Brøndby IF
[2026-06-03 14:10:00] INFO: MATCH: Burnley                                       → https://crests.football-data.org/328.png
[2026-06-03 14:10:00] INFO: MATCH: CD Plaza Amador                               → https://crests.football-data.org/682.png
[2026-06-03 14:10:00] WARNING: SIN COINCIDENCIA: CS Constantine
[2026-06-03 14:10:00] WARNING: SIN COINCIDENCIA: CS Sfaxien
[2026-06-03 14:10:00] INFO: MATCH: Cagliari                                      → https://crests.football-data.org/104.png
[2026-06-03 14:10:00] INFO: MATCH: Casa Pia                                      → https://crests.football-data.org/6618.png
[2026-06-03 14:10:00] WARNING: SIN COINCIDENCIA: Castellon
[2026-06-03 14:10:00] WARNING: SIN COINCIDENCIA: Celta de Vigo
[2026-06-03 14:10:00] WARNING: SIN COINCIDENCIA: Celtic
[2026-06-03 14:10:00] WARNING: SIN COINCIDENCIA: Celtic Glasgow
[2026-06-03 14:10:00] WARNING: SIN COINCIDENCIA: Cercle Brugge
[2026-06-03 14:10:00] WARNING: SIN COINCIDENCIA: Charleroi
[2026-06-03 14:10:00] WARNING: SIN COINCIDENCIA: Charlotte FC
[2026-06-03 14:10:00] INFO: MATCH: Charlton Athletic                             → https://crests.football-data.org/348.png
[2026-06-03 14:10:00] WARNING: SIN COINCIDENCIA: Chaves
[2026-06-03 14:10:00] INFO: MATCH: Chelsea                                       → https://crests.football-data.org/61.png
[2026-06-03 14:10:00] WARNING: SIN COINCIDENCIA: Chicago Fire
[2026-06-03 14:10:00] WARNING: SIN COINCIDENCIA: Cincinatti FC
[2026-06-03 14:10:00] WARNING: SIN COINCIDENCIA: Club Africain
[2026-06-03 14:10:00] WARNING: SIN COINCIDENCIA: Club América
[2026-06-03 14:10:00] WARNING: SIN COINCIDENCIA: Club Deportivo Marathón
[2026-06-03 14:10:00] WARNING: SIN COINCIDENCIA: Club León
[2026-06-03 14:10:00] WARNING: SIN COINCIDENCIA: Cobresal
[2026-06-03 14:10:00] WARNING: SIN COINCIDENCIA: Colorado Springs
[2026-06-03 14:10:00] WARNING: SIN COINCIDENCIA: Columbus Crew
[2026-06-03 14:10:00] INFO: MATCH: Como                                          → https://crests.football-data.org/7397.png
[2026-06-03 14:10:00] WARNING: SIN COINCIDENCIA: Copenhagen
[2026-06-03 14:10:00] WARNING: SIN COINCIDENCIA: Copenhague
[2026-06-03 14:10:00] INFO: MATCH: Corinthians                                   → https://crests.football-data.org/1779.png
[2026-06-03 14:10:00] INFO: MATCH: Coventry City                                 → https://crests.football-data.org/1076.png
[2026-06-03 14:10:00] INFO: MATCH: Cremonese                                     → https://crests.football-data.org/457.png
[2026-06-03 14:10:00] INFO: MATCH: Cruz Azul                                     → https://crests.football-data.org/682.png
[2026-06-03 14:10:00] INFO: MATCH: Crystal Palace                                → https://crests.football-data.org/354.png
[2026-06-03 14:10:00] WARNING: SIN COINCIDENCIA: Daejeon
[2026-06-03 14:10:00] WARNING: SIN COINCIDENCIA: Deportivo La Guaira
[2026-06-03 14:10:00] WARNING: SIN COINCIDENCIA: Deportivo Saprissa
[2026-06-03 14:10:00] INFO: MATCH: Derby County                                  → https://crests.football-data.org/342.png
[2026-06-03 14:10:00] WARNING: SIN COINCIDENCIA: Desconocido
[2026-06-03 14:10:00] WARNING: SIN COINCIDENCIA: Dinamo Zagreb
[2026-06-03 14:10:00] WARNING: SIN COINCIDENCIA: Dynamo Makhachkala
[2026-06-03 14:10:00] WARNING: SIN COINCIDENCIA: ES Tunis
[2026-06-03 14:10:00] INFO: MATCH: Eintracht Frankfurt                           → https://crests.football-data.org/19.png
[2026-06-03 14:10:00] WARNING: SIN COINCIDENCIA: El Gouna
[2026-06-03 14:10:00] WARNING: SIN COINCIDENCIA: El Paso Locomotive FC
[2026-06-03 14:10:00] WARNING: SIN COINCIDENCIA: Elche
[2026-06-03 14:10:00] WARNING: SIN COINCIDENCIA: Espanyol
[2026-06-03 14:10:00] WARNING: SIN COINCIDENCIA: Espérance de Tunis
[2026-06-03 14:10:00] WARNING: SIN COINCIDENCIA: Esteghlal FC
[2026-06-03 14:10:00] WARNING: SIN COINCIDENCIA: Estrasburgo
[2026-06-03 14:10:00] INFO: MATCH: Estrela da Amadora                            → https://crests.football-data.org/9136.png
[2026-06-03 14:10:00] WARNING: SIN COINCIDENCIA: Estrella Roja
[2026-06-03 14:10:00] WARNING: SIN COINCIDENCIA: Estrella Roja de Belgrado
[2026-06-03 14:10:00] WARNING: SIN COINCIDENCIA: Estudiantes de La Plata
[2026-06-03 14:10:00] INFO: MATCH: Everton                                       → https://crests.football-data.org/62.png
[2026-06-03 14:10:00] WARNING: SIN COINCIDENCIA: F. C. Tokyo
[2026-06-03 14:10:00] INFO: MATCH: FC Augsburg                                   → https://crests.football-data.org/16.png
[2026-06-03 14:10:00] INFO: MATCH: FC Barcelona                                  → https://crests.football-data.org/81.png
[2026-06-03 14:10:00] INFO: MATCH: FC Barcelona Atlètic                          → https://crests.football-data.org/78.png
[2026-06-03 14:10:00] WARNING: SIN COINCIDENCIA: FC Cincinnati
[2026-06-03 14:10:00] WARNING: SIN COINCIDENCIA: FC Cosmos Koblenz
[2026-06-03 14:10:00] WARNING: SIN COINCIDENCIA: FC Dallas
[2026-06-03 14:10:00] WARNING: SIN COINCIDENCIA: FC Den Bosch
[2026-06-03 14:10:00] WARNING: SIN COINCIDENCIA: FC Lugano
[2026-06-03 14:10:00] INFO: MATCH: FC Nantes                                     → https://crests.football-data.org/543.png
[2026-06-03 14:10:00] WARNING: SIN COINCIDENCIA: FC Pari Nizhniy Novgorod
[2026-06-03 14:10:00] WARNING: SIN COINCIDENCIA: FC Sochaux
[2026-06-03 14:10:00] INFO: MATCH: FC St. Pauli                                  → https://crests.football-data.org/20.png
[2026-06-03 14:10:00] WARNING: SIN COINCIDENCIA: FC Tatran Prešov
[2026-06-03 14:10:00] WARNING: SIN COINCIDENCIA: FC Tokio
[2026-06-03 14:10:00] INFO: MATCH: FC Twente                                     → https://crests.football-data.org/666.png
[2026-06-03 14:10:00] WARNING: SIN COINCIDENCIA: FC Vizela
[2026-06-03 14:10:00] INFO: MATCH: FC Volendam                                   → https://crests.football-data.org/1919.png
[2026-06-03 14:10:00] WARNING: SIN COINCIDENCIA: FC Zürich
[2026-06-03 14:10:00] WARNING: SIN COINCIDENCIA: Farense
[2026-06-03 14:10:00] WARNING: SIN COINCIDENCIA: Fenerbahce
[2026-06-03 14:10:00] WARNING: SIN COINCIDENCIA: Fenerbahçe
[2026-06-03 14:10:00] WARNING: SIN COINCIDENCIA: Fenerbahçe SK/Betis
[2026-06-03 14:10:00] WARNING: SIN COINCIDENCIA: Ferencváros TC
[2026-06-03 14:10:00] INFO: MATCH: Feyenoord                                     → https://crests.football-data.org/675.png
[2026-06-03 14:10:00] INFO: MATCH: Fiorentina                                    → https://crests.football-data.org/99.png
[2026-06-03 14:10:00] INFO: MATCH: Flamengo                                      → https://crests.football-data.org/1783.png
[2026-06-03 14:10:00] INFO: MATCH: Fluminense                                    → https://crests.football-data.org/1765.png
[2026-06-03 14:10:00] WARNING: SIN COINCIDENCIA: Fortuna Dusseldorf
[2026-06-03 14:10:00] WARNING: SIN COINCIDENCIA: Friburgo
[2026-06-03 14:10:00] WARNING: SIN COINCIDENCIA: Frosinone
[2026-06-03 14:10:00] INFO: MATCH: Fulham                                        → https://crests.football-data.org/63.png
[2026-06-03 14:10:00] INFO: MATCH: Galatasaray                                   → https://crests.football-data.org/610.png
[2026-06-03 14:10:00] WARNING: SIN COINCIDENCIA: Gangwon
[2026-06-03 14:10:00] INFO: MATCH: Gaziantep                                     → https://crests.football-data.org/682.png
[2026-06-03 14:10:00] WARNING: SIN COINCIDENCIA: Genk
[2026-06-03 14:10:00] INFO: MATCH: Genoa                                         → https://crests.football-data.org/107.png
[2026-06-03 14:10:00] WARNING: SIN COINCIDENCIA: Gençlerbirliği
[2026-06-03 14:10:00] INFO: MATCH: Gil Vicente                                   → https://crests.football-data.org/5533.png
[2026-06-03 14:10:00] WARNING: SIN COINCIDENCIA: Girona
[2026-06-03 14:10:00] WARNING: SIN COINCIDENCIA: Granada
[2026-06-03 14:10:00] INFO: MATCH: Gremio                                        → https://crests.football-data.org/1767.png
[2026-06-03 14:10:00] WARNING: SIN COINCIDENCIA: Gyor
[2026-06-03 14:10:00] WARNING: SIN COINCIDENCIA: HNK Rijeka
[2026-06-03 14:10:00] WARNING: SIN COINCIDENCIA: Hajduk Split
[2026-06-03 14:10:00] INFO: MATCH: Hamburger SV                                  → https://crests.football-data.org/7.png
[2026-06-03 14:10:00] WARNING: SIN COINCIDENCIA: Hamburgo
[2026-06-03 14:10:00] WARNING: SIN COINCIDENCIA: Hannover 96
[2026-06-03 14:10:00] WARNING: SIN COINCIDENCIA: Hapoel Ironi Kiryat Shmona
[2026-06-03 14:10:00] WARNING: SIN COINCIDENCIA: Heart of Midlothian
[2026-06-03 14:10:00] INFO: MATCH: Hellas Verona                                 → https://crests.football-data.org/450.png
[2026-06-03 14:10:00] WARNING: SIN COINCIDENCIA: Hibernian
[2026-06-03 14:10:00] INFO: MATCH: Hoffenheim                                    → https://crests.football-data.org/2.png
[2026-06-03 14:10:00] WARNING: SIN COINCIDENCIA: Holstein Kiel
[2026-06-03 14:10:00] WARNING: SIN COINCIDENCIA: Hradec Kralove
[2026-06-03 14:10:00] INFO: MATCH: Hull City                                     → https://crests.football-data.org/322.png
[2026-06-03 14:10:00] WARNING: SIN COINCIDENCIA: IFK Norrköping
[2026-06-03 14:10:00] WARNING: SIN COINCIDENCIA: Igdir FK
[2026-06-03 14:10:00] WARNING: SIN COINCIDENCIA: Igdır FK
[2026-06-03 14:10:00] WARNING: SIN COINCIDENCIA: Independiente
[2026-06-03 14:10:00] INFO: MATCH: Inter                                         → https://crests.football-data.org/6684.png
[2026-06-03 14:10:00] INFO: MATCH: Inter Miami                                   → https://crests.football-data.org/108.png
[2026-06-03 14:10:00] INFO: MATCH: Inter Milan                                   → https://crests.football-data.org/108.png
[2026-06-03 14:10:00] INFO: MATCH: Inter de Milan                                → https://crests.football-data.org/108.png
[2026-06-03 14:10:00] INFO: MATCH: Inter de Milán                                → https://crests.football-data.org/108.png
[2026-06-03 14:10:00] INFO: MATCH: Internacional de Porto Alegre                 → https://crests.football-data.org/6684.png
[2026-06-03 14:10:00] INFO: MATCH: Ipswich Town                                  → https://crests.football-data.org/349.png
[2026-06-03 14:10:00] WARNING: SIN COINCIDENCIA: JS Kabylie
[2026-06-03 14:10:00] WARNING: SIN COINCIDENCIA: Jagiellonia Bialystok
[2026-06-03 14:10:00] WARNING: SIN COINCIDENCIA: Jeonbuk
[2026-06-03 14:10:00] INFO: MATCH: Juventus                                      → https://crests.football-data.org/109.png
[2026-06-03 14:10:00] WARNING: SIN COINCIDENCIA: Juárez FC
[2026-06-03 14:10:00] WARNING: SIN COINCIDENCIA: KAA Gent
[2026-06-03 14:10:00] WARNING: SIN COINCIDENCIA: KRC Genk
[2026-06-03 14:10:00] WARNING: SIN COINCIDENCIA: Kaizer Chiefs
[2026-06-03 14:10:00] WARNING: SIN COINCIDENCIA: Karlsruher
[2026-06-03 14:10:00] WARNING: SIN COINCIDENCIA: Kashima Antlers
[2026-06-03 14:10:00] WARNING: SIN COINCIDENCIA: Kashima Antrlers
[2026-06-03 14:10:00] WARNING: SIN COINCIDENCIA: Kasımpaşa
[2026-06-03 14:10:00] WARNING: SIN COINCIDENCIA: Kayserispor
[2026-06-03 14:10:00] WARNING: SIN COINCIDENCIA: Kifisia
[2026-06-03 14:10:00] WARNING: SIN COINCIDENCIA: Kilmarnock
[2026-06-03 14:10:00] WARNING: SIN COINCIDENCIA: Konyaspor
[2026-06-03 14:10:00] WARNING: SIN COINCIDENCIA: Krasnodar
[2026-06-03 14:10:00] WARNING: SIN COINCIDENCIA: LAFC
[2026-06-03 14:10:00] WARNING: SIN COINCIDENCIA: LASK
[2026-06-03 14:10:00] WARNING: SIN COINCIDENCIA: LDU Quito
[2026-06-03 14:10:00] WARNING: SIN COINCIDENCIA: Larisa
[2026-06-03 14:10:00] INFO: MATCH: Le Havre                                      → https://crests.football-data.org/533.png
[2026-06-03 14:10:00] WARNING: SIN COINCIDENCIA: Lechia Gdansk
[2026-06-03 14:10:00] INFO: MATCH: Leeds                                         → https://crests.football-data.org/341.png
[2026-06-03 14:10:00] INFO: MATCH: Leeds United                                  → https://crests.football-data.org/341.png
[2026-06-03 14:10:00] INFO: MATCH: Leipzig                                       → https://crests.football-data.org/721.png
[2026-06-03 14:10:00] INFO: MATCH: Lens                                          → https://crests.football-data.org/546.png
[2026-06-03 14:10:00] INFO: MATCH: Lille                                         → https://crests.football-data.org/521.png
[2026-06-03 14:10:00] INFO: MATCH: Liverpool                                     → https://crests.football-data.org/64.png
[2026-06-03 14:10:00] INFO: MATCH: Lorient                                       → https://crests.football-data.org/525.png
[2026-06-03 14:10:00] WARNING: SIN COINCIDENCIA: Ludogorets
[2026-06-03 14:10:00] WARNING: SIN COINCIDENCIA: Maccabi Haifa
[2026-06-03 14:10:00] WARNING: SIN COINCIDENCIA: Maccabi Tel Aviv
[2026-06-03 14:10:00] INFO: MATCH: Mainz                                         → https://crests.football-data.org/15.png
[2026-06-03 14:10:00] INFO: MATCH: Mainz 05                                      → https://crests.football-data.org/15.png
[2026-06-03 14:10:00] WARNING: SIN COINCIDENCIA: Mallorca
[2026-06-03 14:10:00] WARNING: SIN COINCIDENCIA: Malmo FF
[2026-06-03 14:10:00] WARNING: SIN COINCIDENCIA: Mamelodi Sundowns
[2026-06-03 14:10:00] INFO: MATCH: Manchester City                               → https://crests.football-data.org/65.png
[2026-06-03 14:10:00] INFO: MATCH: Manchester United                             → https://crests.football-data.org/66.png
[2026-06-03 14:10:00] WARNING: SIN COINCIDENCIA: Maribor
[2026-06-03 14:10:00] INFO: MATCH: Marseille                                     → https://crests.football-data.org/516.png
[2026-06-03 14:10:00] WARNING: SIN COINCIDENCIA: Marsella
[2026-06-03 14:10:00] INFO: MATCH: Mazatlán FC                                   → https://crests.football-data.org/682.png
[2026-06-03 14:10:00] WARNING: SIN COINCIDENCIA: Mechelen
[2026-06-03 14:10:00] WARNING: SIN COINCIDENCIA: Miami FC
[2026-06-03 14:10:00] INFO: MATCH: Middlesbrough                                 → https://crests.football-data.org/343.png
[2026-06-03 14:10:00] WARNING: SIN COINCIDENCIA: Midtjylland
[2026-06-03 14:10:00] INFO: MATCH: Milan                                         → https://crests.football-data.org/108.png
[2026-06-03 14:10:00] INFO: MATCH: Millwall                                      → https://crests.football-data.org/384.png
[2026-06-03 14:10:00] WARNING: SIN COINCIDENCIA: Minnesota United
[2026-06-03 14:10:00] WARNING: SIN COINCIDENCIA: Minnesota United FC
[2026-06-03 14:10:00] WARNING: SIN COINCIDENCIA: Mjällby AIF
[2026-06-03 14:10:00] WARNING: SIN COINCIDENCIA: Mlada Boleslav
[2026-06-03 14:10:00] WARNING: SIN COINCIDENCIA: Molde
[2026-06-03 14:10:00] INFO: MATCH: Monaco                                        → https://crests.football-data.org/548.png
[2026-06-03 14:10:00] WARNING: SIN COINCIDENCIA: Monagas
[2026-06-03 14:10:00] WARNING: SIN COINCIDENCIA: Montana 1921
[2026-06-03 14:10:00] WARNING: SIN COINCIDENCIA: Monterrey
[2026-06-03 14:10:00] WARNING: SIN COINCIDENCIA: Montpellier
[2026-06-03 14:10:00] WARNING: SIN COINCIDENCIA: Motherwell F.C.
[2026-06-03 14:10:00] INFO: MATCH: Mónaco                                        → https://crests.football-data.org/548.png
[2026-06-03 14:10:00] WARNING: SIN COINCIDENCIA: N.E.C.
[2026-06-03 14:10:00] INFO: MATCH: NEC Nijmegen                                  → https://crests.football-data.org/1915.png
[2026-06-03 14:10:00] WARNING: SIN COINCIDENCIA: NK Maribor
[2026-06-03 14:10:00] WARNING: SIN COINCIDENCIA: NK Slaven Belupo
[2026-06-03 14:10:00] INFO: MATCH: Nacional                                      → https://crests.football-data.org/6684.png
[2026-06-03 14:10:00] INFO: MATCH: Napoli                                        → https://crests.football-data.org/113.png
[2026-06-03 14:10:00] INFO: MATCH: New England Revolution                        → https://crests.football-data.org/770.svg
[2026-06-03 14:10:00] WARNING: SIN COINCIDENCIA: New York City FC
[2026-06-03 14:10:00] INFO: MATCH: Newcastle                                     → https://crests.football-data.org/67.png
[2026-06-03 14:10:00] INFO: MATCH: Newcastle Jets FC                             → https://crests.football-data.org/67.png
[2026-06-03 14:10:00] INFO: MATCH: Newcastle United                              → https://crests.football-data.org/67.png
[2026-06-03 14:10:00] INFO: MATCH: Nice                                          → https://crests.football-data.org/522.png
[2026-06-03 14:10:00] WARNING: SIN COINCIDENCIA: Niza
[2026-06-03 14:10:00] WARNING: SIN COINCIDENCIA: Noah
[2026-06-03 14:10:00] INFO: MATCH: Norwich City                                  → https://crests.football-data.org/68.png
[2026-06-03 14:10:00] INFO: MATCH: Nottingham Forest                             → https://crests.football-data.org/351.png
[2026-06-03 14:10:00] INFO: MATCH: Nottingham Forest F.C.                        → https://crests.football-data.org/351.png
[2026-06-03 14:10:00] INFO: MATCH: OGC Nice                                      → https://crests.football-data.org/522.png
[2026-06-03 14:10:00] WARNING: SIN COINCIDENCIA: Olympiacos FC
[2026-06-03 14:10:00] WARNING: SIN COINCIDENCIA: Olympique de Lyon
[2026-06-03 14:10:00] INFO: MATCH: Olympique de Marseille                        → https://crests.football-data.org/516.png
[2026-06-03 14:10:00] WARNING: SIN COINCIDENCIA: Olympique de Marsella
[2026-06-03 14:10:00] WARNING: SIN COINCIDENCIA: Omonia Nicosia
[2026-06-03 14:10:00] WARNING: SIN COINCIDENCIA: Orlando City
[2026-06-03 14:10:00] WARNING: SIN COINCIDENCIA: Orlando City SC
[2026-06-03 14:10:00] WARNING: SIN COINCIDENCIA: Orlando Pirates
[2026-06-03 14:10:00] WARNING: SIN COINCIDENCIA: Osasuna
[2026-06-03 14:10:00] WARNING: SIN COINCIDENCIA: Oțelul Galați
[2026-06-03 14:10:00] INFO: MATCH: PEC Zwolle                                    → https://crests.football-data.org/684.png
[2026-06-03 14:10:00] WARNING: SIN COINCIDENCIA: PFC Turan Tovuz
[2026-06-03 14:10:00] INFO: MATCH: PSG                                           → https://crests.football-data.org/524.png
[2026-06-03 14:10:00] INFO: MATCH: PSV                                           → https://crests.football-data.org/674.png
[2026-06-03 14:10:00] INFO: MATCH: PSV Eindhoven                                 → https://crests.football-data.org/674.png
[2026-06-03 14:10:00] WARNING: SIN COINCIDENCIA: Pafos
[2026-06-03 14:10:00] INFO: MATCH: Palmeiras                                     → https://crests.football-data.org/1769.png
[2026-06-03 14:10:00] WARNING: SIN COINCIDENCIA: Panathinaikos
[2026-06-03 14:10:00] INFO: MATCH: Paranaense                                    → https://crests.football-data.org/1768.png
[2026-06-03 14:10:00] INFO: MATCH: Paris                                         → https://crests.football-data.org/524.png
[2026-06-03 14:10:00] INFO: MATCH: Paris Saint-Germain                           → https://crests.football-data.org/524.png
[2026-06-03 14:10:00] INFO: MATCH: Parma                                         → https://crests.football-data.org/112.png
[2026-06-03 14:10:00] WARNING: SIN COINCIDENCIA: Peterborough
[2026-06-03 14:10:00] WARNING: SIN COINCIDENCIA: Philadelphia Union
[2026-06-03 14:10:00] INFO: MATCH: Pisa                                          → https://crests.football-data.org/487.png
[2026-06-03 14:10:00] INFO: MATCH: Plaza Amador                                  → https://crests.football-data.org/682.png
[2026-06-03 14:10:00] WARNING: SIN COINCIDENCIA: Polokwane City
[2026-06-03 14:10:00] WARNING: SIN COINCIDENCIA: Port Vale
[2026-06-03 14:10:00] WARNING: SIN COINCIDENCIA: Portland Timbers
[2026-06-03 14:10:00] INFO: MATCH: Porto                                         → https://crests.football-data.org/503.png
[2026-06-03 14:10:00] WARNING: SIN COINCIDENCIA: Pumas
[2026-06-03 14:10:00] WARNING: SIN COINCIDENCIA: Puskás Akadémia
[2026-06-03 14:10:00] WARNING: SIN COINCIDENCIA: Pyramids
[2026-06-03 14:10:00] WARNING: SIN COINCIDENCIA: Pyramids FC
[2026-06-03 14:10:00] INFO: MATCH: RB Leipzig                                    → https://crests.football-data.org/721.png
[2026-06-03 14:10:00] INFO: MATCH: RC Lens                                       → https://crests.football-data.org/546.png
[2026-06-03 14:10:00] WARNING: SIN COINCIDENCIA: RKC
[2026-06-03 14:10:00] WARNING: SIN COINCIDENCIA: RKC Waalwijk
[2026-06-03 14:10:00] WARNING: SIN COINCIDENCIA: RS Berkane
[2026-06-03 14:10:00] WARNING: SIN COINCIDENCIA: Racign de Estrasburgo
[2026-06-03 14:10:00] WARNING: SIN COINCIDENCIA: Racing Genk
[2026-06-03 14:10:00] WARNING: SIN COINCIDENCIA: Racing Lens
[2026-06-03 14:10:00] WARNING: SIN COINCIDENCIA: Racing de Estrasburgo
[2026-06-03 14:10:00] WARNING: SIN COINCIDENCIA: Racing de Santander
[2026-06-03 14:10:00] WARNING: SIN COINCIDENCIA: Raja Casablanca
[2026-06-03 14:10:00] INFO: MATCH: Rangers                                       → https://crests.football-data.org/69.png
[2026-06-03 14:10:00] WARNING: SIN COINCIDENCIA: Rayo Vallecano
[2026-06-03 14:10:00] WARNING: SIN COINCIDENCIA: Real Betis
[2026-06-03 14:10:00] INFO: MATCH: Real Madrid                                   → https://crests.football-data.org/86.png
[2026-06-03 14:10:00] WARNING: SIN COINCIDENCIA: Real Oviedo
[2026-06-03 14:10:00] WARNING: SIN COINCIDENCIA: Real Salt Lake
[2026-06-03 14:10:00] WARNING: SIN COINCIDENCIA: Real Sociedad
[2026-06-03 14:10:00] WARNING: SIN COINCIDENCIA: Red Bull Salzburgo
[2026-06-03 14:10:00] WARNING: SIN COINCIDENCIA: Red Star
[2026-06-03 14:10:00] WARNING: SIN COINCIDENCIA: Rennes
[2026-06-03 14:10:00] WARNING: SIN COINCIDENCIA: River Plate
[2026-06-03 14:10:00] WARNING: SIN COINCIDENCIA: Rizespor
[2026-06-03 14:10:00] INFO: MATCH: Roma                                          → https://crests.football-data.org/811.svg
[2026-06-03 14:10:00] WARNING: SIN COINCIDENCIA: Rosario Central
[2026-06-03 14:10:00] WARNING: SIN COINCIDENCIA: Rotherham
[2026-06-03 14:10:00] INFO: MATCH: Royale Union Saint-Gilloise                   → https://crests.football-data.org/3929.png
[2026-06-03 14:10:00] INFO: MATCH: S.S.C. Napoli                                 → https://crests.football-data.org/113.png
[2026-06-03 14:10:00] WARNING: SIN COINCIDENCIA: SC Bastia
[2026-06-03 14:10:00] WARNING: SIN COINCIDENCIA: SJK Seinajoki
[2026-06-03 14:10:00] WARNING: SIN COINCIDENCIA: SK Beveren
[2026-06-03 14:10:00] WARNING: SIN COINCIDENCIA: SV Zulte Waregem
[2026-06-03 14:10:00] WARNING: SIN COINCIDENCIA: Salzburgo
[2026-06-03 14:10:00] WARNING: SIN COINCIDENCIA: Sampdoria
[2026-06-03 14:10:00] WARNING: SIN COINCIDENCIA: Samsunspor
[2026-06-03 14:10:00] WARNING: SIN COINCIDENCIA: San Diego FC
[2026-06-03 14:10:00] WARNING: SIN COINCIDENCIA: Sanfrecce Hiroshima
[2026-06-03 14:10:00] INFO: MATCH: Santos                                        → https://crests.football-data.org/6685.png
[2026-06-03 14:10:00] INFO: MATCH: Sassuolo                                      → https://crests.football-data.org/471.png
[2026-06-03 14:10:00] WARNING: SIN COINCIDENCIA: Schalke 04
[2026-06-03 14:10:00] WARNING: SIN COINCIDENCIA: Seattle Sounders
[2026-06-03 14:10:00] WARNING: SIN COINCIDENCIA: Servette
[2026-06-03 14:10:00] WARNING: SIN COINCIDENCIA: Sevilla
[2026-06-03 14:10:00] WARNING: SIN COINCIDENCIA: Shamrock Rovers
[2026-06-03 14:10:00] INFO: MATCH: Sheffield United                              → https://crests.football-data.org/356.png
[2026-06-03 14:10:00] WARNING: SIN COINCIDENCIA: Sheffield United F.C.
[2026-06-03 14:10:00] WARNING: SIN COINCIDENCIA: Silkeborg IF
[2026-06-03 14:10:00] WARNING: SIN COINCIDENCIA: Sint Truidense
[2026-06-03 14:10:00] WARNING: SIN COINCIDENCIA: Sint-Truidense
[2026-06-03 14:10:00] WARNING: SIN COINCIDENCIA: Slavia Praga
[2026-06-03 14:10:00] WARNING: SIN COINCIDENCIA: Slovan Bratislava
[2026-06-03 14:10:00] WARNING: SIN COINCIDENCIA: Slovan Liberec
[2026-06-03 14:10:00] WARNING: SIN COINCIDENCIA: Smouha SC
[2026-06-03 14:10:00] INFO: MATCH: Sparta Praga                                  → https://crests.football-data.org/6806.png
[2026-06-03 14:10:00] INFO: MATCH: Sparta Rotterdam                              → https://crests.football-data.org/6806.png
[2026-06-03 14:10:00] INFO: MATCH: Spartak Moscow                                → https://crests.football-data.org/6806.png
[2026-06-03 14:10:00] INFO: MATCH: Sporting                                      → https://crests.football-data.org/498.png
[2026-06-03 14:10:00] INFO: MATCH: Sporting Braga                                → https://crests.football-data.org/5613.png
[2026-06-03 14:10:00] INFO: MATCH: Sporting CP                                   → https://crests.football-data.org/498.png
[2026-06-03 14:10:00] WARNING: SIN COINCIDENCIA: Sporting Lisboa
[2026-06-03 14:10:00] INFO: MATCH: Sporting de Portugal                          → https://crests.football-data.org/765.svg
[2026-06-03 14:10:00] WARNING: SIN COINCIDENCIA: Stade Nyonnais
[2026-06-03 14:10:00] INFO: MATCH: Stade Rennais                                 → https://crests.football-data.org/529.png
[2026-06-03 14:10:00] WARNING: SIN COINCIDENCIA: Stade de Reims
[2026-06-03 14:10:00] WARNING: SIN COINCIDENCIA: Standard Liege
[2026-06-03 14:10:00] INFO: MATCH: Stoke City                                    → https://crests.football-data.org/70.png
[2026-06-03 14:10:00] INFO: MATCH: Strasbourg                                    → https://crests.football-data.org/576.png
[2026-06-03 14:10:00] INFO: MATCH: Stuttgart                                     → https://crests.football-data.org/10.png
[2026-06-03 14:10:00] INFO: MATCH: Sunderland                                    → https://crests.football-data.org/71.png
[2026-06-03 14:10:00] INFO: MATCH: Sunderland AFC                                → https://crests.football-data.org/71.png
[2026-06-03 14:10:00] INFO: MATCH: Swansea                                       → https://crests.football-data.org/72.png
[2026-06-03 14:10:00] INFO: MATCH: Swansea City A.F.C.                           → https://crests.football-data.org/72.png
[2026-06-03 14:10:00] INFO: MATCH: TSG Hoffenheim                                → https://crests.football-data.org/2.png
[2026-06-03 14:10:00] INFO: MATCH: Telstar                                       → https://crests.football-data.org/1912.png
[2026-06-03 14:10:00] WARNING: SIN COINCIDENCIA: Terengganu FC
[2026-06-03 14:10:00] WARNING: SIN COINCIDENCIA: Tigres
[2026-06-03 14:10:00] WARNING: SIN COINCIDENCIA: Tigres UANL
[2026-06-03 14:10:00] INFO: MATCH: Tondela                                       → https://crests.football-data.org/1049.png
[2026-06-03 14:10:00] INFO: MATCH: Torino                                        → https://crests.football-data.org/586.png
[2026-06-03 14:10:00] WARNING: SIN COINCIDENCIA: Toronto
[2026-06-03 14:10:00] WARNING: SIN COINCIDENCIA: Toronto FC
[2026-06-03 14:10:00] WARNING: SIN COINCIDENCIA: Torreense
[2026-06-03 14:10:00] INFO: MATCH: Tottenham                                     → https://crests.football-data.org/73.png
[2026-06-03 14:10:00] INFO: MATCH: Tottenham Hotspur                             → https://crests.football-data.org/73.png
[2026-06-03 14:10:00] INFO: MATCH: Toulouse                                      → https://crests.football-data.org/511.png
[2026-06-03 14:10:00] WARNING: SIN COINCIDENCIA: Trabzonspor
[2026-06-03 14:10:00] INFO: MATCH: Twente                                        → https://crests.football-data.org/666.png
[2026-06-03 14:10:00] WARNING: SIN COINCIDENCIA: U. Católica de Ecuador
[2026-06-03 14:10:00] WARNING: SIN COINCIDENCIA: US Monastir
[2026-06-03 14:10:00] INFO: MATCH: US Sassuolo Calcio                            → https://crests.football-data.org/471.png
[2026-06-03 14:10:00] WARNING: SIN COINCIDENCIA: USM Alger
[2026-06-03 14:10:00] INFO: MATCH: Udinese                                       → https://crests.football-data.org/115.png
[2026-06-03 14:10:00] WARNING: SIN COINCIDENCIA: Ulsan
[2026-06-03 14:10:00] INFO: MATCH: Union Berlin                                  → https://crests.football-data.org/28.png
[2026-06-03 14:10:00] INFO: MATCH: Union Saint-Gilloise                          → https://crests.football-data.org/3929.png
[2026-06-03 14:10:00] WARNING: SIN COINCIDENCIA: Universidad de Concepción
[2026-06-03 14:10:00] WARNING: SIN COINCIDENCIA: Universitatea Cluj
[2026-06-03 14:10:00] WARNING: SIN COINCIDENCIA: VVV-Venlo
[2026-06-03 14:10:00] WARNING: SIN COINCIDENCIA: Valencia
[2026-06-03 14:10:00] WARNING: SIN COINCIDENCIA: Vancouver Whitecaps
[2026-06-03 14:10:00] INFO: MATCH: Vasco da Gama                                 → https://crests.football-data.org/1780.png
[2026-06-03 14:10:00] WARNING: SIN COINCIDENCIA: Venezia FC
[2026-06-03 14:10:00] WARNING: SIN COINCIDENCIA: Viking
[2026-06-03 14:10:00] WARNING: SIN COINCIDENCIA: Viking FK
[2026-06-03 14:10:00] WARNING: SIN COINCIDENCIA: Viktoria Plzen
[2026-06-03 14:10:00] WARNING: SIN COINCIDENCIA: Viktoria Plzeň
[2026-06-03 14:10:00] WARNING: SIN COINCIDENCIA: Villareal
[2026-06-03 14:10:00] INFO: MATCH: Villarreal                                    → https://crests.football-data.org/94.png
[2026-06-03 14:10:00] WARNING: SIN COINCIDENCIA: Violette AC
[2026-06-03 14:10:00] INFO: MATCH: Vitória                                       → https://crests.football-data.org/1782.png
[2026-06-03 14:10:00] WARNING: SIN COINCIDENCIA: Vélez Sarsfield
[2026-06-03 14:10:00] INFO: MATCH: Watford                                       → https://crests.football-data.org/346.png
[2026-06-03 14:10:00] WARNING: SIN COINCIDENCIA: Wellington Phoenix FC
[2026-06-03 14:10:00] INFO: MATCH: Werder Bremen                                 → https://crests.football-data.org/12.png
[2026-06-03 14:10:00] INFO: MATCH: West Ham                                      → https://crests.football-data.org/563.png
[2026-06-03 14:10:00] INFO: MATCH: West Ham United                               → https://crests.football-data.org/563.png
[2026-06-03 14:10:00] INFO: MATCH: West Ham United/Marsella                      → https://crests.football-data.org/563.png
[2026-06-03 14:10:00] WARNING: SIN COINCIDENCIA: Western Sydney Wanderers
[2026-06-03 14:10:00] WARNING: SIN COINCIDENCIA: Widzew Lodz
[2026-06-03 14:10:00] WARNING: SIN COINCIDENCIA: Wolfsberger AC
[2026-06-03 14:10:00] INFO: MATCH: Wolfsburg                                     → https://crests.football-data.org/11.png
[2026-06-03 14:10:00] INFO: MATCH: Wolfsburgo                                    → https://crests.football-data.org/11.png
[2026-06-03 14:10:00] INFO: MATCH: Wolverhampton                                 → https://crests.football-data.org/76.png
[2026-06-03 14:10:00] INFO: MATCH: Wrexham                                       → https://crests.football-data.org/404.png
[2026-06-03 14:10:00] WARNING: SIN COINCIDENCIA: Young Boys
[2026-06-03 14:10:00] WARNING: SIN COINCIDENCIA: ZED FC
[2026-06-03 14:10:00] WARNING: SIN COINCIDENCIA: Zamalek
[2026-06-03 14:10:00] WARNING: SIN COINCIDENCIA: Zenit
[2026-06-03 14:10:00] WARNING: SIN COINCIDENCIA: Zhejiang
[2026-06-03 14:10:00] WARNING: SIN COINCIDENCIA: Çaykur Rizespor
[2026-06-03 14:10:00] WARNING: SIN COINCIDENCIA: Étoile du Sahel
[2026-06-03 14:10:00] INFO: Archivo generado exitosamente: C:\Users\Franc\OneDrive\Documentos\ThinkPad\Github\worldcup-app\data\data_frontend\teams.json (170 entradas)
[2026-06-03 14:10:00] INFO: ------------------------------------------------------------
[2026-06-03 14:10:00] INFO: RESUMEN:
[2026-06-03 14:10:00] INFO:   Equipos en lista local : 443
[2026-06-03 14:10:00] INFO:   Matches encontrados    : 170
[2026-06-03 14:10:00] INFO:   Sin coincidencia       : 273
[2026-06-03 14:10:00] INFO: Equipos sin coincidencia en la API:
[2026-06-03 14:10:00] INFO:   - AEL Limassol
[2026-06-03 14:10:00] INFO:   - AIK
[2026-06-03 14:10:00] INFO:   - AS Nancy-Lorraine
[2026-06-03 14:10:00] INFO:   - AS Saint-Étienne
[2026-06-03 14:10:00] INFO:   - Abha Club
[2026-06-03 14:10:00] INFO:   - Academia Puerto Cabello
[2026-06-03 14:10:00] INFO:   - Akron Tolyatti
[2026-06-03 14:10:00] INFO:   - Al Ahli
[2026-06-03 14:10:00] INFO:   - Al Ahly
[2026-06-03 14:10:00] INFO:   - Al Ain
[2026-06-03 14:10:00] INFO:   - Al Bataeh
[2026-06-03 14:10:00] INFO:   - Al Feiha
[2026-06-03 14:10:00] INFO:   - Al Hilal
[2026-06-03 14:10:00] INFO:   - Al Ittihad
[2026-06-03 14:10:00] INFO:   - Al Nasr
[2026-06-03 14:10:00] INFO:   - Al Nassr
[2026-06-03 14:10:00] INFO:   - Al Sharjah
[2026-06-03 14:10:00] INFO:   - Al Wakrah
[2026-06-03 14:10:00] INFO:   - Al-Ahli
[2026-06-03 14:10:00] INFO:   - Al-Ahli Saudi FC
[2026-06-03 14:10:00] INFO:   - Al-Ain FC
[2026-06-03 14:10:00] INFO:   - Al-Duhail
[2026-06-03 14:10:00] INFO:   - Al-Ettifaq
[2026-06-03 14:10:00] INFO:   - Al-Hilal
[2026-06-03 14:10:00] INFO:   - Al-Hilal SFC
[2026-06-03 14:10:00] INFO:   - Al-Ittihad
[2026-06-03 14:10:00] INFO:   - Alanyaspor
[2026-06-03 14:10:00] INFO:   - Almere City FC
[2026-06-03 14:10:00] INFO:   - América de México
[2026-06-03 14:10:00] INFO:   - Anderlecht
[2026-06-03 14:10:00] INFO:   - Apollon Limassol
[2026-06-03 14:10:00] INFO:   - Aris Limassol
[2026-06-03 14:10:00] INFO:   - Astana
[2026-06-03 14:10:00] INFO:   - Atlas
[2026-06-03 14:10:00] INFO:   - Atromitos
[2026-06-03 14:10:00] INFO:   - Auckland FC
[2026-06-03 14:10:00] INFO:   - BSC Young Boys II
[2026-06-03 14:10:00] INFO:   - Barnsley
[2026-06-03 14:10:00] INFO:   - Basaksehir
[2026-06-03 14:10:00] INFO:   - Besiktas
[2026-06-03 14:10:00] INFO:   - Bodo Glimt
[2026-06-03 14:10:00] INFO:   - Braintree Town F.C.
[2026-06-03 14:10:00] INFO:   - Brondby IF
[2026-06-03 14:10:00] INFO:   - Brujas
[2026-06-03 14:10:00] INFO:   - Brøndby IF
[2026-06-03 14:10:00] INFO:   - CS Constantine
[2026-06-03 14:10:00] INFO:   - CS Sfaxien
[2026-06-03 14:10:00] INFO:   - Castellon
[2026-06-03 14:10:00] INFO:   - Celta de Vigo
[2026-06-03 14:10:00] INFO:   - Celtic
[2026-06-03 14:10:00] INFO:   - Celtic Glasgow
[2026-06-03 14:10:00] INFO:   - Cercle Brugge
[2026-06-03 14:10:00] INFO:   - Charleroi
[2026-06-03 14:10:00] INFO:   - Charlotte FC
[2026-06-03 14:10:00] INFO:   - Chaves
[2026-06-03 14:10:00] INFO:   - Chicago Fire
[2026-06-03 14:10:00] INFO:   - Cincinatti FC
[2026-06-03 14:10:00] INFO:   - Club Africain
[2026-06-03 14:10:00] INFO:   - Club América
[2026-06-03 14:10:00] INFO:   - Club Deportivo Marathón
[2026-06-03 14:10:00] INFO:   - Club León
[2026-06-03 14:10:00] INFO:   - Cobresal
[2026-06-03 14:10:00] INFO:   - Colorado Springs
[2026-06-03 14:10:00] INFO:   - Columbus Crew
[2026-06-03 14:10:00] INFO:   - Copenhagen
[2026-06-03 14:10:00] INFO:   - Copenhague
[2026-06-03 14:10:00] INFO:   - Daejeon
[2026-06-03 14:10:00] INFO:   - Deportivo La Guaira
[2026-06-03 14:10:00] INFO:   - Deportivo Saprissa
[2026-06-03 14:10:00] INFO:   - Desconocido
[2026-06-03 14:10:00] INFO:   - Dinamo Zagreb
[2026-06-03 14:10:00] INFO:   - Dynamo Makhachkala
[2026-06-03 14:10:00] INFO:   - ES Tunis
[2026-06-03 14:10:00] INFO:   - El Gouna
[2026-06-03 14:10:00] INFO:   - El Paso Locomotive FC
[2026-06-03 14:10:00] INFO:   - Elche
[2026-06-03 14:10:00] INFO:   - Espanyol
[2026-06-03 14:10:00] INFO:   - Espérance de Tunis
[2026-06-03 14:10:00] INFO:   - Esteghlal FC
[2026-06-03 14:10:00] INFO:   - Estrasburgo
[2026-06-03 14:10:00] INFO:   - Estrella Roja
[2026-06-03 14:10:00] INFO:   - Estrella Roja de Belgrado
[2026-06-03 14:10:00] INFO:   - Estudiantes de La Plata
[2026-06-03 14:10:00] INFO:   - F. C. Tokyo
[2026-06-03 14:10:00] INFO:   - FC Cincinnati
[2026-06-03 14:10:00] INFO:   - FC Cosmos Koblenz
[2026-06-03 14:10:00] INFO:   - FC Dallas
[2026-06-03 14:10:00] INFO:   - FC Den Bosch
[2026-06-03 14:10:00] INFO:   - FC Lugano
[2026-06-03 14:10:00] INFO:   - FC Pari Nizhniy Novgorod
[2026-06-03 14:10:00] INFO:   - FC Sochaux
[2026-06-03 14:10:00] INFO:   - FC Tatran Prešov
[2026-06-03 14:10:00] INFO:   - FC Tokio
[2026-06-03 14:10:00] INFO:   - FC Vizela
[2026-06-03 14:10:00] INFO:   - FC Zürich
[2026-06-03 14:10:00] INFO:   - Farense
[2026-06-03 14:10:00] INFO:   - Fenerbahce
[2026-06-03 14:10:00] INFO:   - Fenerbahçe
[2026-06-03 14:10:00] INFO:   - Fenerbahçe SK/Betis
[2026-06-03 14:10:00] INFO:   - Ferencváros TC
[2026-06-03 14:10:00] INFO:   - Fortuna Dusseldorf
[2026-06-03 14:10:00] INFO:   - Friburgo
[2026-06-03 14:10:00] INFO:   - Frosinone
[2026-06-03 14:10:00] INFO:   - Gangwon
[2026-06-03 14:10:00] INFO:   - Genk
[2026-06-03 14:10:00] INFO:   - Gençlerbirliği
[2026-06-03 14:10:00] INFO:   - Girona
[2026-06-03 14:10:00] INFO:   - Granada
[2026-06-03 14:10:00] INFO:   - Gyor
[2026-06-03 14:10:00] INFO:   - HNK Rijeka
[2026-06-03 14:10:00] INFO:   - Hajduk Split
[2026-06-03 14:10:00] INFO:   - Hamburgo
[2026-06-03 14:10:00] INFO:   - Hannover 96
[2026-06-03 14:10:00] INFO:   - Hapoel Ironi Kiryat Shmona
[2026-06-03 14:10:00] INFO:   - Heart of Midlothian
[2026-06-03 14:10:00] INFO:   - Hibernian
[2026-06-03 14:10:00] INFO:   - Holstein Kiel
[2026-06-03 14:10:00] INFO:   - Hradec Kralove
[2026-06-03 14:10:00] INFO:   - IFK Norrköping
[2026-06-03 14:10:00] INFO:   - Igdir FK
[2026-06-03 14:10:00] INFO:   - Igdır FK
[2026-06-03 14:10:00] INFO:   - Independiente
[2026-06-03 14:10:00] INFO:   - JS Kabylie
[2026-06-03 14:10:00] INFO:   - Jagiellonia Bialystok
[2026-06-03 14:10:00] INFO:   - Jeonbuk
[2026-06-03 14:10:00] INFO:   - Juárez FC
[2026-06-03 14:10:00] INFO:   - KAA Gent
[2026-06-03 14:10:00] INFO:   - KRC Genk
[2026-06-03 14:10:00] INFO:   - Kaizer Chiefs
[2026-06-03 14:10:00] INFO:   - Karlsruher
[2026-06-03 14:10:00] INFO:   - Kashima Antlers
[2026-06-03 14:10:00] INFO:   - Kashima Antrlers
[2026-06-03 14:10:00] INFO:   - Kasımpaşa
[2026-06-03 14:10:00] INFO:   - Kayserispor
[2026-06-03 14:10:00] INFO:   - Kifisia
[2026-06-03 14:10:00] INFO:   - Kilmarnock
[2026-06-03 14:10:00] INFO:   - Konyaspor
[2026-06-03 14:10:00] INFO:   - Krasnodar
[2026-06-03 14:10:00] INFO:   - LAFC
[2026-06-03 14:10:00] INFO:   - LASK
[2026-06-03 14:10:00] INFO:   - LDU Quito
[2026-06-03 14:10:00] INFO:   - Larisa
[2026-06-03 14:10:00] INFO:   - Lechia Gdansk
[2026-06-03 14:10:00] INFO:   - Ludogorets
[2026-06-03 14:10:00] INFO:   - Maccabi Haifa
[2026-06-03 14:10:00] INFO:   - Maccabi Tel Aviv
[2026-06-03 14:10:00] INFO:   - Mallorca
[2026-06-03 14:10:00] INFO:   - Malmo FF
[2026-06-03 14:10:00] INFO:   - Mamelodi Sundowns
[2026-06-03 14:10:00] INFO:   - Maribor
[2026-06-03 14:10:00] INFO:   - Marsella
[2026-06-03 14:10:00] INFO:   - Mechelen
[2026-06-03 14:10:00] INFO:   - Miami FC
[2026-06-03 14:10:00] INFO:   - Midtjylland
[2026-06-03 14:10:00] INFO:   - Minnesota United
[2026-06-03 14:10:00] INFO:   - Minnesota United FC
[2026-06-03 14:10:00] INFO:   - Mjällby AIF
[2026-06-03 14:10:00] INFO:   - Mlada Boleslav
[2026-06-03 14:10:00] INFO:   - Molde
[2026-06-03 14:10:00] INFO:   - Monagas
[2026-06-03 14:10:00] INFO:   - Montana 1921
[2026-06-03 14:10:00] INFO:   - Monterrey
[2026-06-03 14:10:00] INFO:   - Montpellier
[2026-06-03 14:10:00] INFO:   - Motherwell F.C.
[2026-06-03 14:10:00] INFO:   - N.E.C.
[2026-06-03 14:10:00] INFO:   - NK Maribor
[2026-06-03 14:10:00] INFO:   - NK Slaven Belupo
[2026-06-03 14:10:00] INFO:   - New York City FC
[2026-06-03 14:10:00] INFO:   - Niza
[2026-06-03 14:10:00] INFO:   - Noah
[2026-06-03 14:10:00] INFO:   - Olympiacos FC
[2026-06-03 14:10:00] INFO:   - Olympique de Lyon
[2026-06-03 14:10:00] INFO:   - Olympique de Marsella
[2026-06-03 14:10:00] INFO:   - Omonia Nicosia
[2026-06-03 14:10:00] INFO:   - Orlando City
[2026-06-03 14:10:00] INFO:   - Orlando City SC
[2026-06-03 14:10:00] INFO:   - Orlando Pirates
[2026-06-03 14:10:00] INFO:   - Osasuna
[2026-06-03 14:10:00] INFO:   - Oțelul Galați
[2026-06-03 14:10:00] INFO:   - PFC Turan Tovuz
[2026-06-03 14:10:00] INFO:   - Pafos
[2026-06-03 14:10:00] INFO:   - Panathinaikos
[2026-06-03 14:10:00] INFO:   - Peterborough
[2026-06-03 14:10:00] INFO:   - Philadelphia Union
[2026-06-03 14:10:00] INFO:   - Polokwane City
[2026-06-03 14:10:00] INFO:   - Port Vale
[2026-06-03 14:10:00] INFO:   - Portland Timbers
[2026-06-03 14:10:00] INFO:   - Pumas
[2026-06-03 14:10:00] INFO:   - Puskás Akadémia
[2026-06-03 14:10:00] INFO:   - Pyramids
[2026-06-03 14:10:00] INFO:   - Pyramids FC
[2026-06-03 14:10:00] INFO:   - RKC
[2026-06-03 14:10:00] INFO:   - RKC Waalwijk
[2026-06-03 14:10:00] INFO:   - RS Berkane
[2026-06-03 14:10:00] INFO:   - Racign de Estrasburgo
[2026-06-03 14:10:00] INFO:   - Racing Genk
[2026-06-03 14:10:00] INFO:   - Racing Lens
[2026-06-03 14:10:00] INFO:   - Racing de Estrasburgo
[2026-06-03 14:10:00] INFO:   - Racing de Santander
[2026-06-03 14:10:00] INFO:   - Raja Casablanca
[2026-06-03 14:10:00] INFO:   - Rayo Vallecano
[2026-06-03 14:10:00] INFO:   - Real Betis
[2026-06-03 14:10:00] INFO:   - Real Oviedo
[2026-06-03 14:10:00] INFO:   - Real Salt Lake
[2026-06-03 14:10:00] INFO:   - Real Sociedad
[2026-06-03 14:10:00] INFO:   - Red Bull Salzburgo
[2026-06-03 14:10:00] INFO:   - Red Star
[2026-06-03 14:10:00] INFO:   - Rennes
[2026-06-03 14:10:00] INFO:   - River Plate
[2026-06-03 14:10:00] INFO:   - Rizespor
[2026-06-03 14:10:00] INFO:   - Rosario Central
[2026-06-03 14:10:00] INFO:   - Rotherham
[2026-06-03 14:10:00] INFO:   - SC Bastia
[2026-06-03 14:10:00] INFO:   - SJK Seinajoki
[2026-06-03 14:10:00] INFO:   - SK Beveren
[2026-06-03 14:10:00] INFO:   - SV Zulte Waregem
[2026-06-03 14:10:00] INFO:   - Salzburgo
[2026-06-03 14:10:00] INFO:   - Sampdoria
[2026-06-03 14:10:00] INFO:   - Samsunspor
[2026-06-03 14:10:00] INFO:   - San Diego FC
[2026-06-03 14:10:00] INFO:   - Sanfrecce Hiroshima
[2026-06-03 14:10:00] INFO:   - Schalke 04
[2026-06-03 14:10:00] INFO:   - Seattle Sounders
[2026-06-03 14:10:00] INFO:   - Servette
[2026-06-03 14:10:00] INFO:   - Sevilla
[2026-06-03 14:10:00] INFO:   - Shamrock Rovers
[2026-06-03 14:10:00] INFO:   - Sheffield United F.C.
[2026-06-03 14:10:00] INFO:   - Silkeborg IF
[2026-06-03 14:10:00] INFO:   - Sint Truidense
[2026-06-03 14:10:00] INFO:   - Sint-Truidense
[2026-06-03 14:10:00] INFO:   - Slavia Praga
[2026-06-03 14:10:00] INFO:   - Slovan Bratislava
[2026-06-03 14:10:00] INFO:   - Slovan Liberec
[2026-06-03 14:10:00] INFO:   - Smouha SC
[2026-06-03 14:10:00] INFO:   - Sporting Lisboa
[2026-06-03 14:10:00] INFO:   - Stade Nyonnais
[2026-06-03 14:10:00] INFO:   - Stade de Reims
[2026-06-03 14:10:00] INFO:   - Standard Liege
[2026-06-03 14:10:00] INFO:   - Terengganu FC
[2026-06-03 14:10:00] INFO:   - Tigres
[2026-06-03 14:10:00] INFO:   - Tigres UANL
[2026-06-03 14:10:00] INFO:   - Toronto
[2026-06-03 14:10:00] INFO:   - Toronto FC
[2026-06-03 14:10:00] INFO:   - Torreense
[2026-06-03 14:10:00] INFO:   - Trabzonspor
[2026-06-03 14:10:00] INFO:   - U. Católica de Ecuador
[2026-06-03 14:10:00] INFO:   - US Monastir
[2026-06-03 14:10:00] INFO:   - USM Alger
[2026-06-03 14:10:00] INFO:   - Ulsan
[2026-06-03 14:10:00] INFO:   - Universidad de Concepción
[2026-06-03 14:10:00] INFO:   - Universitatea Cluj
[2026-06-03 14:10:00] INFO:   - VVV-Venlo
[2026-06-03 14:10:00] INFO:   - Valencia
[2026-06-03 14:10:00] INFO:   - Vancouver Whitecaps
[2026-06-03 14:10:00] INFO:   - Venezia FC
[2026-06-03 14:10:00] INFO:   - Viking
[2026-06-03 14:10:00] INFO:   - Viking FK
[2026-06-03 14:10:00] INFO:   - Viktoria Plzen
[2026-06-03 14:10:00] INFO:   - Viktoria Plzeň
[2026-06-03 14:10:00] INFO:   - Villareal
[2026-06-03 14:10:00] INFO:   - Violette AC
[2026-06-03 14:10:00] INFO:   - Vélez Sarsfield
[2026-06-03 14:10:00] INFO:   - Wellington Phoenix FC
[2026-06-03 14:10:00] INFO:   - Western Sydney Wanderers
[2026-06-03 14:10:00] INFO:   - Widzew Lodz
[2026-06-03 14:10:00] INFO:   - Wolfsberger AC
[2026-06-03 14:10:00] INFO:   - Young Boys
[2026-06-03 14:10:00] INFO:   - ZED FC
[2026-06-03 14:10:00] INFO:   - Zamalek
[2026-06-03 14:10:00] INFO:   - Zenit
[2026-06-03 14:10:00] INFO:   - Zhejiang
[2026-06-03 14:10:00] INFO:   - Çaykur Rizespor
[2026-06-03 14:10:00] INFO:   - Étoile du Sahel
[2026-06-03 14:10:00] INFO: ============================================================
[2026-06-03 14:10:00] INFO: Script finalizado.
[2026-06-03 14:16:26] INFO: ============================================================
[2026-06-03 14:16:26] INFO: Inicio de fetch_footballdata_crests.py
[2026-06-03 14:16:26] INFO: ============================================================
[2026-06-03 14:16:26] INFO: Cargados 443 equipos desde convocados_equipos.json
[2026-06-03 14:16:26] INFO: Iniciando paginación sobre https://api.football-data.org/v4/teams (limit=100, delay=6.0s)
[2026-06-03 14:16:26] DEBUG: Página 1 — GET https://api.football-data.org/v4/teams?limit=100&offset=0
[2026-06-03 14:16:28] ERROR: HTTP 400 en offset 0: 400 Client Error:  for url: https://api.football-data.org/v4/teams?limit=100&offset=0
[2026-06-03 14:16:28] WARNING: No se obtuvieron equipos de la API.
[2026-06-03 14:16:28] ERROR: No se obtuvieron equipos de la API. Abortando.
[2026-06-03 14:16:48] INFO: ============================================================
[2026-06-03 14:16:48] INFO: Inicio de fetch_footballdata_crests.py
[2026-06-03 14:16:48] INFO: ============================================================
[2026-06-03 14:16:48] INFO: Cargados 443 equipos desde convocados_equipos.json
[2026-06-03 14:16:48] INFO: Iniciando paginación sobre https://api.football-data.org/v4/teams (limit=100, delay=6.0s)
[2026-06-03 14:16:48] DEBUG: Página 1 — GET https://api.football-data.org/v4/teams?limit=100&offset=0
[2026-06-03 14:16:50] INFO: La API declara un total de 100 equipos en el índice.
[2026-06-03 14:16:50] INFO: Página 1: 100 equipos nuevos acumulados (offset 0).
[2026-06-03 14:16:50] INFO: Total acumulado (100) alcanzó el total declarado (100). Deteniendo.
[2026-06-03 14:16:50] INFO: Total equipos únicos recopilados: 100 (en 1 páginas).
[2026-06-03 14:16:50] INFO: MATCH: AC Milan                                      → https://crests.football-data.org/98.png
[2026-06-03 14:16:50] WARNING: SIN COINCIDENCIA: AEL Limassol
[2026-06-03 14:16:50] WARNING: SIN COINCIDENCIA: AFC Bournemouth
[2026-06-03 14:16:50] WARNING: SIN COINCIDENCIA: AIK
[2026-06-03 14:16:50] WARNING: SIN COINCIDENCIA: AJ Auxerre
[2026-06-03 14:16:50] WARNING: SIN COINCIDENCIA: AS Monaco
[2026-06-03 14:16:50] WARNING: SIN COINCIDENCIA: AS Nancy-Lorraine
[2026-06-03 14:16:50] INFO: MATCH: AS Roma                                       → https://crests.football-data.org/100.png
[2026-06-03 14:16:50] WARNING: SIN COINCIDENCIA: AS Saint-Étienne
[2026-06-03 14:16:50] WARNING: SIN COINCIDENCIA: Abha Club
[2026-06-03 14:16:50] WARNING: SIN COINCIDENCIA: Academia Puerto Cabello
[2026-06-03 14:16:50] WARNING: SIN COINCIDENCIA: Ajax
[2026-06-03 14:16:50] WARNING: SIN COINCIDENCIA: Akron Tolyatti
[2026-06-03 14:16:50] WARNING: SIN COINCIDENCIA: Al Ahli
[2026-06-03 14:16:50] WARNING: SIN COINCIDENCIA: Al Ahly
[2026-06-03 14:16:50] WARNING: SIN COINCIDENCIA: Al Ain
[2026-06-03 14:16:50] WARNING: SIN COINCIDENCIA: Al Bataeh
[2026-06-03 14:16:50] WARNING: SIN COINCIDENCIA: Al Feiha
[2026-06-03 14:16:50] WARNING: SIN COINCIDENCIA: Al Hilal
[2026-06-03 14:16:50] WARNING: SIN COINCIDENCIA: Al Ittihad
[2026-06-03 14:16:50] WARNING: SIN COINCIDENCIA: Al Jazira
[2026-06-03 14:16:50] WARNING: SIN COINCIDENCIA: Al Nasr
[2026-06-03 14:16:50] WARNING: SIN COINCIDENCIA: Al Nassr
[2026-06-03 14:16:50] WARNING: SIN COINCIDENCIA: Al Sharjah
[2026-06-03 14:16:50] WARNING: SIN COINCIDENCIA: Al Wakrah
[2026-06-03 14:16:50] WARNING: SIN COINCIDENCIA: Al-Ahli
[2026-06-03 14:16:50] WARNING: SIN COINCIDENCIA: Al-Ahli Saudi FC
[2026-06-03 14:16:50] WARNING: SIN COINCIDENCIA: Al-Ain FC
[2026-06-03 14:16:50] WARNING: SIN COINCIDENCIA: Al-Duhail
[2026-06-03 14:16:50] WARNING: SIN COINCIDENCIA: Al-Ettifaq
[2026-06-03 14:16:50] WARNING: SIN COINCIDENCIA: Al-Hilal
[2026-06-03 14:16:50] WARNING: SIN COINCIDENCIA: Al-Hilal SFC
[2026-06-03 14:16:50] WARNING: SIN COINCIDENCIA: Al-Ittihad
[2026-06-03 14:16:50] WARNING: SIN COINCIDENCIA: Alanyaspor
[2026-06-03 14:16:50] WARNING: SIN COINCIDENCIA: Almere City FC
[2026-06-03 14:16:50] WARNING: SIN COINCIDENCIA: América de México
[2026-06-03 14:16:50] WARNING: SIN COINCIDENCIA: Anderlecht
[2026-06-03 14:16:50] WARNING: SIN COINCIDENCIA: Angers SCO
[2026-06-03 14:16:50] WARNING: SIN COINCIDENCIA: Apollon Limassol
[2026-06-03 14:16:50] WARNING: SIN COINCIDENCIA: Aris Limassol
[2026-06-03 14:16:50] INFO: MATCH: Arsenal                                       → https://crests.football-data.org/57.png
[2026-06-03 14:16:50] WARNING: SIN COINCIDENCIA: Astana
[2026-06-03 14:16:50] INFO: MATCH: Aston Villa                                   → https://crests.football-data.org/58.png
[2026-06-03 14:16:50] INFO: MATCH: Atalanta                                      → https://crests.football-data.org/102.png
[2026-06-03 14:16:50] INFO: MATCH: Athletic de Bilbao                            → https://crests.football-data.org/77.png
[2026-06-03 14:16:50] WARNING: SIN COINCIDENCIA: Atlas
[2026-06-03 14:16:50] INFO: MATCH: Atlético Madrid                               → https://crests.football-data.org/78.png
[2026-06-03 14:16:50] INFO: MATCH: Atlético Nacional                             → https://crests.football-data.org/78.png
[2026-06-03 14:16:50] INFO: MATCH: Atlético de Madrid                            → https://crests.football-data.org/78.png
[2026-06-03 14:16:50] WARNING: SIN COINCIDENCIA: Atromitos
[2026-06-03 14:16:50] WARNING: SIN COINCIDENCIA: Auckland FC
[2026-06-03 14:16:50] INFO: MATCH: Augsburgo                                     → https://crests.football-data.org/16.png
[2026-06-03 14:16:50] WARNING: SIN COINCIDENCIA: Austria Viena
[2026-06-03 14:16:50] WARNING: SIN COINCIDENCIA: Auxerre
[2026-06-03 14:16:50] WARNING: SIN COINCIDENCIA: BSC Young Boys II
[2026-06-03 14:16:50] INFO: MATCH: Barcelona                                     → https://crests.football-data.org/80.png
[2026-06-03 14:16:50] WARNING: SIN COINCIDENCIA: Barnsley
[2026-06-03 14:16:50] WARNING: SIN COINCIDENCIA: Basaksehir
[2026-06-03 14:16:50] INFO: MATCH: Bayer Leverkusen                              → https://crests.football-data.org/3.png
[2026-06-03 14:16:50] INFO: MATCH: Bayern Munich                                 → https://crests.football-data.org/5.png
[2026-06-03 14:16:50] INFO: MATCH: Bayern Múnich                                 → https://crests.football-data.org/5.png
[2026-06-03 14:16:50] WARNING: SIN COINCIDENCIA: Benfica
[2026-06-03 14:16:50] WARNING: SIN COINCIDENCIA: Besiktas
[2026-06-03 14:16:50] WARNING: SIN COINCIDENCIA: Birmingham
[2026-06-03 14:16:50] WARNING: SIN COINCIDENCIA: Bodo Glimt
[2026-06-03 14:16:50] INFO: MATCH: Bologna                                       → https://crests.football-data.org/103.png
[2026-06-03 14:16:50] INFO: MATCH: Borussia Dortmund                             → https://crests.football-data.org/4.png
[2026-06-03 14:16:50] INFO: MATCH: Borussia Mönchengladbach                      → https://crests.football-data.org/18.png
[2026-06-03 14:16:50] WARNING: SIN COINCIDENCIA: Botafogo
[2026-06-03 14:16:50] WARNING: SIN COINCIDENCIA: Bournemouth
[2026-06-03 14:16:50] WARNING: SIN COINCIDENCIA: Braga
[2026-06-03 14:16:50] WARNING: SIN COINCIDENCIA: Braintree Town F.C.
[2026-06-03 14:16:50] WARNING: SIN COINCIDENCIA: Brentford
[2026-06-03 14:16:50] WARNING: SIN COINCIDENCIA: Brighton
[2026-06-03 14:16:50] WARNING: SIN COINCIDENCIA: Brondby IF
[2026-06-03 14:16:50] WARNING: SIN COINCIDENCIA: Brujas
[2026-06-03 14:16:50] WARNING: SIN COINCIDENCIA: Brøndby IF
[2026-06-03 14:16:50] WARNING: SIN COINCIDENCIA: Burnley
[2026-06-03 14:16:50] WARNING: SIN COINCIDENCIA: CD Plaza Amador
[2026-06-03 14:16:50] WARNING: SIN COINCIDENCIA: CS Constantine
[2026-06-03 14:16:50] WARNING: SIN COINCIDENCIA: CS Sfaxien
[2026-06-03 14:16:50] INFO: MATCH: Cagliari                                      → https://crests.football-data.org/104.png
[2026-06-03 14:16:50] WARNING: SIN COINCIDENCIA: Casa Pia
[2026-06-03 14:16:50] WARNING: SIN COINCIDENCIA: Castellon
[2026-06-03 14:16:50] WARNING: SIN COINCIDENCIA: Celta de Vigo
[2026-06-03 14:16:50] WARNING: SIN COINCIDENCIA: Celtic
[2026-06-03 14:16:50] WARNING: SIN COINCIDENCIA: Celtic Glasgow
[2026-06-03 14:16:50] WARNING: SIN COINCIDENCIA: Cercle Brugge
[2026-06-03 14:16:50] WARNING: SIN COINCIDENCIA: Charleroi
[2026-06-03 14:16:50] WARNING: SIN COINCIDENCIA: Charlotte FC
[2026-06-03 14:16:50] INFO: MATCH: Charlton Athletic                             → https://crests.football-data.org/77.png
[2026-06-03 14:16:50] WARNING: SIN COINCIDENCIA: Chaves
[2026-06-03 14:16:50] INFO: MATCH: Chelsea                                       → https://crests.football-data.org/61.png
[2026-06-03 14:16:50] WARNING: SIN COINCIDENCIA: Chicago Fire
[2026-06-03 14:16:50] WARNING: SIN COINCIDENCIA: Cincinatti FC
[2026-06-03 14:16:50] WARNING: SIN COINCIDENCIA: Club Africain
[2026-06-03 14:16:50] WARNING: SIN COINCIDENCIA: Club América
[2026-06-03 14:16:50] WARNING: SIN COINCIDENCIA: Club Deportivo Marathón
[2026-06-03 14:16:50] WARNING: SIN COINCIDENCIA: Club León
[2026-06-03 14:16:50] WARNING: SIN COINCIDENCIA: Cobresal
[2026-06-03 14:16:50] WARNING: SIN COINCIDENCIA: Colorado Springs
[2026-06-03 14:16:50] WARNING: SIN COINCIDENCIA: Columbus Crew
[2026-06-03 14:16:50] WARNING: SIN COINCIDENCIA: Como
[2026-06-03 14:16:50] WARNING: SIN COINCIDENCIA: Copenhagen
[2026-06-03 14:16:50] WARNING: SIN COINCIDENCIA: Copenhague
[2026-06-03 14:16:50] WARNING: SIN COINCIDENCIA: Corinthians
[2026-06-03 14:16:50] WARNING: SIN COINCIDENCIA: Coventry City
[2026-06-03 14:16:50] WARNING: SIN COINCIDENCIA: Cremonese
[2026-06-03 14:16:50] WARNING: SIN COINCIDENCIA: Cruz Azul
[2026-06-03 14:16:50] WARNING: SIN COINCIDENCIA: Crystal Palace
[2026-06-03 14:16:50] WARNING: SIN COINCIDENCIA: Daejeon
[2026-06-03 14:16:50] WARNING: SIN COINCIDENCIA: Deportivo La Guaira
[2026-06-03 14:16:50] WARNING: SIN COINCIDENCIA: Deportivo Saprissa
[2026-06-03 14:16:50] WARNING: SIN COINCIDENCIA: Derby County
[2026-06-03 14:16:50] WARNING: SIN COINCIDENCIA: Desconocido
[2026-06-03 14:16:50] WARNING: SIN COINCIDENCIA: Dinamo Zagreb
[2026-06-03 14:16:50] WARNING: SIN COINCIDENCIA: Dynamo Makhachkala
[2026-06-03 14:16:50] WARNING: SIN COINCIDENCIA: ES Tunis
[2026-06-03 14:16:50] INFO: MATCH: Eintracht Frankfurt                           → https://crests.football-data.org/19.png
[2026-06-03 14:16:50] WARNING: SIN COINCIDENCIA: El Gouna
[2026-06-03 14:16:50] WARNING: SIN COINCIDENCIA: El Paso Locomotive FC
[2026-06-03 14:16:50] WARNING: SIN COINCIDENCIA: Elche
[2026-06-03 14:16:50] INFO: MATCH: Espanyol                                      → https://crests.football-data.org/80.png
[2026-06-03 14:16:50] WARNING: SIN COINCIDENCIA: Espérance de Tunis
[2026-06-03 14:16:50] WARNING: SIN COINCIDENCIA: Esteghlal FC
[2026-06-03 14:16:50] WARNING: SIN COINCIDENCIA: Estrasburgo
[2026-06-03 14:16:50] WARNING: SIN COINCIDENCIA: Estrela da Amadora
[2026-06-03 14:16:50] WARNING: SIN COINCIDENCIA: Estrella Roja
[2026-06-03 14:16:50] WARNING: SIN COINCIDENCIA: Estrella Roja de Belgrado
[2026-06-03 14:16:50] WARNING: SIN COINCIDENCIA: Estudiantes de La Plata
[2026-06-03 14:16:50] INFO: MATCH: Everton                                       → https://crests.football-data.org/62.png
[2026-06-03 14:16:50] WARNING: SIN COINCIDENCIA: F. C. Tokyo
[2026-06-03 14:16:50] INFO: MATCH: FC Augsburg                                   → https://crests.football-data.org/16.png
[2026-06-03 14:16:50] INFO: MATCH: FC Barcelona                                  → https://crests.football-data.org/81.png
[2026-06-03 14:16:50] INFO: MATCH: FC Barcelona Atlètic                          → https://crests.football-data.org/78.png
[2026-06-03 14:16:50] WARNING: SIN COINCIDENCIA: FC Cincinnati
[2026-06-03 14:16:50] WARNING: SIN COINCIDENCIA: FC Cosmos Koblenz
[2026-06-03 14:16:50] WARNING: SIN COINCIDENCIA: FC Dallas
[2026-06-03 14:16:50] WARNING: SIN COINCIDENCIA: FC Den Bosch
[2026-06-03 14:16:50] WARNING: SIN COINCIDENCIA: FC Lugano
[2026-06-03 14:16:50] WARNING: SIN COINCIDENCIA: FC Nantes
[2026-06-03 14:16:50] WARNING: SIN COINCIDENCIA: FC Pari Nizhniy Novgorod
[2026-06-03 14:16:50] WARNING: SIN COINCIDENCIA: FC Sochaux
[2026-06-03 14:16:50] INFO: MATCH: FC St. Pauli                                  → https://crests.football-data.org/20.png
[2026-06-03 14:16:50] WARNING: SIN COINCIDENCIA: FC Tatran Prešov
[2026-06-03 14:16:50] WARNING: SIN COINCIDENCIA: FC Tokio
[2026-06-03 14:16:50] WARNING: SIN COINCIDENCIA: FC Twente
[2026-06-03 14:16:50] WARNING: SIN COINCIDENCIA: FC Vizela
[2026-06-03 14:16:50] WARNING: SIN COINCIDENCIA: FC Volendam
[2026-06-03 14:16:50] WARNING: SIN COINCIDENCIA: FC Zürich
[2026-06-03 14:16:50] WARNING: SIN COINCIDENCIA: Farense
[2026-06-03 14:16:50] WARNING: SIN COINCIDENCIA: Fenerbahce
[2026-06-03 14:16:50] WARNING: SIN COINCIDENCIA: Fenerbahçe
[2026-06-03 14:16:50] WARNING: SIN COINCIDENCIA: Fenerbahçe SK/Betis
[2026-06-03 14:16:50] WARNING: SIN COINCIDENCIA: Ferencváros TC
[2026-06-03 14:16:50] WARNING: SIN COINCIDENCIA: Feyenoord
[2026-06-03 14:16:50] INFO: MATCH: Fiorentina                                    → https://crests.football-data.org/99.png
[2026-06-03 14:16:50] WARNING: SIN COINCIDENCIA: Flamengo
[2026-06-03 14:16:50] WARNING: SIN COINCIDENCIA: Fluminense
[2026-06-03 14:16:50] INFO: MATCH: Fortuna Dusseldorf                            → https://crests.football-data.org/24.png
[2026-06-03 14:16:50] WARNING: SIN COINCIDENCIA: Friburgo
[2026-06-03 14:16:50] WARNING: SIN COINCIDENCIA: Frosinone
[2026-06-03 14:16:50] INFO: MATCH: Fulham                                        → https://crests.football-data.org/63.png
[2026-06-03 14:16:50] WARNING: SIN COINCIDENCIA: Galatasaray
[2026-06-03 14:16:50] WARNING: SIN COINCIDENCIA: Gangwon
[2026-06-03 14:16:50] WARNING: SIN COINCIDENCIA: Gaziantep
[2026-06-03 14:16:50] WARNING: SIN COINCIDENCIA: Genk
[2026-06-03 14:16:50] INFO: MATCH: Genoa                                         → https://crests.football-data.org/107.png
[2026-06-03 14:16:50] WARNING: SIN COINCIDENCIA: Gençlerbirliği
[2026-06-03 14:16:50] WARNING: SIN COINCIDENCIA: Gil Vicente
[2026-06-03 14:16:50] WARNING: SIN COINCIDENCIA: Girona
[2026-06-03 14:16:50] INFO: MATCH: Granada                                       → https://crests.football-data.org/83.png
[2026-06-03 14:16:50] WARNING: SIN COINCIDENCIA: Gremio
[2026-06-03 14:16:50] WARNING: SIN COINCIDENCIA: Gyor
[2026-06-03 14:16:50] WARNING: SIN COINCIDENCIA: HNK Rijeka
[2026-06-03 14:16:50] WARNING: SIN COINCIDENCIA: Hajduk Split
[2026-06-03 14:16:50] INFO: MATCH: Hamburger SV                                  → https://crests.football-data.org/7.png
[2026-06-03 14:16:50] WARNING: SIN COINCIDENCIA: Hamburgo
[2026-06-03 14:16:50] INFO: MATCH: Hannover 96                                   → https://crests.football-data.org/8.png
[2026-06-03 14:16:50] WARNING: SIN COINCIDENCIA: Hapoel Ironi Kiryat Shmona
[2026-06-03 14:16:50] WARNING: SIN COINCIDENCIA: Heart of Midlothian
[2026-06-03 14:16:50] WARNING: SIN COINCIDENCIA: Hellas Verona
[2026-06-03 14:16:50] WARNING: SIN COINCIDENCIA: Hibernian
[2026-06-03 14:16:50] INFO: MATCH: Hoffenheim                                    → https://crests.football-data.org/2.png
[2026-06-03 14:16:50] WARNING: SIN COINCIDENCIA: Holstein Kiel
[2026-06-03 14:16:50] WARNING: SIN COINCIDENCIA: Hradec Kralove
[2026-06-03 14:16:50] WARNING: SIN COINCIDENCIA: Hull City
[2026-06-03 14:16:50] WARNING: SIN COINCIDENCIA: IFK Norrköping
[2026-06-03 14:16:50] WARNING: SIN COINCIDENCIA: Igdir FK
[2026-06-03 14:16:50] WARNING: SIN COINCIDENCIA: Igdır FK
[2026-06-03 14:16:50] WARNING: SIN COINCIDENCIA: Independiente
[2026-06-03 14:16:50] WARNING: SIN COINCIDENCIA: Inter
[2026-06-03 14:16:50] WARNING: SIN COINCIDENCIA: Inter Miami
[2026-06-03 14:16:50] INFO: MATCH: Inter Milan                                   → https://crests.football-data.org/98.png
[2026-06-03 14:16:50] INFO: MATCH: Inter de Milan                                → https://crests.football-data.org/98.png
[2026-06-03 14:16:50] INFO: MATCH: Inter de Milán                                → https://crests.football-data.org/98.png
[2026-06-03 14:16:50] WARNING: SIN COINCIDENCIA: Internacional de Porto Alegre
[2026-06-03 14:16:50] WARNING: SIN COINCIDENCIA: Ipswich Town
[2026-06-03 14:16:50] WARNING: SIN COINCIDENCIA: JS Kabylie
[2026-06-03 14:16:50] WARNING: SIN COINCIDENCIA: Jagiellonia Bialystok
[2026-06-03 14:16:50] WARNING: SIN COINCIDENCIA: Jeonbuk
[2026-06-03 14:16:50] WARNING: SIN COINCIDENCIA: Juventus
[2026-06-03 14:16:50] WARNING: SIN COINCIDENCIA: Juárez FC
[2026-06-03 14:16:50] WARNING: SIN COINCIDENCIA: KAA Gent
[2026-06-03 14:16:50] WARNING: SIN COINCIDENCIA: KRC Genk
[2026-06-03 14:16:50] WARNING: SIN COINCIDENCIA: Kaizer Chiefs
[2026-06-03 14:16:50] INFO: MATCH: Karlsruher                                    → https://crests.football-data.org/32.png
[2026-06-03 14:16:50] WARNING: SIN COINCIDENCIA: Kashima Antlers
[2026-06-03 14:16:50] WARNING: SIN COINCIDENCIA: Kashima Antrlers
[2026-06-03 14:16:50] WARNING: SIN COINCIDENCIA: Kasımpaşa
[2026-06-03 14:16:50] WARNING: SIN COINCIDENCIA: Kayserispor
[2026-06-03 14:16:50] WARNING: SIN COINCIDENCIA: Kifisia
[2026-06-03 14:16:50] WARNING: SIN COINCIDENCIA: Kilmarnock
[2026-06-03 14:16:50] WARNING: SIN COINCIDENCIA: Konyaspor
[2026-06-03 14:16:50] WARNING: SIN COINCIDENCIA: Krasnodar
[2026-06-03 14:16:50] WARNING: SIN COINCIDENCIA: LAFC
[2026-06-03 14:16:50] WARNING: SIN COINCIDENCIA: LASK
[2026-06-03 14:16:50] WARNING: SIN COINCIDENCIA: LDU Quito
[2026-06-03 14:16:50] WARNING: SIN COINCIDENCIA: Larisa
[2026-06-03 14:16:50] WARNING: SIN COINCIDENCIA: Le Havre
[2026-06-03 14:16:50] WARNING: SIN COINCIDENCIA: Lechia Gdansk
[2026-06-03 14:16:50] WARNING: SIN COINCIDENCIA: Leeds
[2026-06-03 14:16:50] WARNING: SIN COINCIDENCIA: Leeds United
[2026-06-03 14:16:50] WARNING: SIN COINCIDENCIA: Leipzig
[2026-06-03 14:16:50] WARNING: SIN COINCIDENCIA: Lens
[2026-06-03 14:16:50] WARNING: SIN COINCIDENCIA: Lille
[2026-06-03 14:16:50] INFO: MATCH: Liverpool                                     → https://crests.football-data.org/64.png
[2026-06-03 14:16:50] WARNING: SIN COINCIDENCIA: Lorient
[2026-06-03 14:16:50] WARNING: SIN COINCIDENCIA: Ludogorets
[2026-06-03 14:16:50] WARNING: SIN COINCIDENCIA: Maccabi Haifa
[2026-06-03 14:16:50] WARNING: SIN COINCIDENCIA: Maccabi Tel Aviv
[2026-06-03 14:16:50] INFO: MATCH: Mainz                                         → https://crests.football-data.org/15.png
[2026-06-03 14:16:50] INFO: MATCH: Mainz 05                                      → https://crests.football-data.org/15.png
[2026-06-03 14:16:50] INFO: MATCH: Mallorca                                      → https://crests.football-data.org/89.png
[2026-06-03 14:16:50] WARNING: SIN COINCIDENCIA: Malmo FF
[2026-06-03 14:16:50] WARNING: SIN COINCIDENCIA: Mamelodi Sundowns
[2026-06-03 14:16:50] INFO: MATCH: Manchester City                               → https://crests.football-data.org/65.png
[2026-06-03 14:16:50] INFO: MATCH: Manchester United                             → https://crests.football-data.org/66.png
[2026-06-03 14:16:50] WARNING: SIN COINCIDENCIA: Maribor
[2026-06-03 14:16:50] WARNING: SIN COINCIDENCIA: Marseille
[2026-06-03 14:16:50] WARNING: SIN COINCIDENCIA: Marsella
[2026-06-03 14:16:50] WARNING: SIN COINCIDENCIA: Mazatlán FC
[2026-06-03 14:16:50] WARNING: SIN COINCIDENCIA: Mechelen
[2026-06-03 14:16:50] WARNING: SIN COINCIDENCIA: Miami FC
[2026-06-03 14:16:50] WARNING: SIN COINCIDENCIA: Middlesbrough
[2026-06-03 14:16:50] WARNING: SIN COINCIDENCIA: Midtjylland
[2026-06-03 14:16:50] INFO: MATCH: Milan                                         → https://crests.football-data.org/98.png
[2026-06-03 14:16:50] WARNING: SIN COINCIDENCIA: Millwall
[2026-06-03 14:16:50] WARNING: SIN COINCIDENCIA: Minnesota United
[2026-06-03 14:16:50] WARNING: SIN COINCIDENCIA: Minnesota United FC
[2026-06-03 14:16:50] WARNING: SIN COINCIDENCIA: Mjällby AIF
[2026-06-03 14:16:50] WARNING: SIN COINCIDENCIA: Mlada Boleslav
[2026-06-03 14:16:50] WARNING: SIN COINCIDENCIA: Molde
[2026-06-03 14:16:50] WARNING: SIN COINCIDENCIA: Monaco
[2026-06-03 14:16:50] WARNING: SIN COINCIDENCIA: Monagas
[2026-06-03 14:16:50] WARNING: SIN COINCIDENCIA: Montana 1921
[2026-06-03 14:16:50] WARNING: SIN COINCIDENCIA: Monterrey
[2026-06-03 14:16:50] WARNING: SIN COINCIDENCIA: Montpellier
[2026-06-03 14:16:50] WARNING: SIN COINCIDENCIA: Motherwell F.C.
[2026-06-03 14:16:50] WARNING: SIN COINCIDENCIA: Mónaco
[2026-06-03 14:16:50] WARNING: SIN COINCIDENCIA: N.E.C.
[2026-06-03 14:16:50] WARNING: SIN COINCIDENCIA: NEC Nijmegen
[2026-06-03 14:16:50] WARNING: SIN COINCIDENCIA: NK Maribor
[2026-06-03 14:16:50] WARNING: SIN COINCIDENCIA: NK Slaven Belupo
[2026-06-03 14:16:50] WARNING: SIN COINCIDENCIA: Nacional
[2026-06-03 14:16:50] WARNING: SIN COINCIDENCIA: Napoli
[2026-06-03 14:16:50] WARNING: SIN COINCIDENCIA: New England Revolution
[2026-06-03 14:16:50] WARNING: SIN COINCIDENCIA: New York City FC
[2026-06-03 14:16:50] INFO: MATCH: Newcastle                                     → https://crests.football-data.org/67.png
[2026-06-03 14:16:50] INFO: MATCH: Newcastle Jets FC                             → https://crests.football-data.org/67.png
[2026-06-03 14:16:50] INFO: MATCH: Newcastle United                              → https://crests.football-data.org/67.png
[2026-06-03 14:16:50] WARNING: SIN COINCIDENCIA: Nice
[2026-06-03 14:16:50] WARNING: SIN COINCIDENCIA: Niza
[2026-06-03 14:16:50] WARNING: SIN COINCIDENCIA: Noah
[2026-06-03 14:16:50] INFO: MATCH: Norwich City                                  → https://crests.football-data.org/68.png
[2026-06-03 14:16:50] WARNING: SIN COINCIDENCIA: Nottingham Forest
[2026-06-03 14:16:50] WARNING: SIN COINCIDENCIA: Nottingham Forest F.C.
[2026-06-03 14:16:50] WARNING: SIN COINCIDENCIA: OGC Nice
[2026-06-03 14:16:50] WARNING: SIN COINCIDENCIA: Olympiacos FC
[2026-06-03 14:16:50] WARNING: SIN COINCIDENCIA: Olympique de Lyon
[2026-06-03 14:16:50] WARNING: SIN COINCIDENCIA: Olympique de Marseille
[2026-06-03 14:16:50] WARNING: SIN COINCIDENCIA: Olympique de Marsella
[2026-06-03 14:16:50] WARNING: SIN COINCIDENCIA: Omonia Nicosia
[2026-06-03 14:16:50] WARNING: SIN COINCIDENCIA: Orlando City
[2026-06-03 14:16:50] WARNING: SIN COINCIDENCIA: Orlando City SC
[2026-06-03 14:16:50] WARNING: SIN COINCIDENCIA: Orlando Pirates
[2026-06-03 14:16:50] INFO: MATCH: Osasuna                                       → https://crests.football-data.org/79.png
[2026-06-03 14:16:50] WARNING: SIN COINCIDENCIA: Oțelul Galați
[2026-06-03 14:16:50] WARNING: SIN COINCIDENCIA: PEC Zwolle
[2026-06-03 14:16:50] WARNING: SIN COINCIDENCIA: PFC Turan Tovuz
[2026-06-03 14:16:50] WARNING: SIN COINCIDENCIA: PSG
[2026-06-03 14:16:50] WARNING: SIN COINCIDENCIA: PSV
[2026-06-03 14:16:50] WARNING: SIN COINCIDENCIA: PSV Eindhoven
[2026-06-03 14:16:50] WARNING: SIN COINCIDENCIA: Pafos
[2026-06-03 14:16:50] WARNING: SIN COINCIDENCIA: Palmeiras
[2026-06-03 14:16:50] WARNING: SIN COINCIDENCIA: Panathinaikos
[2026-06-03 14:16:50] WARNING: SIN COINCIDENCIA: Paranaense
[2026-06-03 14:16:50] WARNING: SIN COINCIDENCIA: Paris
[2026-06-03 14:16:50] WARNING: SIN COINCIDENCIA: Paris Saint-Germain
[2026-06-03 14:16:50] WARNING: SIN COINCIDENCIA: Parma
[2026-06-03 14:16:50] WARNING: SIN COINCIDENCIA: Peterborough
[2026-06-03 14:16:50] WARNING: SIN COINCIDENCIA: Philadelphia Union
[2026-06-03 14:16:50] WARNING: SIN COINCIDENCIA: Pisa
[2026-06-03 14:16:50] WARNING: SIN COINCIDENCIA: Plaza Amador
[2026-06-03 14:16:50] WARNING: SIN COINCIDENCIA: Polokwane City
[2026-06-03 14:16:50] WARNING: SIN COINCIDENCIA: Port Vale
[2026-06-03 14:16:50] WARNING: SIN COINCIDENCIA: Portland Timbers
[2026-06-03 14:16:50] WARNING: SIN COINCIDENCIA: Porto
[2026-06-03 14:16:50] WARNING: SIN COINCIDENCIA: Pumas
[2026-06-03 14:16:50] WARNING: SIN COINCIDENCIA: Puskás Akadémia
[2026-06-03 14:16:50] WARNING: SIN COINCIDENCIA: Pyramids
[2026-06-03 14:16:50] WARNING: SIN COINCIDENCIA: Pyramids FC
[2026-06-03 14:16:50] WARNING: SIN COINCIDENCIA: RB Leipzig
[2026-06-03 14:16:50] WARNING: SIN COINCIDENCIA: RC Lens
[2026-06-03 14:16:50] WARNING: SIN COINCIDENCIA: RKC
[2026-06-03 14:16:50] WARNING: SIN COINCIDENCIA: RKC Waalwijk
[2026-06-03 14:16:50] WARNING: SIN COINCIDENCIA: RS Berkane
[2026-06-03 14:16:50] WARNING: SIN COINCIDENCIA: Racign de Estrasburgo
[2026-06-03 14:16:50] WARNING: SIN COINCIDENCIA: Racing Genk
[2026-06-03 14:16:50] WARNING: SIN COINCIDENCIA: Racing Lens
[2026-06-03 14:16:50] WARNING: SIN COINCIDENCIA: Racing de Estrasburgo
[2026-06-03 14:16:50] WARNING: SIN COINCIDENCIA: Racing de Santander
[2026-06-03 14:16:50] WARNING: SIN COINCIDENCIA: Raja Casablanca
[2026-06-03 14:16:50] INFO: MATCH: Rangers                                       → https://crests.football-data.org/69.png
[2026-06-03 14:16:50] INFO: MATCH: Rayo Vallecano                                → https://crests.football-data.org/87.png
[2026-06-03 14:16:50] INFO: MATCH: Real Betis                                    → https://crests.football-data.org/90.png
[2026-06-03 14:16:50] INFO: MATCH: Real Madrid                                   → https://crests.football-data.org/86.png
[2026-06-03 14:16:50] WARNING: SIN COINCIDENCIA: Real Oviedo
[2026-06-03 14:16:50] WARNING: SIN COINCIDENCIA: Real Salt Lake
[2026-06-03 14:16:50] INFO: MATCH: Real Sociedad                                 → https://crests.football-data.org/92.png
[2026-06-03 14:16:50] WARNING: SIN COINCIDENCIA: Red Bull Salzburgo
[2026-06-03 14:16:50] WARNING: SIN COINCIDENCIA: Red Star
[2026-06-03 14:16:50] WARNING: SIN COINCIDENCIA: Rennes
[2026-06-03 14:16:50] WARNING: SIN COINCIDENCIA: River Plate
[2026-06-03 14:16:50] WARNING: SIN COINCIDENCIA: Rizespor
[2026-06-03 14:16:50] INFO: MATCH: Roma                                          → https://crests.football-data.org/100.png
[2026-06-03 14:16:50] WARNING: SIN COINCIDENCIA: Rosario Central
[2026-06-03 14:16:50] WARNING: SIN COINCIDENCIA: Rotherham
[2026-06-03 14:16:50] WARNING: SIN COINCIDENCIA: Royale Union Saint-Gilloise
[2026-06-03 14:16:50] WARNING: SIN COINCIDENCIA: S.S.C. Napoli
[2026-06-03 14:16:50] WARNING: SIN COINCIDENCIA: SC Bastia
[2026-06-03 14:16:50] WARNING: SIN COINCIDENCIA: SJK Seinajoki
[2026-06-03 14:16:50] WARNING: SIN COINCIDENCIA: SK Beveren
[2026-06-03 14:16:50] WARNING: SIN COINCIDENCIA: SV Zulte Waregem
[2026-06-03 14:16:50] WARNING: SIN COINCIDENCIA: Salzburgo
[2026-06-03 14:16:50] WARNING: SIN COINCIDENCIA: Sampdoria
[2026-06-03 14:16:50] WARNING: SIN COINCIDENCIA: Samsunspor
[2026-06-03 14:16:50] WARNING: SIN COINCIDENCIA: San Diego FC
[2026-06-03 14:16:50] WARNING: SIN COINCIDENCIA: Sanfrecce Hiroshima
[2026-06-03 14:16:50] WARNING: SIN COINCIDENCIA: Santos
[2026-06-03 14:16:50] WARNING: SIN COINCIDENCIA: Sassuolo
[2026-06-03 14:16:50] INFO: MATCH: Schalke 04                                    → https://crests.football-data.org/6.png
[2026-06-03 14:16:50] WARNING: SIN COINCIDENCIA: Seattle Sounders
[2026-06-03 14:16:50] WARNING: SIN COINCIDENCIA: Servette
[2026-06-03 14:16:50] WARNING: SIN COINCIDENCIA: Sevilla
[2026-06-03 14:16:50] WARNING: SIN COINCIDENCIA: Shamrock Rovers
[2026-06-03 14:16:50] WARNING: SIN COINCIDENCIA: Sheffield United
[2026-06-03 14:16:50] WARNING: SIN COINCIDENCIA: Sheffield United F.C.
[2026-06-03 14:16:50] WARNING: SIN COINCIDENCIA: Silkeborg IF
[2026-06-03 14:16:50] WARNING: SIN COINCIDENCIA: Sint Truidense
[2026-06-03 14:16:50] WARNING: SIN COINCIDENCIA: Sint-Truidense
[2026-06-03 14:16:50] WARNING: SIN COINCIDENCIA: Slavia Praga
[2026-06-03 14:16:50] WARNING: SIN COINCIDENCIA: Slovan Bratislava
[2026-06-03 14:16:50] WARNING: SIN COINCIDENCIA: Slovan Liberec
[2026-06-03 14:16:50] WARNING: SIN COINCIDENCIA: Smouha SC
[2026-06-03 14:16:50] WARNING: SIN COINCIDENCIA: Sparta Praga
[2026-06-03 14:16:50] WARNING: SIN COINCIDENCIA: Sparta Rotterdam
[2026-06-03 14:16:50] WARNING: SIN COINCIDENCIA: Spartak Moscow
[2026-06-03 14:16:50] INFO: MATCH: Sporting                                      → https://crests.football-data.org/96.png
[2026-06-03 14:16:50] WARNING: SIN COINCIDENCIA: Sporting Braga
[2026-06-03 14:16:50] WARNING: SIN COINCIDENCIA: Sporting CP
[2026-06-03 14:16:50] WARNING: SIN COINCIDENCIA: Sporting Lisboa
[2026-06-03 14:16:50] WARNING: SIN COINCIDENCIA: Sporting de Portugal
[2026-06-03 14:16:50] WARNING: SIN COINCIDENCIA: Stade Nyonnais
[2026-06-03 14:16:50] WARNING: SIN COINCIDENCIA: Stade Rennais
[2026-06-03 14:16:50] WARNING: SIN COINCIDENCIA: Stade de Reims
[2026-06-03 14:16:50] WARNING: SIN COINCIDENCIA: Standard Liege
[2026-06-03 14:16:50] INFO: MATCH: Stoke City                                    → https://crests.football-data.org/70.png
[2026-06-03 14:16:50] WARNING: SIN COINCIDENCIA: Strasbourg
[2026-06-03 14:16:50] INFO: MATCH: Stuttgart                                     → https://crests.football-data.org/10.png
[2026-06-03 14:16:50] INFO: MATCH: Sunderland                                    → https://crests.football-data.org/71.png
[2026-06-03 14:16:50] INFO: MATCH: Sunderland AFC                                → https://crests.football-data.org/71.png
[2026-06-03 14:16:50] INFO: MATCH: Swansea                                       → https://crests.football-data.org/72.png
[2026-06-03 14:16:50] INFO: MATCH: Swansea City A.F.C.                           → https://crests.football-data.org/72.png
[2026-06-03 14:16:50] INFO: MATCH: TSG Hoffenheim                                → https://crests.football-data.org/2.png
[2026-06-03 14:16:50] WARNING: SIN COINCIDENCIA: Telstar
[2026-06-03 14:16:50] WARNING: SIN COINCIDENCIA: Terengganu FC
[2026-06-03 14:16:50] WARNING: SIN COINCIDENCIA: Tigres
[2026-06-03 14:16:50] WARNING: SIN COINCIDENCIA: Tigres UANL
[2026-06-03 14:16:50] WARNING: SIN COINCIDENCIA: Tondela
[2026-06-03 14:16:50] WARNING: SIN COINCIDENCIA: Torino
[2026-06-03 14:16:50] WARNING: SIN COINCIDENCIA: Toronto
[2026-06-03 14:16:50] WARNING: SIN COINCIDENCIA: Toronto FC
[2026-06-03 14:16:50] WARNING: SIN COINCIDENCIA: Torreense
[2026-06-03 14:16:50] INFO: MATCH: Tottenham                                     → https://crests.football-data.org/73.png
[2026-06-03 14:16:50] INFO: MATCH: Tottenham Hotspur                             → https://crests.football-data.org/73.png
[2026-06-03 14:16:50] WARNING: SIN COINCIDENCIA: Toulouse
[2026-06-03 14:16:50] WARNING: SIN COINCIDENCIA: Trabzonspor
[2026-06-03 14:16:50] WARNING: SIN COINCIDENCIA: Twente
[2026-06-03 14:16:50] WARNING: SIN COINCIDENCIA: U. Católica de Ecuador
[2026-06-03 14:16:50] WARNING: SIN COINCIDENCIA: US Monastir
[2026-06-03 14:16:50] WARNING: SIN COINCIDENCIA: US Sassuolo Calcio
[2026-06-03 14:16:50] WARNING: SIN COINCIDENCIA: USM Alger
[2026-06-03 14:16:50] WARNING: SIN COINCIDENCIA: Udinese
[2026-06-03 14:16:50] WARNING: SIN COINCIDENCIA: Ulsan
[2026-06-03 14:16:50] INFO: MATCH: Union Berlin                                  → https://crests.football-data.org/28.png
[2026-06-03 14:16:50] WARNING: SIN COINCIDENCIA: Union Saint-Gilloise
[2026-06-03 14:16:50] WARNING: SIN COINCIDENCIA: Universidad de Concepción
[2026-06-03 14:16:50] WARNING: SIN COINCIDENCIA: Universitatea Cluj
[2026-06-03 14:16:50] WARNING: SIN COINCIDENCIA: VVV-Venlo
[2026-06-03 14:16:50] INFO: MATCH: Valencia                                      → https://crests.football-data.org/95.png
[2026-06-03 14:16:50] WARNING: SIN COINCIDENCIA: Vancouver Whitecaps
[2026-06-03 14:16:50] WARNING: SIN COINCIDENCIA: Vasco da Gama
[2026-06-03 14:16:50] WARNING: SIN COINCIDENCIA: Venezia FC
[2026-06-03 14:16:50] WARNING: SIN COINCIDENCIA: Viking
[2026-06-03 14:16:50] WARNING: SIN COINCIDENCIA: Viking FK
[2026-06-03 14:16:50] WARNING: SIN COINCIDENCIA: Viktoria Plzen
[2026-06-03 14:16:50] WARNING: SIN COINCIDENCIA: Viktoria Plzeň
[2026-06-03 14:16:50] WARNING: SIN COINCIDENCIA: Villareal
[2026-06-03 14:16:50] INFO: MATCH: Villarreal                                    → https://crests.football-data.org/94.png
[2026-06-03 14:16:50] WARNING: SIN COINCIDENCIA: Violette AC
[2026-06-03 14:16:50] WARNING: SIN COINCIDENCIA: Vitória
[2026-06-03 14:16:50] WARNING: SIN COINCIDENCIA: Vélez Sarsfield
[2026-06-03 14:16:50] WARNING: SIN COINCIDENCIA: Watford
[2026-06-03 14:16:50] WARNING: SIN COINCIDENCIA: Wellington Phoenix FC
[2026-06-03 14:16:50] INFO: MATCH: Werder Bremen                                 → https://crests.football-data.org/12.png
[2026-06-03 14:16:50] WARNING: SIN COINCIDENCIA: West Ham
[2026-06-03 14:16:50] WARNING: SIN COINCIDENCIA: West Ham United
[2026-06-03 14:16:50] WARNING: SIN COINCIDENCIA: West Ham United/Marsella
[2026-06-03 14:16:50] WARNING: SIN COINCIDENCIA: Western Sydney Wanderers
[2026-06-03 14:16:50] WARNING: SIN COINCIDENCIA: Widzew Lodz
[2026-06-03 14:16:50] WARNING: SIN COINCIDENCIA: Wolfsberger AC
[2026-06-03 14:16:50] INFO: MATCH: Wolfsburg                                     → https://crests.football-data.org/11.png
[2026-06-03 14:16:50] INFO: MATCH: Wolfsburgo                                    → https://crests.football-data.org/11.png
[2026-06-03 14:16:50] INFO: MATCH: Wolverhampton                                 → https://crests.football-data.org/76.png
[2026-06-03 14:16:50] WARNING: SIN COINCIDENCIA: Wrexham
[2026-06-03 14:16:50] WARNING: SIN COINCIDENCIA: Young Boys
[2026-06-03 14:16:50] WARNING: SIN COINCIDENCIA: ZED FC
[2026-06-03 14:16:50] WARNING: SIN COINCIDENCIA: Zamalek
[2026-06-03 14:16:50] WARNING: SIN COINCIDENCIA: Zenit
[2026-06-03 14:16:50] WARNING: SIN COINCIDENCIA: Zhejiang
[2026-06-03 14:16:50] WARNING: SIN COINCIDENCIA: Çaykur Rizespor
[2026-06-03 14:16:50] WARNING: SIN COINCIDENCIA: Étoile du Sahel
[2026-06-03 14:16:50] INFO: Archivo generado exitosamente: C:\Users\Franc\OneDrive\Documentos\ThinkPad\Github\worldcup-app\data\data_frontend\teams.json (75 entradas)
[2026-06-03 14:16:50] INFO: ------------------------------------------------------------
[2026-06-03 14:16:50] INFO: RESUMEN:
[2026-06-03 14:16:50] INFO:   Equipos en lista local : 443
[2026-06-03 14:16:50] INFO:   Matches encontrados    : 75
[2026-06-03 14:16:50] INFO:   Sin coincidencia       : 368
[2026-06-03 14:16:50] INFO: Equipos sin coincidencia en la API:
[2026-06-03 14:16:50] INFO:   - AEL Limassol
[2026-06-03 14:16:50] INFO:   - AFC Bournemouth
[2026-06-03 14:16:50] INFO:   - AIK
[2026-06-03 14:16:50] INFO:   - AJ Auxerre
[2026-06-03 14:16:50] INFO:   - AS Monaco
[2026-06-03 14:16:50] INFO:   - AS Nancy-Lorraine
[2026-06-03 14:16:50] INFO:   - AS Saint-Étienne
[2026-06-03 14:16:50] INFO:   - Abha Club
[2026-06-03 14:16:50] INFO:   - Academia Puerto Cabello
[2026-06-03 14:16:50] INFO:   - Ajax
[2026-06-03 14:16:50] INFO:   - Akron Tolyatti
[2026-06-03 14:16:50] INFO:   - Al Ahli
[2026-06-03 14:16:50] INFO:   - Al Ahly
[2026-06-03 14:16:50] INFO:   - Al Ain
[2026-06-03 14:16:50] INFO:   - Al Bataeh
[2026-06-03 14:16:50] INFO:   - Al Feiha
[2026-06-03 14:16:50] INFO:   - Al Hilal
[2026-06-03 14:16:50] INFO:   - Al Ittihad
[2026-06-03 14:16:50] INFO:   - Al Jazira
[2026-06-03 14:16:50] INFO:   - Al Nasr
[2026-06-03 14:16:50] INFO:   - Al Nassr
[2026-06-03 14:16:50] INFO:   - Al Sharjah
[2026-06-03 14:16:50] INFO:   - Al Wakrah
[2026-06-03 14:16:50] INFO:   - Al-Ahli
[2026-06-03 14:16:50] INFO:   - Al-Ahli Saudi FC
[2026-06-03 14:16:50] INFO:   - Al-Ain FC
[2026-06-03 14:16:50] INFO:   - Al-Duhail
[2026-06-03 14:16:50] INFO:   - Al-Ettifaq
[2026-06-03 14:16:50] INFO:   - Al-Hilal
[2026-06-03 14:16:50] INFO:   - Al-Hilal SFC
[2026-06-03 14:16:50] INFO:   - Al-Ittihad
[2026-06-03 14:16:50] INFO:   - Alanyaspor
[2026-06-03 14:16:50] INFO:   - Almere City FC
[2026-06-03 14:16:50] INFO:   - América de México
[2026-06-03 14:16:50] INFO:   - Anderlecht
[2026-06-03 14:16:50] INFO:   - Angers SCO
[2026-06-03 14:16:50] INFO:   - Apollon Limassol
[2026-06-03 14:16:50] INFO:   - Aris Limassol
[2026-06-03 14:16:50] INFO:   - Astana
[2026-06-03 14:16:50] INFO:   - Atlas
[2026-06-03 14:16:50] INFO:   - Atromitos
[2026-06-03 14:16:50] INFO:   - Auckland FC
[2026-06-03 14:16:50] INFO:   - Austria Viena
[2026-06-03 14:16:50] INFO:   - Auxerre
[2026-06-03 14:16:50] INFO:   - BSC Young Boys II
[2026-06-03 14:16:50] INFO:   - Barnsley
[2026-06-03 14:16:50] INFO:   - Basaksehir
[2026-06-03 14:16:50] INFO:   - Benfica
[2026-06-03 14:16:50] INFO:   - Besiktas
[2026-06-03 14:16:50] INFO:   - Birmingham
[2026-06-03 14:16:50] INFO:   - Bodo Glimt
[2026-06-03 14:16:50] INFO:   - Botafogo
[2026-06-03 14:16:50] INFO:   - Bournemouth
[2026-06-03 14:16:50] INFO:   - Braga
[2026-06-03 14:16:50] INFO:   - Braintree Town F.C.
[2026-06-03 14:16:50] INFO:   - Brentford
[2026-06-03 14:16:50] INFO:   - Brighton
[2026-06-03 14:16:50] INFO:   - Brondby IF
[2026-06-03 14:16:50] INFO:   - Brujas
[2026-06-03 14:16:50] INFO:   - Brøndby IF
[2026-06-03 14:16:50] INFO:   - Burnley
[2026-06-03 14:16:50] INFO:   - CD Plaza Amador
[2026-06-03 14:16:50] INFO:   - CS Constantine
[2026-06-03 14:16:50] INFO:   - CS Sfaxien
[2026-06-03 14:16:50] INFO:   - Casa Pia
[2026-06-03 14:16:50] INFO:   - Castellon
[2026-06-03 14:16:50] INFO:   - Celta de Vigo
[2026-06-03 14:16:50] INFO:   - Celtic
[2026-06-03 14:16:50] INFO:   - Celtic Glasgow
[2026-06-03 14:16:50] INFO:   - Cercle Brugge
[2026-06-03 14:16:50] INFO:   - Charleroi
[2026-06-03 14:16:50] INFO:   - Charlotte FC
[2026-06-03 14:16:50] INFO:   - Chaves
[2026-06-03 14:16:50] INFO:   - Chicago Fire
[2026-06-03 14:16:50] INFO:   - Cincinatti FC
[2026-06-03 14:16:50] INFO:   - Club Africain
[2026-06-03 14:16:50] INFO:   - Club América
[2026-06-03 14:16:50] INFO:   - Club Deportivo Marathón
[2026-06-03 14:16:50] INFO:   - Club León
[2026-06-03 14:16:50] INFO:   - Cobresal
[2026-06-03 14:16:50] INFO:   - Colorado Springs
[2026-06-03 14:16:50] INFO:   - Columbus Crew
[2026-06-03 14:16:50] INFO:   - Como
[2026-06-03 14:16:50] INFO:   - Copenhagen
[2026-06-03 14:16:50] INFO:   - Copenhague
[2026-06-03 14:16:50] INFO:   - Corinthians
[2026-06-03 14:16:50] INFO:   - Coventry City
[2026-06-03 14:16:50] INFO:   - Cremonese
[2026-06-03 14:16:50] INFO:   - Cruz Azul
[2026-06-03 14:16:50] INFO:   - Crystal Palace
[2026-06-03 14:16:50] INFO:   - Daejeon
[2026-06-03 14:16:50] INFO:   - Deportivo La Guaira
[2026-06-03 14:16:50] INFO:   - Deportivo Saprissa
[2026-06-03 14:16:50] INFO:   - Derby County
[2026-06-03 14:16:50] INFO:   - Desconocido
[2026-06-03 14:16:50] INFO:   - Dinamo Zagreb
[2026-06-03 14:16:50] INFO:   - Dynamo Makhachkala
[2026-06-03 14:16:50] INFO:   - ES Tunis
[2026-06-03 14:16:50] INFO:   - El Gouna
[2026-06-03 14:16:50] INFO:   - El Paso Locomotive FC
[2026-06-03 14:16:50] INFO:   - Elche
[2026-06-03 14:16:50] INFO:   - Espérance de Tunis
[2026-06-03 14:16:50] INFO:   - Esteghlal FC
[2026-06-03 14:16:50] INFO:   - Estrasburgo
[2026-06-03 14:16:50] INFO:   - Estrela da Amadora
[2026-06-03 14:16:50] INFO:   - Estrella Roja
[2026-06-03 14:16:50] INFO:   - Estrella Roja de Belgrado
[2026-06-03 14:16:50] INFO:   - Estudiantes de La Plata
[2026-06-03 14:16:50] INFO:   - F. C. Tokyo
[2026-06-03 14:16:50] INFO:   - FC Cincinnati
[2026-06-03 14:16:50] INFO:   - FC Cosmos Koblenz
[2026-06-03 14:16:50] INFO:   - FC Dallas
[2026-06-03 14:16:50] INFO:   - FC Den Bosch
[2026-06-03 14:16:50] INFO:   - FC Lugano
[2026-06-03 14:16:50] INFO:   - FC Nantes
[2026-06-03 14:16:50] INFO:   - FC Pari Nizhniy Novgorod
[2026-06-03 14:16:50] INFO:   - FC Sochaux
[2026-06-03 14:16:50] INFO:   - FC Tatran Prešov
[2026-06-03 14:16:50] INFO:   - FC Tokio
[2026-06-03 14:16:50] INFO:   - FC Twente
[2026-06-03 14:16:50] INFO:   - FC Vizela
[2026-06-03 14:16:50] INFO:   - FC Volendam
[2026-06-03 14:16:50] INFO:   - FC Zürich
[2026-06-03 14:16:50] INFO:   - Farense
[2026-06-03 14:16:50] INFO:   - Fenerbahce
[2026-06-03 14:16:50] INFO:   - Fenerbahçe
[2026-06-03 14:16:50] INFO:   - Fenerbahçe SK/Betis
[2026-06-03 14:16:50] INFO:   - Ferencváros TC
[2026-06-03 14:16:50] INFO:   - Feyenoord
[2026-06-03 14:16:50] INFO:   - Flamengo
[2026-06-03 14:16:50] INFO:   - Fluminense
[2026-06-03 14:16:50] INFO:   - Friburgo
[2026-06-03 14:16:50] INFO:   - Frosinone
[2026-06-03 14:16:50] INFO:   - Galatasaray
[2026-06-03 14:16:50] INFO:   - Gangwon
[2026-06-03 14:16:50] INFO:   - Gaziantep
[2026-06-03 14:16:50] INFO:   - Genk
[2026-06-03 14:16:50] INFO:   - Gençlerbirliği
[2026-06-03 14:16:50] INFO:   - Gil Vicente
[2026-06-03 14:16:50] INFO:   - Girona
[2026-06-03 14:16:50] INFO:   - Gremio
[2026-06-03 14:16:50] INFO:   - Gyor
[2026-06-03 14:16:50] INFO:   - HNK Rijeka
[2026-06-03 14:16:50] INFO:   - Hajduk Split
[2026-06-03 14:16:50] INFO:   - Hamburgo
[2026-06-03 14:16:50] INFO:   - Hapoel Ironi Kiryat Shmona
[2026-06-03 14:16:50] INFO:   - Heart of Midlothian
[2026-06-03 14:16:50] INFO:   - Hellas Verona
[2026-06-03 14:16:50] INFO:   - Hibernian
[2026-06-03 14:16:50] INFO:   - Holstein Kiel
[2026-06-03 14:16:50] INFO:   - Hradec Kralove
[2026-06-03 14:16:50] INFO:   - Hull City
[2026-06-03 14:16:50] INFO:   - IFK Norrköping
[2026-06-03 14:16:50] INFO:   - Igdir FK
[2026-06-03 14:16:50] INFO:   - Igdır FK
[2026-06-03 14:16:50] INFO:   - Independiente
[2026-06-03 14:16:50] INFO:   - Inter
[2026-06-03 14:16:50] INFO:   - Inter Miami
[2026-06-03 14:16:50] INFO:   - Internacional de Porto Alegre
[2026-06-03 14:16:50] INFO:   - Ipswich Town
[2026-06-03 14:16:50] INFO:   - JS Kabylie
[2026-06-03 14:16:50] INFO:   - Jagiellonia Bialystok
[2026-06-03 14:16:50] INFO:   - Jeonbuk
[2026-06-03 14:16:50] INFO:   - Juventus
[2026-06-03 14:16:50] INFO:   - Juárez FC
[2026-06-03 14:16:50] INFO:   - KAA Gent
[2026-06-03 14:16:50] INFO:   - KRC Genk
[2026-06-03 14:16:50] INFO:   - Kaizer Chiefs
[2026-06-03 14:16:50] INFO:   - Kashima Antlers
[2026-06-03 14:16:50] INFO:   - Kashima Antrlers
[2026-06-03 14:16:50] INFO:   - Kasımpaşa
[2026-06-03 14:16:50] INFO:   - Kayserispor
[2026-06-03 14:16:50] INFO:   - Kifisia
[2026-06-03 14:16:50] INFO:   - Kilmarnock
[2026-06-03 14:16:50] INFO:   - Konyaspor
[2026-06-03 14:16:50] INFO:   - Krasnodar
[2026-06-03 14:16:50] INFO:   - LAFC
[2026-06-03 14:16:50] INFO:   - LASK
[2026-06-03 14:16:50] INFO:   - LDU Quito
[2026-06-03 14:16:50] INFO:   - Larisa
[2026-06-03 14:16:50] INFO:   - Le Havre
[2026-06-03 14:16:50] INFO:   - Lechia Gdansk
[2026-06-03 14:16:50] INFO:   - Leeds
[2026-06-03 14:16:50] INFO:   - Leeds United
[2026-06-03 14:16:50] INFO:   - Leipzig
[2026-06-03 14:16:50] INFO:   - Lens
[2026-06-03 14:16:50] INFO:   - Lille
[2026-06-03 14:16:50] INFO:   - Lorient
[2026-06-03 14:16:50] INFO:   - Ludogorets
[2026-06-03 14:16:50] INFO:   - Maccabi Haifa
[2026-06-03 14:16:50] INFO:   - Maccabi Tel Aviv
[2026-06-03 14:16:50] INFO:   - Malmo FF
[2026-06-03 14:16:50] INFO:   - Mamelodi Sundowns
[2026-06-03 14:16:50] INFO:   - Maribor
[2026-06-03 14:16:50] INFO:   - Marseille
[2026-06-03 14:16:50] INFO:   - Marsella
[2026-06-03 14:16:50] INFO:   - Mazatlán FC
[2026-06-03 14:16:50] INFO:   - Mechelen
[2026-06-03 14:16:50] INFO:   - Miami FC
[2026-06-03 14:16:50] INFO:   - Middlesbrough
[2026-06-03 14:16:50] INFO:   - Midtjylland
[2026-06-03 14:16:50] INFO:   - Millwall
[2026-06-03 14:16:50] INFO:   - Minnesota United
[2026-06-03 14:16:50] INFO:   - Minnesota United FC
[2026-06-03 14:16:50] INFO:   - Mjällby AIF
[2026-06-03 14:16:50] INFO:   - Mlada Boleslav
[2026-06-03 14:16:50] INFO:   - Molde
[2026-06-03 14:16:50] INFO:   - Monaco
[2026-06-03 14:16:50] INFO:   - Monagas
[2026-06-03 14:16:50] INFO:   - Montana 1921
[2026-06-03 14:16:50] INFO:   - Monterrey
[2026-06-03 14:16:50] INFO:   - Montpellier
[2026-06-03 14:16:50] INFO:   - Motherwell F.C.
[2026-06-03 14:16:50] INFO:   - Mónaco
[2026-06-03 14:16:50] INFO:   - N.E.C.
[2026-06-03 14:16:50] INFO:   - NEC Nijmegen
[2026-06-03 14:16:50] INFO:   - NK Maribor
[2026-06-03 14:16:50] INFO:   - NK Slaven Belupo
[2026-06-03 14:16:50] INFO:   - Nacional
[2026-06-03 14:16:50] INFO:   - Napoli
[2026-06-03 14:16:50] INFO:   - New England Revolution
[2026-06-03 14:16:50] INFO:   - New York City FC
[2026-06-03 14:16:50] INFO:   - Nice
[2026-06-03 14:16:50] INFO:   - Niza
[2026-06-03 14:16:50] INFO:   - Noah
[2026-06-03 14:16:50] INFO:   - Nottingham Forest
[2026-06-03 14:16:50] INFO:   - Nottingham Forest F.C.
[2026-06-03 14:16:50] INFO:   - OGC Nice
[2026-06-03 14:16:50] INFO:   - Olympiacos FC
[2026-06-03 14:16:50] INFO:   - Olympique de Lyon
[2026-06-03 14:16:50] INFO:   - Olympique de Marseille
[2026-06-03 14:16:50] INFO:   - Olympique de Marsella
[2026-06-03 14:16:50] INFO:   - Omonia Nicosia
[2026-06-03 14:16:50] INFO:   - Orlando City
[2026-06-03 14:16:50] INFO:   - Orlando City SC
[2026-06-03 14:16:50] INFO:   - Orlando Pirates
[2026-06-03 14:16:50] INFO:   - Oțelul Galați
[2026-06-03 14:16:50] INFO:   - PEC Zwolle
[2026-06-03 14:16:50] INFO:   - PFC Turan Tovuz
[2026-06-03 14:16:50] INFO:   - PSG
[2026-06-03 14:16:50] INFO:   - PSV
[2026-06-03 14:16:50] INFO:   - PSV Eindhoven
[2026-06-03 14:16:50] INFO:   - Pafos
[2026-06-03 14:16:50] INFO:   - Palmeiras
[2026-06-03 14:16:50] INFO:   - Panathinaikos
[2026-06-03 14:16:50] INFO:   - Paranaense
[2026-06-03 14:16:50] INFO:   - Paris
[2026-06-03 14:16:50] INFO:   - Paris Saint-Germain
[2026-06-03 14:16:50] INFO:   - Parma
[2026-06-03 14:16:50] INFO:   - Peterborough
[2026-06-03 14:16:50] INFO:   - Philadelphia Union
[2026-06-03 14:16:50] INFO:   - Pisa
[2026-06-03 14:16:50] INFO:   - Plaza Amador
[2026-06-03 14:16:50] INFO:   - Polokwane City
[2026-06-03 14:16:50] INFO:   - Port Vale
[2026-06-03 14:16:50] INFO:   - Portland Timbers
[2026-06-03 14:16:50] INFO:   - Porto
[2026-06-03 14:16:50] INFO:   - Pumas
[2026-06-03 14:16:50] INFO:   - Puskás Akadémia
[2026-06-03 14:16:50] INFO:   - Pyramids
[2026-06-03 14:16:50] INFO:   - Pyramids FC
[2026-06-03 14:16:50] INFO:   - RB Leipzig
[2026-06-03 14:16:50] INFO:   - RC Lens
[2026-06-03 14:16:50] INFO:   - RKC
[2026-06-03 14:16:50] INFO:   - RKC Waalwijk
[2026-06-03 14:16:50] INFO:   - RS Berkane
[2026-06-03 14:16:50] INFO:   - Racign de Estrasburgo
[2026-06-03 14:16:50] INFO:   - Racing Genk
[2026-06-03 14:16:50] INFO:   - Racing Lens
[2026-06-03 14:16:50] INFO:   - Racing de Estrasburgo
[2026-06-03 14:16:50] INFO:   - Racing de Santander
[2026-06-03 14:16:50] INFO:   - Raja Casablanca
[2026-06-03 14:16:50] INFO:   - Real Oviedo
[2026-06-03 14:16:50] INFO:   - Real Salt Lake
[2026-06-03 14:16:50] INFO:   - Red Bull Salzburgo
[2026-06-03 14:16:50] INFO:   - Red Star
[2026-06-03 14:16:50] INFO:   - Rennes
[2026-06-03 14:16:50] INFO:   - River Plate
[2026-06-03 14:16:50] INFO:   - Rizespor
[2026-06-03 14:16:50] INFO:   - Rosario Central
[2026-06-03 14:16:50] INFO:   - Rotherham
[2026-06-03 14:16:50] INFO:   - Royale Union Saint-Gilloise
[2026-06-03 14:16:50] INFO:   - S.S.C. Napoli
[2026-06-03 14:16:50] INFO:   - SC Bastia
[2026-06-03 14:16:50] INFO:   - SJK Seinajoki
[2026-06-03 14:16:50] INFO:   - SK Beveren
[2026-06-03 14:16:50] INFO:   - SV Zulte Waregem
[2026-06-03 14:16:50] INFO:   - Salzburgo
[2026-06-03 14:16:50] INFO:   - Sampdoria
[2026-06-03 14:16:50] INFO:   - Samsunspor
[2026-06-03 14:16:50] INFO:   - San Diego FC
[2026-06-03 14:16:50] INFO:   - Sanfrecce Hiroshima
[2026-06-03 14:16:50] INFO:   - Santos
[2026-06-03 14:16:50] INFO:   - Sassuolo
[2026-06-03 14:16:50] INFO:   - Seattle Sounders
[2026-06-03 14:16:50] INFO:   - Servette
[2026-06-03 14:16:50] INFO:   - Sevilla
[2026-06-03 14:16:50] INFO:   - Shamrock Rovers
[2026-06-03 14:16:50] INFO:   - Sheffield United
[2026-06-03 14:16:50] INFO:   - Sheffield United F.C.
[2026-06-03 14:16:50] INFO:   - Silkeborg IF
[2026-06-03 14:16:50] INFO:   - Sint Truidense
[2026-06-03 14:16:50] INFO:   - Sint-Truidense
[2026-06-03 14:16:50] INFO:   - Slavia Praga
[2026-06-03 14:16:50] INFO:   - Slovan Bratislava
[2026-06-03 14:16:50] INFO:   - Slovan Liberec
[2026-06-03 14:16:50] INFO:   - Smouha SC
[2026-06-03 14:16:50] INFO:   - Sparta Praga
[2026-06-03 14:16:50] INFO:   - Sparta Rotterdam
[2026-06-03 14:16:50] INFO:   - Spartak Moscow
[2026-06-03 14:16:50] INFO:   - Sporting Braga
[2026-06-03 14:16:50] INFO:   - Sporting CP
[2026-06-03 14:16:50] INFO:   - Sporting Lisboa
[2026-06-03 14:16:50] INFO:   - Sporting de Portugal
[2026-06-03 14:16:50] INFO:   - Stade Nyonnais
[2026-06-03 14:16:50] INFO:   - Stade Rennais
[2026-06-03 14:16:50] INFO:   - Stade de Reims
[2026-06-03 14:16:50] INFO:   - Standard Liege
[2026-06-03 14:16:50] INFO:   - Strasbourg
[2026-06-03 14:16:50] INFO:   - Telstar
[2026-06-03 14:16:50] INFO:   - Terengganu FC
[2026-06-03 14:16:50] INFO:   - Tigres
[2026-06-03 14:16:50] INFO:   - Tigres UANL
[2026-06-03 14:16:50] INFO:   - Tondela
[2026-06-03 14:16:50] INFO:   - Torino
[2026-06-03 14:16:50] INFO:   - Toronto
[2026-06-03 14:16:50] INFO:   - Toronto FC
[2026-06-03 14:16:50] INFO:   - Torreense
[2026-06-03 14:16:50] INFO:   - Toulouse
[2026-06-03 14:16:50] INFO:   - Trabzonspor
[2026-06-03 14:16:50] INFO:   - Twente
[2026-06-03 14:16:50] INFO:   - U. Católica de Ecuador
[2026-06-03 14:16:50] INFO:   - US Monastir
[2026-06-03 14:16:50] INFO:   - US Sassuolo Calcio
[2026-06-03 14:16:50] INFO:   - USM Alger
[2026-06-03 14:16:50] INFO:   - Udinese
[2026-06-03 14:16:50] INFO:   - Ulsan
[2026-06-03 14:16:50] INFO:   - Union Saint-Gilloise
[2026-06-03 14:16:50] INFO:   - Universidad de Concepción
[2026-06-03 14:16:50] INFO:   - Universitatea Cluj
[2026-06-03 14:16:50] INFO:   - VVV-Venlo
[2026-06-03 14:16:50] INFO:   - Vancouver Whitecaps
[2026-06-03 14:16:50] INFO:   - Vasco da Gama
[2026-06-03 14:16:50] INFO:   - Venezia FC
[2026-06-03 14:16:50] INFO:   - Viking
[2026-06-03 14:16:50] INFO:   - Viking FK
[2026-06-03 14:16:50] INFO:   - Viktoria Plzen
[2026-06-03 14:16:50] INFO:   - Viktoria Plzeň
[2026-06-03 14:16:50] INFO:   - Villareal
[2026-06-03 14:16:50] INFO:   - Violette AC
[2026-06-03 14:16:50] INFO:   - Vitória
[2026-06-03 14:16:50] INFO:   - Vélez Sarsfield
[2026-06-03 14:16:50] INFO:   - Watford
[2026-06-03 14:16:50] INFO:   - Wellington Phoenix FC
[2026-06-03 14:16:50] INFO:   - West Ham
[2026-06-03 14:16:50] INFO:   - West Ham United
[2026-06-03 14:16:50] INFO:   - West Ham United/Marsella
[2026-06-03 14:16:50] INFO:   - Western Sydney Wanderers
[2026-06-03 14:16:50] INFO:   - Widzew Lodz
[2026-06-03 14:16:50] INFO:   - Wolfsberger AC
[2026-06-03 14:16:50] INFO:   - Wrexham
[2026-06-03 14:16:50] INFO:   - Young Boys
[2026-06-03 14:16:50] INFO:   - ZED FC
[2026-06-03 14:16:50] INFO:   - Zamalek
[2026-06-03 14:16:50] INFO:   - Zenit
[2026-06-03 14:16:50] INFO:   - Zhejiang
[2026-06-03 14:16:50] INFO:   - Çaykur Rizespor
[2026-06-03 14:16:50] INFO:   - Étoile du Sahel
[2026-06-03 14:16:50] INFO: ============================================================
[2026-06-03 14:16:50] INFO: Script finalizado.
[2026-06-03 14:21:00] INFO: ============================================================
[2026-06-03 14:21:00] INFO: Inicio de fetch_footballdata_crests.py
[2026-06-03 14:21:00] INFO: Threshold Jaccard: 0.60 | Threshold Fuzzy: 0.80
[2026-06-03 14:21:00] INFO: ============================================================
[2026-06-03 14:21:00] INFO: Cargados 443 equipos desde convocados_equipos.json
[2026-06-03 14:21:05] INFO: Competición 'Campeonato Brasileiro Série A': 20 equipos.
[2026-06-03 14:21:08] INFO: Competición 'Championship': 24 equipos.
[2026-06-03 14:21:11] INFO: Competición 'Premier League': 20 equipos.
[2026-06-03 14:21:15] INFO: Competición 'UEFA Champions League': 36 equipos.
[2026-06-03 14:21:17] INFO: Competición 'European Championship': 24 equipos.
[2026-06-03 14:21:19] INFO: Competición 'Ligue 1': 18 equipos.
[2026-06-03 14:21:22] INFO: Competición 'Bundesliga': 18 equipos.
[2026-06-03 14:21:24] INFO: Competición 'Serie A': 20 equipos.
[2026-06-03 14:21:27] INFO: Competición 'Eredivisie': 18 equipos.
[2026-06-03 14:21:29] INFO: Competición 'Primeira Liga': 18 equipos.
[2026-06-03 14:21:31] WARNING: No se pudieron obtener equipos de 'Copa Libertadores': 429 Client Error:  for url: https://api.football-data.org/v4/competitions/2152/teams
[2026-06-03 14:21:33] WARNING: No se pudieron obtener equipos de 'Primera Division': 429 Client Error:  for url: https://api.football-data.org/v4/competitions/2014/teams
[2026-06-03 14:21:35] WARNING: No se pudieron obtener equipos de 'FIFA World Cup': 429 Client Error:  for url: https://api.football-data.org/v4/competitions/2000/teams
[2026-06-03 14:21:37] WARNING: Paginación detenida en offset 0: 429 Client Error:  for url: https://api.football-data.org/v4/teams?limit=200&offset=0
[2026-06-03 14:21:37] INFO: Total equipos únicos recopilados: 195
[2026-06-03 14:21:37] DEBUG:   [L1-exacto] 'ac milan' == 'ac milan'
[2026-06-03 14:21:37] INFO: MATCH: AC Milan                                      → https://crests.football-data.org/98.png
[2026-06-03 14:21:37] WARNING: SIN COINCIDENCIA: AEL Limassol
[2026-06-03 14:21:37] DEBUG:   [L1-exacto] 'bournemouth' == 'bournemouth'
[2026-06-03 14:21:37] INFO: MATCH: AFC Bournemouth                               → https://crests.football-data.org/bournemouth.png
[2026-06-03 14:21:37] WARNING: SIN COINCIDENCIA: AIK
[2026-06-03 14:21:37] DEBUG:   [L1-exacto] 'aj auxerre' == 'aj auxerre'
[2026-06-03 14:21:37] INFO: MATCH: AJ Auxerre                                    → https://crests.football-data.org/519.png
[2026-06-03 14:21:37] DEBUG:   [L1-exacto] 'monaco' == 'monaco'
[2026-06-03 14:21:37] INFO: MATCH: AS Monaco                                     → https://crests.football-data.org/548.png
[2026-06-03 14:21:37] WARNING: SIN COINCIDENCIA: AS Nancy-Lorraine
[2026-06-03 14:21:37] DEBUG:   [L1-exacto] 'roma' == 'roma'
[2026-06-03 14:21:37] INFO: MATCH: AS Roma                                       → https://crests.football-data.org/100.png
[2026-06-03 14:21:37] WARNING: SIN COINCIDENCIA: AS Saint-Étienne
[2026-06-03 14:21:37] WARNING: SIN COINCIDENCIA: Abha Club
[2026-06-03 14:21:37] WARNING: SIN COINCIDENCIA: Academia Puerto Cabello
[2026-06-03 14:21:37] DEBUG:   [L1-exacto] 'ajax' == 'ajax'
[2026-06-03 14:21:37] INFO: MATCH: Ajax                                          → https://crests.football-data.org/678.png
[2026-06-03 14:21:37] WARNING: SIN COINCIDENCIA: Akron Tolyatti
[2026-06-03 14:21:37] WARNING: SIN COINCIDENCIA: Al Ahli
[2026-06-03 14:21:37] WARNING: SIN COINCIDENCIA: Al Ahly
[2026-06-03 14:21:37] WARNING: SIN COINCIDENCIA: Al Ain
[2026-06-03 14:21:37] WARNING: SIN COINCIDENCIA: Al Bataeh
[2026-06-03 14:21:37] WARNING: SIN COINCIDENCIA: Al Feiha
[2026-06-03 14:21:37] WARNING: SIN COINCIDENCIA: Al Hilal
[2026-06-03 14:21:37] WARNING: SIN COINCIDENCIA: Al Ittihad
[2026-06-03 14:21:37] WARNING: SIN COINCIDENCIA: Al Jazira
[2026-06-03 14:21:37] WARNING: SIN COINCIDENCIA: Al Nasr
[2026-06-03 14:21:37] WARNING: SIN COINCIDENCIA: Al Nassr
[2026-06-03 14:21:37] WARNING: SIN COINCIDENCIA: Al Sharjah
[2026-06-03 14:21:37] WARNING: SIN COINCIDENCIA: Al Wakrah
[2026-06-03 14:21:37] WARNING: SIN COINCIDENCIA: Al-Ahli
[2026-06-03 14:21:37] WARNING: SIN COINCIDENCIA: Al-Ahli Saudi FC
[2026-06-03 14:21:37] WARNING: SIN COINCIDENCIA: Al-Ain FC
[2026-06-03 14:21:37] WARNING: SIN COINCIDENCIA: Al-Duhail
[2026-06-03 14:21:37] WARNING: SIN COINCIDENCIA: Al-Ettifaq
[2026-06-03 14:21:37] WARNING: SIN COINCIDENCIA: Al-Hilal
[2026-06-03 14:21:37] WARNING: SIN COINCIDENCIA: Al-Hilal SFC
[2026-06-03 14:21:37] WARNING: SIN COINCIDENCIA: Al-Ittihad
[2026-06-03 14:21:37] WARNING: SIN COINCIDENCIA: Alanyaspor
[2026-06-03 14:21:37] WARNING: SIN COINCIDENCIA: Almere City FC
[2026-06-03 14:21:37] WARNING: SIN COINCIDENCIA: América de México
[2026-06-03 14:21:37] WARNING: SIN COINCIDENCIA: Anderlecht
[2026-06-03 14:21:37] DEBUG:   [L1-exacto] 'angers sco' == 'angers sco'
[2026-06-03 14:21:37] INFO: MATCH: Angers SCO                                    → https://crests.football-data.org/532.png
[2026-06-03 14:21:37] WARNING: SIN COINCIDENCIA: Apollon Limassol
[2026-06-03 14:21:37] WARNING: SIN COINCIDENCIA: Aris Limassol
[2026-06-03 14:21:37] DEBUG:   [L1-exacto] 'arsenal' == 'arsenal'
[2026-06-03 14:21:37] INFO: MATCH: Arsenal                                       → https://crests.football-data.org/57.png
[2026-06-03 14:21:37] WARNING: SIN COINCIDENCIA: Astana
[2026-06-03 14:21:37] DEBUG:   [L1-exacto] 'aston villa' == 'aston villa'
[2026-06-03 14:21:37] INFO: MATCH: Aston Villa                                   → https://crests.football-data.org/58.png
[2026-06-03 14:21:37] DEBUG:   [L1-exacto] 'atalanta' == 'atalanta bc'
[2026-06-03 14:21:37] INFO: MATCH: Atalanta                                      → https://crests.football-data.org/102.png
[2026-06-03 14:21:37] WARNING: SIN COINCIDENCIA: Athletic de Bilbao
[2026-06-03 14:21:37] WARNING: SIN COINCIDENCIA: Atlas
[2026-06-03 14:21:37] DEBUG:   [L1-exacto] 'madrid' == 'madrid'
[2026-06-03 14:21:37] INFO: MATCH: Atlético Madrid                               → https://crests.football-data.org/78.png
[2026-06-03 14:21:37] DEBUG:   [L1-exacto] 'nacional' == 'nacional'
[2026-06-03 14:21:37] INFO: MATCH: Atlético Nacional                             → https://crests.football-data.org/5529.png
[2026-06-03 14:21:37] DEBUG:   [L1-exacto] 'madrid' == 'madrid'
[2026-06-03 14:21:37] INFO: MATCH: Atlético de Madrid                            → https://crests.football-data.org/78.png
[2026-06-03 14:21:37] WARNING: SIN COINCIDENCIA: Atromitos
[2026-06-03 14:21:37] WARNING: SIN COINCIDENCIA: Auckland FC
[2026-06-03 14:21:37] DEBUG:   [L3-fuzzy] 'augsburgo' ~ 'augsburg'  ratio=0.94
[2026-06-03 14:21:37] INFO: MATCH: Augsburgo                                     → https://crests.football-data.org/16.png
[2026-06-03 14:21:37] WARNING: SIN COINCIDENCIA: Austria Viena
[2026-06-03 14:21:37] DEBUG:   [L1-exacto] 'auxerre' == 'aj auxerre'
[2026-06-03 14:21:37] INFO: MATCH: Auxerre                                       → https://crests.football-data.org/519.png
[2026-06-03 14:21:37] WARNING: SIN COINCIDENCIA: BSC Young Boys II
[2026-06-03 14:21:37] DEBUG:   [L1-exacto] 'barcelona' == 'barcelona'
[2026-06-03 14:21:37] INFO: MATCH: Barcelona                                     → https://crests.football-data.org/81.png
[2026-06-03 14:21:37] DEBUG:   [L3-fuzzy] 'barnsley' ~ 'burnley'  ratio=0.80
[2026-06-03 14:21:37] INFO: MATCH: Barnsley                                      → https://crests.football-data.org/328.png
[2026-06-03 14:21:37] WARNING: SIN COINCIDENCIA: Basaksehir
[2026-06-03 14:21:37] DEBUG:   [L2-subset] 'bayer leverkusen' ⊆ 'bayer 04 leverkusen'
[2026-06-03 14:21:37] INFO: MATCH: Bayer Leverkusen                              → https://crests.football-data.org/3.png
[2026-06-03 14:21:37] DEBUG:   [L3-fuzzy] 'bayern munich' ~ 'bayern munchen'  ratio=0.89
[2026-06-03 14:21:37] INFO: MATCH: Bayern Munich                                 → https://crests.football-data.org/5.png
[2026-06-03 14:21:37] DEBUG:   [L3-fuzzy] 'bayern munich' ~ 'bayern munchen'  ratio=0.89
[2026-06-03 14:21:37] INFO: MATCH: Bayern Múnich                                 → https://crests.football-data.org/5.png
[2026-06-03 14:21:37] DEBUG:   [L2-subset] 'benfica' ⊆ 'sport lisboa e benfica'
[2026-06-03 14:21:37] INFO: MATCH: Benfica                                       → https://crests.football-data.org/1903.png
[2026-06-03 14:21:37] WARNING: SIN COINCIDENCIA: Besiktas
[2026-06-03 14:21:37] DEBUG:   [L1-exacto] 'birmingham' == 'birmingham'
[2026-06-03 14:21:37] INFO: MATCH: Birmingham                                    → https://crests.football-data.org/332.png
[2026-06-03 14:21:37] DEBUG:   [L3-fuzzy] 'bodo glimt' ~ 'bodø/glimt'  ratio=0.80
[2026-06-03 14:21:37] INFO: MATCH: Bodo Glimt                                    → https://crests.football-data.org/5721.png
[2026-06-03 14:21:37] DEBUG:   [L1-exacto] 'bologna' == 'bologna 1909'
[2026-06-03 14:21:37] INFO: MATCH: Bologna                                       → https://crests.football-data.org/103.png
[2026-06-03 14:21:37] DEBUG:   [L1-exacto] 'borussia dortmund' == 'borussia dortmund'
[2026-06-03 14:21:37] INFO: MATCH: Borussia Dortmund                             → https://crests.football-data.org/4.png
[2026-06-03 14:21:37] DEBUG:   [L1-exacto] 'borussia monchengladbach' == 'borussia monchengladbach'
[2026-06-03 14:21:37] INFO: MATCH: Borussia Mönchengladbach                      → https://crests.football-data.org/18.png
[2026-06-03 14:21:37] DEBUG:   [L1-exacto] 'botafogo' == 'botafogo fr'
[2026-06-03 14:21:37] INFO: MATCH: Botafogo                                      → https://crests.football-data.org/1770.png
[2026-06-03 14:21:37] DEBUG:   [L1-exacto] 'bournemouth' == 'bournemouth'
[2026-06-03 14:21:37] INFO: MATCH: Bournemouth                                   → https://crests.football-data.org/bournemouth.png
[2026-06-03 14:21:37] DEBUG:   [L1-exacto] 'braga' == 'clube braga'
[2026-06-03 14:21:37] INFO: MATCH: Braga                                         → https://crests.football-data.org/5613.png
[2026-06-03 14:21:37] WARNING: SIN COINCIDENCIA: Braintree Town F.C.
[2026-06-03 14:21:37] DEBUG:   [L1-exacto] 'brentford' == 'brentford'
[2026-06-03 14:21:37] INFO: MATCH: Brentford                                     → https://crests.football-data.org/402.png
[2026-06-03 14:21:37] DEBUG:   [L2-subset] 'brighton' ⊆ 'brighton & hove albion'
[2026-06-03 14:21:37] INFO: MATCH: Brighton                                      → https://crests.football-data.org/397.png
[2026-06-03 14:21:37] WARNING: SIN COINCIDENCIA: Brondby IF
[2026-06-03 14:21:37] WARNING: SIN COINCIDENCIA: Brujas
[2026-06-03 14:21:37] WARNING: SIN COINCIDENCIA: Brøndby IF
[2026-06-03 14:21:37] DEBUG:   [L1-exacto] 'burnley' == 'burnley'
[2026-06-03 14:21:37] INFO: MATCH: Burnley                                       → https://crests.football-data.org/328.png
[2026-06-03 14:21:37] WARNING: SIN COINCIDENCIA: CD Plaza Amador
[2026-06-03 14:21:37] WARNING: SIN COINCIDENCIA: CS Constantine
[2026-06-03 14:21:37] WARNING: SIN COINCIDENCIA: CS Sfaxien
[2026-06-03 14:21:37] DEBUG:   [L1-exacto] 'cagliari' == 'cagliari calcio'
[2026-06-03 14:21:37] INFO: MATCH: Cagliari                                      → https://crests.football-data.org/104.png
[2026-06-03 14:21:37] DEBUG:   [L1-exacto] 'casa pia' == 'casa pia ac'
[2026-06-03 14:21:37] INFO: MATCH: Casa Pia                                      → https://crests.football-data.org/6618.png
[2026-06-03 14:21:37] WARNING: SIN COINCIDENCIA: Castellon
[2026-06-03 14:21:37] WARNING: SIN COINCIDENCIA: Celta de Vigo
[2026-06-03 14:21:37] WARNING: SIN COINCIDENCIA: Celtic
[2026-06-03 14:21:37] WARNING: SIN COINCIDENCIA: Celtic Glasgow
[2026-06-03 14:21:37] WARNING: SIN COINCIDENCIA: Cercle Brugge
[2026-06-03 14:21:37] WARNING: SIN COINCIDENCIA: Charleroi
[2026-06-03 14:21:37] WARNING: SIN COINCIDENCIA: Charlotte FC
[2026-06-03 14:21:37] DEBUG:   [L1-exacto] 'charlton' == 'charlton'
[2026-06-03 14:21:37] INFO: MATCH: Charlton Athletic                             → https://crests.football-data.org/348.png
[2026-06-03 14:21:37] WARNING: SIN COINCIDENCIA: Chaves
[2026-06-03 14:21:37] DEBUG:   [L1-exacto] 'chelsea' == 'chelsea'
[2026-06-03 14:21:37] INFO: MATCH: Chelsea                                       → https://crests.football-data.org/61.png
[2026-06-03 14:21:37] WARNING: SIN COINCIDENCIA: Chicago Fire
[2026-06-03 14:21:37] WARNING: SIN COINCIDENCIA: Cincinatti FC
[2026-06-03 14:21:37] WARNING: SIN COINCIDENCIA: Club Africain
[2026-06-03 14:21:37] WARNING: SIN COINCIDENCIA: Club América
[2026-06-03 14:21:37] WARNING: SIN COINCIDENCIA: Club Deportivo Marathón
[2026-06-03 14:21:37] WARNING: SIN COINCIDENCIA: Club León
[2026-06-03 14:21:37] WARNING: SIN COINCIDENCIA: Cobresal
[2026-06-03 14:21:37] WARNING: SIN COINCIDENCIA: Colorado Springs
[2026-06-03 14:21:37] WARNING: SIN COINCIDENCIA: Columbus Crew
[2026-06-03 14:21:37] DEBUG:   [L2-subset] 'como' ⊆ 'como 1907'
[2026-06-03 14:21:37] INFO: MATCH: Como                                          → https://crests.football-data.org/7397.png
[2026-06-03 14:21:37] WARNING: SIN COINCIDENCIA: Copenhagen
[2026-06-03 14:21:37] WARNING: SIN COINCIDENCIA: Copenhague
[2026-06-03 14:21:37] DEBUG:   [L1-exacto] 'corinthians' == 'corinthians paulista'
[2026-06-03 14:21:37] INFO: MATCH: Corinthians                                   → https://crests.football-data.org/1779.png
[2026-06-03 14:21:37] DEBUG:   [L1-exacto] 'coventry' == 'coventry'
[2026-06-03 14:21:37] INFO: MATCH: Coventry City                                 → https://crests.football-data.org/1076.png
[2026-06-03 14:21:37] DEBUG:   [L1-exacto] 'cremonese' == 'us cremonese'
[2026-06-03 14:21:37] INFO: MATCH: Cremonese                                     → https://crests.football-data.org/457.png
[2026-06-03 14:21:37] WARNING: SIN COINCIDENCIA: Cruz Azul
[2026-06-03 14:21:37] DEBUG:   [L1-exacto] 'crystal palace' == 'crystal palace'
[2026-06-03 14:21:37] INFO: MATCH: Crystal Palace                                → https://crests.football-data.org/354.png
[2026-06-03 14:21:37] WARNING: SIN COINCIDENCIA: Daejeon
[2026-06-03 14:21:37] WARNING: SIN COINCIDENCIA: Deportivo La Guaira
[2026-06-03 14:21:37] WARNING: SIN COINCIDENCIA: Deportivo Saprissa
[2026-06-03 14:21:37] DEBUG:   [L1-exacto] 'derby county' == 'derby county'
[2026-06-03 14:21:37] INFO: MATCH: Derby County                                  → https://crests.football-data.org/342.png
[2026-06-03 14:21:37] WARNING: SIN COINCIDENCIA: Desconocido
[2026-06-03 14:21:37] WARNING: SIN COINCIDENCIA: Dinamo Zagreb
[2026-06-03 14:21:37] WARNING: SIN COINCIDENCIA: Dynamo Makhachkala
[2026-06-03 14:21:37] WARNING: SIN COINCIDENCIA: ES Tunis
[2026-06-03 14:21:37] DEBUG:   [L1-exacto] 'eintracht frankfurt' == 'eintracht frankfurt'
[2026-06-03 14:21:37] INFO: MATCH: Eintracht Frankfurt                           → https://crests.football-data.org/19.png
[2026-06-03 14:21:37] WARNING: SIN COINCIDENCIA: El Gouna
[2026-06-03 14:21:37] WARNING: SIN COINCIDENCIA: El Paso Locomotive FC
[2026-06-03 14:21:37] WARNING: SIN COINCIDENCIA: Elche
[2026-06-03 14:21:37] WARNING: SIN COINCIDENCIA: Espanyol
[2026-06-03 14:21:37] WARNING: SIN COINCIDENCIA: Espérance de Tunis
[2026-06-03 14:21:37] WARNING: SIN COINCIDENCIA: Esteghlal FC
[2026-06-03 14:21:37] DEBUG:   [L3-fuzzy] 'estrasburgo' ~ 'strasbourg'  ratio=0.86
[2026-06-03 14:21:37] INFO: MATCH: Estrasburgo                                   → https://crests.football-data.org/576.png
[2026-06-03 14:21:37] DEBUG:   [L2-subset] 'estrela da amadora' ⊆ 'cf estrela da amadora'
[2026-06-03 14:21:37] INFO: MATCH: Estrela da Amadora                            → https://crests.football-data.org/9136.png
[2026-06-03 14:21:37] WARNING: SIN COINCIDENCIA: Estrella Roja
[2026-06-03 14:21:37] WARNING: SIN COINCIDENCIA: Estrella Roja de Belgrado
[2026-06-03 14:21:37] WARNING: SIN COINCIDENCIA: Estudiantes de La Plata
[2026-06-03 14:21:37] DEBUG:   [L1-exacto] 'everton' == 'everton'
[2026-06-03 14:21:37] INFO: MATCH: Everton                                       → https://crests.football-data.org/62.png
[2026-06-03 14:21:37] WARNING: SIN COINCIDENCIA: F. C. Tokyo
[2026-06-03 14:21:37] DEBUG:   [L1-exacto] 'augsburg' == 'augsburg'
[2026-06-03 14:21:37] INFO: MATCH: FC Augsburg                                   → https://crests.football-data.org/16.png
[2026-06-03 14:21:37] DEBUG:   [L1-exacto] 'barcelona' == 'barcelona'
[2026-06-03 14:21:37] INFO: MATCH: FC Barcelona                                  → https://crests.football-data.org/81.png
[2026-06-03 14:21:37] WARNING: SIN COINCIDENCIA: FC Barcelona Atlètic
[2026-06-03 14:21:37] WARNING: SIN COINCIDENCIA: FC Cincinnati
[2026-06-03 14:21:37] WARNING: SIN COINCIDENCIA: FC Cosmos Koblenz
[2026-06-03 14:21:37] WARNING: SIN COINCIDENCIA: FC Dallas
[2026-06-03 14:21:37] WARNING: SIN COINCIDENCIA: FC Den Bosch
[2026-06-03 14:21:37] WARNING: SIN COINCIDENCIA: FC Lugano
[2026-06-03 14:21:37] DEBUG:   [L1-exacto] 'nantes' == 'nantes'
[2026-06-03 14:21:37] INFO: MATCH: FC Nantes                                     → https://crests.football-data.org/543.png
[2026-06-03 14:21:37] WARNING: SIN COINCIDENCIA: FC Pari Nizhniy Novgorod
[2026-06-03 14:21:37] WARNING: SIN COINCIDENCIA: FC Sochaux
[2026-06-03 14:21:37] DEBUG:   [L1-exacto] 'st. pauli' == 'st. pauli 1910'
[2026-06-03 14:21:37] INFO: MATCH: FC St. Pauli                                  → https://crests.football-data.org/20.png
[2026-06-03 14:21:37] WARNING: SIN COINCIDENCIA: FC Tatran Prešov
[2026-06-03 14:21:37] WARNING: SIN COINCIDENCIA: FC Tokio
[2026-06-03 14:21:37] DEBUG:   [L1-exacto] 'twente' == 'twente '65'
[2026-06-03 14:21:37] INFO: MATCH: FC Twente                                     → https://crests.football-data.org/666.png
[2026-06-03 14:21:38] WARNING: SIN COINCIDENCIA: FC Vizela
[2026-06-03 14:21:38] DEBUG:   [L1-exacto] 'volendam' == 'volendam'
[2026-06-03 14:21:38] INFO: MATCH: FC Volendam                                   → https://crests.football-data.org/1919.png
[2026-06-03 14:21:38] WARNING: SIN COINCIDENCIA: FC Zürich
[2026-06-03 14:21:38] WARNING: SIN COINCIDENCIA: Farense
[2026-06-03 14:21:38] WARNING: SIN COINCIDENCIA: Fenerbahce
[2026-06-03 14:21:38] WARNING: SIN COINCIDENCIA: Fenerbahçe
[2026-06-03 14:21:38] WARNING: SIN COINCIDENCIA: Fenerbahçe SK/Betis
[2026-06-03 14:21:38] WARNING: SIN COINCIDENCIA: Ferencváros TC
[2026-06-03 14:21:38] DEBUG:   [L1-exacto] 'feyenoord' == 'feyenoord rotterdam'
[2026-06-03 14:21:38] INFO: MATCH: Feyenoord                                     → https://crests.football-data.org/675.png
[2026-06-03 14:21:38] DEBUG:   [L1-exacto] 'fiorentina' == 'acf fiorentina'
[2026-06-03 14:21:38] INFO: MATCH: Fiorentina                                    → https://crests.football-data.org/99.png
[2026-06-03 14:21:38] DEBUG:   [L1-exacto] 'flamengo' == 'cr flamengo'
[2026-06-03 14:21:38] INFO: MATCH: Flamengo                                      → https://crests.football-data.org/1783.png
[2026-06-03 14:21:38] DEBUG:   [L1-exacto] 'fluminense' == 'fluminense'
[2026-06-03 14:21:38] INFO: MATCH: Fluminense                                    → https://crests.football-data.org/1765.png
[2026-06-03 14:21:38] WARNING: SIN COINCIDENCIA: Fortuna Dusseldorf
[2026-06-03 14:21:38] DEBUG:   [L3-fuzzy] 'friburgo' ~ 'freiburg'  ratio=0.88
[2026-06-03 14:21:38] INFO: MATCH: Friburgo                                      → https://crests.football-data.org/17.png
[2026-06-03 14:21:38] WARNING: SIN COINCIDENCIA: Frosinone
[2026-06-03 14:21:38] DEBUG:   [L1-exacto] 'fulham' == 'fulham'
[2026-06-03 14:21:38] INFO: MATCH: Fulham                                        → https://crests.football-data.org/63.png
[2026-06-03 14:21:38] DEBUG:   [L1-exacto] 'galatasaray' == 'galatasaray'
[2026-06-03 14:21:38] INFO: MATCH: Galatasaray                                   → https://crests.football-data.org/610.png
[2026-06-03 14:21:38] WARNING: SIN COINCIDENCIA: Gangwon
[2026-06-03 14:21:38] WARNING: SIN COINCIDENCIA: Gaziantep
[2026-06-03 14:21:38] WARNING: SIN COINCIDENCIA: Genk
[2026-06-03 14:21:38] DEBUG:   [L1-exacto] 'genoa' == 'genoa'
[2026-06-03 14:21:38] INFO: MATCH: Genoa                                         → https://crests.football-data.org/107.png
[2026-06-03 14:21:38] WARNING: SIN COINCIDENCIA: Gençlerbirliği
[2026-06-03 14:21:38] DEBUG:   [L1-exacto] 'gil vicente' == 'gil vicente'
[2026-06-03 14:21:38] INFO: MATCH: Gil Vicente                                   → https://crests.football-data.org/5533.png
[2026-06-03 14:21:38] WARNING: SIN COINCIDENCIA: Girona
[2026-06-03 14:21:38] WARNING: SIN COINCIDENCIA: Granada
[2026-06-03 14:21:38] DEBUG:   [L1-exacto] 'gremio' == 'gremio fbpa'
[2026-06-03 14:21:38] INFO: MATCH: Gremio                                        → https://crests.football-data.org/1767.png
[2026-06-03 14:21:38] WARNING: SIN COINCIDENCIA: Gyor
[2026-06-03 14:21:38] WARNING: SIN COINCIDENCIA: HNK Rijeka
[2026-06-03 14:21:38] WARNING: SIN COINCIDENCIA: Hajduk Split
[2026-06-03 14:21:38] DEBUG:   [L1-exacto] 'hamburger sv' == 'hamburger sv'
[2026-06-03 14:21:38] INFO: MATCH: Hamburger SV                                  → https://crests.football-data.org/7.png
[2026-06-03 14:21:38] WARNING: SIN COINCIDENCIA: Hamburgo
[2026-06-03 14:21:38] WARNING: SIN COINCIDENCIA: Hannover 96
[2026-06-03 14:21:38] WARNING: SIN COINCIDENCIA: Hapoel Ironi Kiryat Shmona
[2026-06-03 14:21:38] WARNING: SIN COINCIDENCIA: Heart of Midlothian
[2026-06-03 14:21:38] DEBUG:   [L1-exacto] 'hellas verona' == 'hellas verona'
[2026-06-03 14:21:38] INFO: MATCH: Hellas Verona                                 → https://crests.football-data.org/450.png
[2026-06-03 14:21:38] WARNING: SIN COINCIDENCIA: Hibernian
[2026-06-03 14:21:38] DEBUG:   [L1-exacto] 'hoffenheim' == 'tsg 1899 hoffenheim'
[2026-06-03 14:21:38] INFO: MATCH: Hoffenheim                                    → https://crests.football-data.org/2.png
[2026-06-03 14:21:38] WARNING: SIN COINCIDENCIA: Holstein Kiel
[2026-06-03 14:21:38] WARNING: SIN COINCIDENCIA: Hradec Kralove
[2026-06-03 14:21:38] DEBUG:   [L1-exacto] 'hull' == 'hull'
[2026-06-03 14:21:38] INFO: MATCH: Hull City                                     → https://crests.football-data.org/322.png
[2026-06-03 14:21:38] WARNING: SIN COINCIDENCIA: IFK Norrköping
[2026-06-03 14:21:38] WARNING: SIN COINCIDENCIA: Igdir FK
[2026-06-03 14:21:38] WARNING: SIN COINCIDENCIA: Igdır FK
[2026-06-03 14:21:38] WARNING: SIN COINCIDENCIA: Independiente
[2026-06-03 14:21:38] DEBUG:   [L1-exacto] 'inter' == 'internazionale milano'
[2026-06-03 14:21:38] INFO: MATCH: Inter                                         → https://crests.football-data.org/108.png
[2026-06-03 14:21:38] WARNING: SIN COINCIDENCIA: Inter Miami
[2026-06-03 14:21:38] WARNING: SIN COINCIDENCIA: Inter Milan
[2026-06-03 14:21:38] WARNING: SIN COINCIDENCIA: Inter de Milan
[2026-06-03 14:21:38] WARNING: SIN COINCIDENCIA: Inter de Milán
[2026-06-03 14:21:38] WARNING: SIN COINCIDENCIA: Internacional de Porto Alegre
[2026-06-03 14:21:38] DEBUG:   [L1-exacto] 'ipswich' == 'ipswich'
[2026-06-03 14:21:38] INFO: MATCH: Ipswich Town                                  → https://crests.football-data.org/349.png
[2026-06-03 14:21:38] WARNING: SIN COINCIDENCIA: JS Kabylie
[2026-06-03 14:21:38] WARNING: SIN COINCIDENCIA: Jagiellonia Bialystok
[2026-06-03 14:21:38] WARNING: SIN COINCIDENCIA: Jeonbuk
[2026-06-03 14:21:38] DEBUG:   [L1-exacto] 'juventus' == 'juventus'
[2026-06-03 14:21:38] INFO: MATCH: Juventus                                      → https://crests.football-data.org/109.png
[2026-06-03 14:21:38] WARNING: SIN COINCIDENCIA: Juárez FC
[2026-06-03 14:21:38] WARNING: SIN COINCIDENCIA: KAA Gent
[2026-06-03 14:21:38] WARNING: SIN COINCIDENCIA: KRC Genk
[2026-06-03 14:21:38] WARNING: SIN COINCIDENCIA: Kaizer Chiefs
[2026-06-03 14:21:38] WARNING: SIN COINCIDENCIA: Karlsruher
[2026-06-03 14:21:38] WARNING: SIN COINCIDENCIA: Kashima Antlers
[2026-06-03 14:21:38] WARNING: SIN COINCIDENCIA: Kashima Antrlers
[2026-06-03 14:21:38] WARNING: SIN COINCIDENCIA: Kasımpaşa
[2026-06-03 14:21:38] WARNING: SIN COINCIDENCIA: Kayserispor
[2026-06-03 14:21:38] WARNING: SIN COINCIDENCIA: Kifisia
[2026-06-03 14:21:38] WARNING: SIN COINCIDENCIA: Kilmarnock
[2026-06-03 14:21:38] WARNING: SIN COINCIDENCIA: Konyaspor
[2026-06-03 14:21:38] WARNING: SIN COINCIDENCIA: Krasnodar
[2026-06-03 14:21:38] WARNING: SIN COINCIDENCIA: LAFC
[2026-06-03 14:21:38] WARNING: SIN COINCIDENCIA: LASK
[2026-06-03 14:21:38] WARNING: SIN COINCIDENCIA: LDU Quito
[2026-06-03 14:21:38] WARNING: SIN COINCIDENCIA: Larisa
[2026-06-03 14:21:38] DEBUG:   [L1-exacto] 'havre' == 'havre ac'
[2026-06-03 14:21:38] INFO: MATCH: Le Havre                                      → https://crests.football-data.org/533.png
[2026-06-03 14:21:38] WARNING: SIN COINCIDENCIA: Lechia Gdansk
[2026-06-03 14:21:38] DEBUG:   [L1-exacto] 'leeds' == 'leeds'
[2026-06-03 14:21:38] INFO: MATCH: Leeds                                         → https://crests.football-data.org/341.png
[2026-06-03 14:21:38] DEBUG:   [L1-exacto] 'leeds' == 'leeds'
[2026-06-03 14:21:38] INFO: MATCH: Leeds United                                  → https://crests.football-data.org/341.png
[2026-06-03 14:21:38] DEBUG:   [L2-subset] 'leipzig' ⊆ 'rb leipzig'
[2026-06-03 14:21:38] INFO: MATCH: Leipzig                                       → https://crests.football-data.org/721.png
[2026-06-03 14:21:38] DEBUG:   [L2-subset] 'lens' ⊆ 'racing lens'
[2026-06-03 14:21:38] INFO: MATCH: Lens                                          → https://crests.football-data.org/546.png
[2026-06-03 14:21:38] DEBUG:   [L1-exacto] 'lille' == 'lille osc'
[2026-06-03 14:21:38] INFO: MATCH: Lille                                         → https://crests.football-data.org/521.png
[2026-06-03 14:21:38] DEBUG:   [L1-exacto] 'liverpool' == 'liverpool'
[2026-06-03 14:21:38] INFO: MATCH: Liverpool                                     → https://crests.football-data.org/64.png
[2026-06-03 14:21:38] DEBUG:   [L1-exacto] 'lorient' == 'lorient'
[2026-06-03 14:21:38] INFO: MATCH: Lorient                                       → https://crests.football-data.org/525.png
[2026-06-03 14:21:38] WARNING: SIN COINCIDENCIA: Ludogorets
[2026-06-03 14:21:38] WARNING: SIN COINCIDENCIA: Maccabi Haifa
[2026-06-03 14:21:38] WARNING: SIN COINCIDENCIA: Maccabi Tel Aviv
[2026-06-03 14:21:38] DEBUG:   [L1-exacto] 'mainz' == '1. fsv mainz 05'
[2026-06-03 14:21:38] INFO: MATCH: Mainz                                         → https://crests.football-data.org/15.png
[2026-06-03 14:21:38] DEBUG:   [L2-subset] 'mainz 05' ⊆ '1. fsv mainz 05'
[2026-06-03 14:21:38] INFO: MATCH: Mainz 05                                      → https://crests.football-data.org/15.png
[2026-06-03 14:21:38] WARNING: SIN COINCIDENCIA: Mallorca
[2026-06-03 14:21:38] WARNING: SIN COINCIDENCIA: Malmo FF
[2026-06-03 14:21:38] WARNING: SIN COINCIDENCIA: Mamelodi Sundowns
[2026-06-03 14:21:38] DEBUG:   [L1-exacto] 'manchester' == 'manchester'
[2026-06-03 14:21:38] INFO: MATCH: Manchester City                               → https://crests.football-data.org/65.png
[2026-06-03 14:21:38] DEBUG:   [L1-exacto] 'manchester' == 'manchester'
[2026-06-03 14:21:38] INFO: MATCH: Manchester United                             → https://crests.football-data.org/65.png
[2026-06-03 14:21:38] WARNING: SIN COINCIDENCIA: Maribor
[2026-06-03 14:21:38] DEBUG:   [L1-exacto] 'marseille' == 'olympique marseille'
[2026-06-03 14:21:38] INFO: MATCH: Marseille                                     → https://crests.football-data.org/516.png
[2026-06-03 14:21:38] DEBUG:   [L3-fuzzy] 'marsella' ~ 'marseille'  ratio=0.82
[2026-06-03 14:21:38] INFO: MATCH: Marsella                                      → https://crests.football-data.org/516.png
[2026-06-03 14:21:38] WARNING: SIN COINCIDENCIA: Mazatlán FC
[2026-06-03 14:21:38] WARNING: SIN COINCIDENCIA: Mechelen
[2026-06-03 14:21:38] WARNING: SIN COINCIDENCIA: Miami FC
[2026-06-03 14:21:38] DEBUG:   [L1-exacto] 'middlesbrough' == 'middlesbrough'
[2026-06-03 14:21:38] INFO: MATCH: Middlesbrough                                 → https://crests.football-data.org/343.png
[2026-06-03 14:21:38] WARNING: SIN COINCIDENCIA: Midtjylland
[2026-06-03 14:21:38] DEBUG:   [L1-exacto] 'milan' == 'ac milan'
[2026-06-03 14:21:38] INFO: MATCH: Milan                                         → https://crests.football-data.org/98.png
[2026-06-03 14:21:38] DEBUG:   [L1-exacto] 'millwall' == 'millwall'
[2026-06-03 14:21:38] INFO: MATCH: Millwall                                      → https://crests.football-data.org/384.png
[2026-06-03 14:21:38] WARNING: SIN COINCIDENCIA: Minnesota United
[2026-06-03 14:21:38] WARNING: SIN COINCIDENCIA: Minnesota United FC
[2026-06-03 14:21:38] WARNING: SIN COINCIDENCIA: Mjällby AIF
[2026-06-03 14:21:38] WARNING: SIN COINCIDENCIA: Mlada Boleslav
[2026-06-03 14:21:38] WARNING: SIN COINCIDENCIA: Molde
[2026-06-03 14:21:38] DEBUG:   [L1-exacto] 'monaco' == 'monaco'
[2026-06-03 14:21:38] INFO: MATCH: Monaco                                        → https://crests.football-data.org/548.png
[2026-06-03 14:21:38] WARNING: SIN COINCIDENCIA: Monagas
[2026-06-03 14:21:38] WARNING: SIN COINCIDENCIA: Montana 1921
[2026-06-03 14:21:38] WARNING: SIN COINCIDENCIA: Monterrey
[2026-06-03 14:21:38] WARNING: SIN COINCIDENCIA: Montpellier
[2026-06-03 14:21:38] WARNING: SIN COINCIDENCIA: Motherwell F.C.
[2026-06-03 14:21:38] DEBUG:   [L1-exacto] 'monaco' == 'monaco'
[2026-06-03 14:21:38] INFO: MATCH: Mónaco                                        → https://crests.football-data.org/548.png
[2026-06-03 14:21:38] WARNING: SIN COINCIDENCIA: N.E.C.
[2026-06-03 14:21:38] WARNING: SIN COINCIDENCIA: NEC Nijmegen
[2026-06-03 14:21:38] WARNING: SIN COINCIDENCIA: NK Maribor
[2026-06-03 14:21:38] WARNING: SIN COINCIDENCIA: NK Slaven Belupo
[2026-06-03 14:21:38] DEBUG:   [L1-exacto] 'nacional' == 'nacional'
[2026-06-03 14:21:38] INFO: MATCH: Nacional                                      → https://crests.football-data.org/5529.png
[2026-06-03 14:21:38] DEBUG:   [L1-exacto] 'napoli' == 'ssc napoli'
[2026-06-03 14:21:38] INFO: MATCH: Napoli                                        → https://crests.football-data.org/113.png
[2026-06-03 14:21:38] WARNING: SIN COINCIDENCIA: New England Revolution
[2026-06-03 14:21:38] WARNING: SIN COINCIDENCIA: New York City FC
[2026-06-03 14:21:38] DEBUG:   [L1-exacto] 'newcastle' == 'newcastle'
[2026-06-03 14:21:38] INFO: MATCH: Newcastle                                     → https://crests.football-data.org/67.png
[2026-06-03 14:21:38] WARNING: SIN COINCIDENCIA: Newcastle Jets FC
[2026-06-03 14:21:38] DEBUG:   [L1-exacto] 'newcastle' == 'newcastle'
[2026-06-03 14:21:38] INFO: MATCH: Newcastle United                              → https://crests.football-data.org/67.png
[2026-06-03 14:21:38] DEBUG:   [L1-exacto] 'nice' == 'ogc nice'
[2026-06-03 14:21:38] INFO: MATCH: Nice                                          → https://crests.football-data.org/522.png
[2026-06-03 14:21:38] WARNING: SIN COINCIDENCIA: Niza
[2026-06-03 14:21:38] WARNING: SIN COINCIDENCIA: Noah
[2026-06-03 14:21:38] DEBUG:   [L1-exacto] 'norwich' == 'norwich'
[2026-06-03 14:21:38] INFO: MATCH: Norwich City                                  → https://crests.football-data.org/68.png
[2026-06-03 14:21:38] DEBUG:   [L1-exacto] 'nottingham forest' == 'nottingham forest'
[2026-06-03 14:21:38] INFO: MATCH: Nottingham Forest                             → https://crests.football-data.org/351.png
[2026-06-03 14:21:38] DEBUG:   [L1-exacto] 'nottingham forest' == 'nottingham forest'
[2026-06-03 14:21:38] INFO: MATCH: Nottingham Forest F.C.                        → https://crests.football-data.org/351.png
[2026-06-03 14:21:38] DEBUG:   [L1-exacto] 'ogc nice' == 'ogc nice'
[2026-06-03 14:21:38] INFO: MATCH: OGC Nice                                      → https://crests.football-data.org/522.png
[2026-06-03 14:21:38] DEBUG:   [L3-fuzzy] 'olympiacos' ~ 'olympiakos'  ratio=0.90
[2026-06-03 14:21:38] INFO: MATCH: Olympiacos FC                                 → https://crests.football-data.org/654.png
[2026-06-03 14:21:38] DEBUG:   [L1-exacto] 'olympique lyon' == 'olympique lyonnais'
[2026-06-03 14:21:38] INFO: MATCH: Olympique de Lyon                             → https://crests.football-data.org/523.png
[2026-06-03 14:21:38] DEBUG:   [L1-exacto] 'olympique marseille' == 'olympique marseille'
[2026-06-03 14:21:38] INFO: MATCH: Olympique de Marseille                        → https://crests.football-data.org/516.png
[2026-06-03 14:21:38] DEBUG:   [L3-fuzzy] 'olympique marsella' ~ 'olympique marseille'  ratio=0.92
[2026-06-03 14:21:38] INFO: MATCH: Olympique de Marsella                         → https://crests.football-data.org/516.png
[2026-06-03 14:21:38] WARNING: SIN COINCIDENCIA: Omonia Nicosia
[2026-06-03 14:21:38] WARNING: SIN COINCIDENCIA: Orlando City
[2026-06-03 14:21:38] WARNING: SIN COINCIDENCIA: Orlando City SC
[2026-06-03 14:21:38] WARNING: SIN COINCIDENCIA: Orlando Pirates
[2026-06-03 14:21:38] WARNING: SIN COINCIDENCIA: Osasuna
[2026-06-03 14:21:38] WARNING: SIN COINCIDENCIA: Oțelul Galați
[2026-06-03 14:21:38] DEBUG:   [L1-exacto] 'pec zwolle' == 'pec zwolle'
[2026-06-03 14:21:38] INFO: MATCH: PEC Zwolle                                    → https://crests.football-data.org/684.png
[2026-06-03 14:21:38] WARNING: SIN COINCIDENCIA: PFC Turan Tovuz
[2026-06-03 14:21:38] DEBUG:   [L1-exacto] 'psg' == 'paris saint-germain'
[2026-06-03 14:21:38] INFO: MATCH: PSG                                           → https://crests.football-data.org/524.png
[2026-06-03 14:21:38] DEBUG:   [L1-exacto] 'psv' == 'psv'
[2026-06-03 14:21:38] INFO: MATCH: PSV                                           → https://crests.football-data.org/674.png
[2026-06-03 14:21:38] WARNING: SIN COINCIDENCIA: PSV Eindhoven
[2026-06-03 14:21:38] WARNING: SIN COINCIDENCIA: Pafos
[2026-06-03 14:21:38] DEBUG:   [L1-exacto] 'palmeiras' == 'se palmeiras'
[2026-06-03 14:21:38] INFO: MATCH: Palmeiras                                     → https://crests.football-data.org/1769.png
[2026-06-03 14:21:38] WARNING: SIN COINCIDENCIA: Panathinaikos
[2026-06-03 14:21:38] DEBUG:   [L1-exacto] 'paranaense' == 'ca paranaense'
[2026-06-03 14:21:38] INFO: MATCH: Paranaense                                    → https://crests.football-data.org/1768.png
[2026-06-03 14:21:38] DEBUG:   [L2-subset] 'paris' ⊆ 'paris saint-germain'
[2026-06-03 14:21:38] INFO: MATCH: Paris                                         → https://crests.football-data.org/524.png
[2026-06-03 14:21:38] DEBUG:   [L1-exacto] 'paris saint-germain' == 'paris saint-germain'
[2026-06-03 14:21:38] INFO: MATCH: Paris Saint-Germain                           → https://crests.football-data.org/524.png
[2026-06-03 14:21:38] DEBUG:   [L1-exacto] 'parma' == 'parma calcio 1913'
[2026-06-03 14:21:38] INFO: MATCH: Parma                                         → https://crests.football-data.org/112.png
[2026-06-03 14:21:38] WARNING: SIN COINCIDENCIA: Peterborough
[2026-06-03 14:21:38] WARNING: SIN COINCIDENCIA: Philadelphia Union
[2026-06-03 14:21:38] DEBUG:   [L2-subset] 'pisa' ⊆ 'ac pisa 1909'
[2026-06-03 14:21:38] INFO: MATCH: Pisa                                          → https://crests.football-data.org/487.png
[2026-06-03 14:21:38] WARNING: SIN COINCIDENCIA: Plaza Amador
[2026-06-03 14:21:38] WARNING: SIN COINCIDENCIA: Polokwane City
[2026-06-03 14:21:38] WARNING: SIN COINCIDENCIA: Port Vale
[2026-06-03 14:21:38] WARNING: SIN COINCIDENCIA: Portland Timbers
[2026-06-03 14:21:38] DEBUG:   [L1-exacto] 'porto' == 'porto'
[2026-06-03 14:21:38] INFO: MATCH: Porto                                         → https://crests.football-data.org/503.png
[2026-06-03 14:21:38] WARNING: SIN COINCIDENCIA: Pumas
[2026-06-03 14:21:38] WARNING: SIN COINCIDENCIA: Puskás Akadémia
[2026-06-03 14:21:38] WARNING: SIN COINCIDENCIA: Pyramids
[2026-06-03 14:21:38] WARNING: SIN COINCIDENCIA: Pyramids FC
[2026-06-03 14:21:38] DEBUG:   [L1-exacto] 'rb leipzig' == 'rb leipzig'
[2026-06-03 14:21:38] INFO: MATCH: RB Leipzig                                    → https://crests.football-data.org/721.png
[2026-06-03 14:21:38] DEBUG:   [L1-exacto] 'rc lens' == 'racing lens'
[2026-06-03 14:21:38] INFO: MATCH: RC Lens                                       → https://crests.football-data.org/546.png
[2026-06-03 14:21:38] WARNING: SIN COINCIDENCIA: RKC
[2026-06-03 14:21:38] WARNING: SIN COINCIDENCIA: RKC Waalwijk
[2026-06-03 14:21:38] WARNING: SIN COINCIDENCIA: RS Berkane
[2026-06-03 14:21:38] WARNING: SIN COINCIDENCIA: Racign de Estrasburgo
[2026-06-03 14:21:38] DEBUG:   [L3-fuzzy] 'racing genk' ~ 'racing lens'  ratio=0.82
[2026-06-03 14:21:38] INFO: MATCH: Racing Genk                                   → https://crests.football-data.org/546.png
[2026-06-03 14:21:38] DEBUG:   [L1-exacto] 'racing lens' == 'racing lens'
[2026-06-03 14:21:38] INFO: MATCH: Racing Lens                                   → https://crests.football-data.org/546.png
[2026-06-03 14:21:38] WARNING: SIN COINCIDENCIA: Racing de Estrasburgo
[2026-06-03 14:21:38] WARNING: SIN COINCIDENCIA: Racing de Santander
[2026-06-03 14:21:38] WARNING: SIN COINCIDENCIA: Raja Casablanca
[2026-06-03 14:21:38] DEBUG:   [L2-subset] 'rangers' ⊆ 'queens park rangers'
[2026-06-03 14:21:38] INFO: MATCH: Rangers                                       → https://crests.football-data.org/69.png
[2026-06-03 14:21:38] WARNING: SIN COINCIDENCIA: Rayo Vallecano
[2026-06-03 14:21:38] WARNING: SIN COINCIDENCIA: Real Betis
[2026-06-03 14:21:38] DEBUG:   [L1-exacto] 'madrid' == 'madrid'
[2026-06-03 14:21:38] INFO: MATCH: Real Madrid                                   → https://crests.football-data.org/78.png
[2026-06-03 14:21:38] WARNING: SIN COINCIDENCIA: Real Oviedo
[2026-06-03 14:21:38] WARNING: SIN COINCIDENCIA: Real Salt Lake
[2026-06-03 14:21:38] WARNING: SIN COINCIDENCIA: Real Sociedad
[2026-06-03 14:21:38] WARNING: SIN COINCIDENCIA: Red Bull Salzburgo
[2026-06-03 14:21:38] WARNING: SIN COINCIDENCIA: Red Star
[2026-06-03 14:21:38] WARNING: SIN COINCIDENCIA: Rennes
[2026-06-03 14:21:39] WARNING: SIN COINCIDENCIA: River Plate
[2026-06-03 14:21:39] WARNING: SIN COINCIDENCIA: Rizespor
[2026-06-03 14:21:39] DEBUG:   [L1-exacto] 'roma' == 'roma'
[2026-06-03 14:21:39] INFO: MATCH: Roma                                          → https://crests.football-data.org/100.png
[2026-06-03 14:21:39] WARNING: SIN COINCIDENCIA: Rosario Central
[2026-06-03 14:21:39] WARNING: SIN COINCIDENCIA: Rotherham
[2026-06-03 14:21:39] DEBUG:   [L1-exacto] 'royale union saint-gilloise' == 'royale union saint-gilloise'
[2026-06-03 14:21:39] INFO: MATCH: Royale Union Saint-Gilloise                   → https://crests.football-data.org/3929.png
[2026-06-03 14:21:39] DEBUG:   [L1-exacto] 'napoli' == 'ssc napoli'
[2026-06-03 14:21:39] INFO: MATCH: S.S.C. Napoli                                 → https://crests.football-data.org/113.png
[2026-06-03 14:21:39] WARNING: SIN COINCIDENCIA: SC Bastia
[2026-06-03 14:21:39] WARNING: SIN COINCIDENCIA: SJK Seinajoki
[2026-06-03 14:21:39] WARNING: SIN COINCIDENCIA: SK Beveren
[2026-06-03 14:21:39] WARNING: SIN COINCIDENCIA: SV Zulte Waregem
[2026-06-03 14:21:39] WARNING: SIN COINCIDENCIA: Salzburgo
[2026-06-03 14:21:39] WARNING: SIN COINCIDENCIA: Sampdoria
[2026-06-03 14:21:39] WARNING: SIN COINCIDENCIA: Samsunspor
[2026-06-03 14:21:39] WARNING: SIN COINCIDENCIA: San Diego FC
[2026-06-03 14:21:39] WARNING: SIN COINCIDENCIA: Sanfrecce Hiroshima
[2026-06-03 14:21:39] DEBUG:   [L1-exacto] 'santos' == 'santos'
[2026-06-03 14:21:39] INFO: MATCH: Santos                                        → https://crests.football-data.org/6685.png
[2026-06-03 14:21:39] DEBUG:   [L1-exacto] 'sassuolo' == 'us sassuolo calcio'
[2026-06-03 14:21:39] INFO: MATCH: Sassuolo                                      → https://crests.football-data.org/471.png
[2026-06-03 14:21:39] WARNING: SIN COINCIDENCIA: Schalke 04
[2026-06-03 14:21:39] WARNING: SIN COINCIDENCIA: Seattle Sounders
[2026-06-03 14:21:39] WARNING: SIN COINCIDENCIA: Servette
[2026-06-03 14:21:39] WARNING: SIN COINCIDENCIA: Sevilla
[2026-06-03 14:21:39] WARNING: SIN COINCIDENCIA: Shamrock Rovers
[2026-06-03 14:21:39] DEBUG:   [L2-subset] 'sheffield' ⊆ 'sheffield wednesday'
[2026-06-03 14:21:39] INFO: MATCH: Sheffield United                              → https://crests.football-data.org/345.png
[2026-06-03 14:21:39] DEBUG:   [L2-subset] 'sheffield' ⊆ 'sheffield wednesday'
[2026-06-03 14:21:39] INFO: MATCH: Sheffield United F.C.                         → https://crests.football-data.org/345.png
[2026-06-03 14:21:39] WARNING: SIN COINCIDENCIA: Silkeborg IF
[2026-06-03 14:21:39] WARNING: SIN COINCIDENCIA: Sint Truidense
[2026-06-03 14:21:39] WARNING: SIN COINCIDENCIA: Sint-Truidense
[2026-06-03 14:21:39] DEBUG:   [L3-fuzzy] 'slavia praga' ~ 'slavia praha'  ratio=0.92
[2026-06-03 14:21:39] INFO: MATCH: Slavia Praga                                  → https://crests.football-data.org/930.png
[2026-06-03 14:21:39] WARNING: SIN COINCIDENCIA: Slovan Bratislava
[2026-06-03 14:21:39] WARNING: SIN COINCIDENCIA: Slovan Liberec
[2026-06-03 14:21:39] WARNING: SIN COINCIDENCIA: Smouha SC
[2026-06-03 14:21:39] WARNING: SIN COINCIDENCIA: Sparta Praga
[2026-06-03 14:21:39] DEBUG:   [L1-exacto] 'sparta rotterdam' == 'sparta rotterdam'
[2026-06-03 14:21:39] INFO: MATCH: Sparta Rotterdam                              → https://crests.football-data.org/6806.png
[2026-06-03 14:21:39] WARNING: SIN COINCIDENCIA: Spartak Moscow
[2026-06-03 14:21:39] WARNING: SIN COINCIDENCIA: Sporting
[2026-06-03 14:21:39] DEBUG:   [L1-exacto] 'braga' == 'clube braga'
[2026-06-03 14:21:39] INFO: MATCH: Sporting Braga                                → https://crests.football-data.org/5613.png
[2026-06-03 14:21:39] DEBUG:   [L1-exacto] 'cp' == 'clube portugal'
[2026-06-03 14:21:39] INFO: MATCH: Sporting CP                                   → https://crests.football-data.org/498.png
[2026-06-03 14:21:39] DEBUG:   [L2-subset] 'lisboa' ⊆ 'sport lisboa e benfica'
[2026-06-03 14:21:39] INFO: MATCH: Sporting Lisboa                               → https://crests.football-data.org/1903.png
[2026-06-03 14:21:39] DEBUG:   [L2-subset] 'portugal' ⊆ 'clube portugal'
[2026-06-03 14:21:39] INFO: MATCH: Sporting de Portugal                          → https://crests.football-data.org/498.png
[2026-06-03 14:21:39] DEBUG:   [L3-fuzzy] 'stade nyonnais' ~ 'stade rennais'  ratio=0.81
[2026-06-03 14:21:39] INFO: MATCH: Stade Nyonnais                                → https://crests.football-data.org/529.png
[2026-06-03 14:21:39] DEBUG:   [L1-exacto] 'stade rennais' == 'stade rennais 1901'
[2026-06-03 14:21:39] INFO: MATCH: Stade Rennais                                 → https://crests.football-data.org/529.png
[2026-06-03 14:21:39] DEBUG:   [L3-fuzzy] 'stade reims' ~ 'stade rennais'  ratio=0.83
[2026-06-03 14:21:39] INFO: MATCH: Stade de Reims                                → https://crests.football-data.org/529.png
[2026-06-03 14:21:39] WARNING: SIN COINCIDENCIA: Standard Liege
[2026-06-03 14:21:39] DEBUG:   [L1-exacto] 'stoke' == 'stoke'
[2026-06-03 14:21:39] INFO: MATCH: Stoke City                                    → https://crests.football-data.org/70.png
[2026-06-03 14:21:39] DEBUG:   [L1-exacto] 'strasbourg' == 'rc strasbourg alsace'
[2026-06-03 14:21:39] INFO: MATCH: Strasbourg                                    → https://crests.football-data.org/576.png
[2026-06-03 14:21:39] DEBUG:   [L1-exacto] 'stuttgart' == 'vfb stuttgart'
[2026-06-03 14:21:39] INFO: MATCH: Stuttgart                                     → https://crests.football-data.org/10.png
[2026-06-03 14:21:39] DEBUG:   [L1-exacto] 'sunderland' == 'sunderland'
[2026-06-03 14:21:39] INFO: MATCH: Sunderland                                    → https://crests.football-data.org/71.png
[2026-06-03 14:21:39] DEBUG:   [L1-exacto] 'sunderland' == 'sunderland'
[2026-06-03 14:21:39] INFO: MATCH: Sunderland AFC                                → https://crests.football-data.org/71.png
[2026-06-03 14:21:39] DEBUG:   [L1-exacto] 'swansea' == 'swansea'
[2026-06-03 14:21:39] INFO: MATCH: Swansea                                       → https://crests.football-data.org/72.png
[2026-06-03 14:21:39] DEBUG:   [L1-exacto] 'swansea' == 'swansea'
[2026-06-03 14:21:39] INFO: MATCH: Swansea City A.F.C.                           → https://crests.football-data.org/72.png
[2026-06-03 14:21:39] DEBUG:   [L2-subset] 'tsg hoffenheim' ⊆ 'tsg 1899 hoffenheim'
[2026-06-03 14:21:39] INFO: MATCH: TSG Hoffenheim                                → https://crests.football-data.org/2.png
[2026-06-03 14:21:39] DEBUG:   [L1-exacto] 'telstar' == 'telstar 1963'
[2026-06-03 14:21:39] INFO: MATCH: Telstar                                       → https://crests.football-data.org/1912.png
[2026-06-03 14:21:39] WARNING: SIN COINCIDENCIA: Terengganu FC
[2026-06-03 14:21:39] WARNING: SIN COINCIDENCIA: Tigres
[2026-06-03 14:21:39] WARNING: SIN COINCIDENCIA: Tigres UANL
[2026-06-03 14:21:39] DEBUG:   [L1-exacto] 'tondela' == 'tondela'
[2026-06-03 14:21:39] INFO: MATCH: Tondela                                       → https://crests.football-data.org/1049.png
[2026-06-03 14:21:39] DEBUG:   [L1-exacto] 'torino' == 'torino'
[2026-06-03 14:21:39] INFO: MATCH: Torino                                        → https://crests.football-data.org/586.png
[2026-06-03 14:21:39] WARNING: SIN COINCIDENCIA: Toronto
[2026-06-03 14:21:39] WARNING: SIN COINCIDENCIA: Toronto FC
[2026-06-03 14:21:39] WARNING: SIN COINCIDENCIA: Torreense
[2026-06-03 14:21:39] DEBUG:   [L1-exacto] 'tottenham' == 'tottenham hotspur'
[2026-06-03 14:21:39] INFO: MATCH: Tottenham                                     → https://crests.football-data.org/73.png
[2026-06-03 14:21:39] DEBUG:   [L1-exacto] 'tottenham hotspur' == 'tottenham hotspur'
[2026-06-03 14:21:39] INFO: MATCH: Tottenham Hotspur                             → https://crests.football-data.org/73.png
[2026-06-03 14:21:39] DEBUG:   [L1-exacto] 'toulouse' == 'toulouse'
[2026-06-03 14:21:39] INFO: MATCH: Toulouse                                      → https://crests.football-data.org/511.png
[2026-06-03 14:21:39] WARNING: SIN COINCIDENCIA: Trabzonspor
[2026-06-03 14:21:39] DEBUG:   [L1-exacto] 'twente' == 'twente '65'
[2026-06-03 14:21:39] INFO: MATCH: Twente                                        → https://crests.football-data.org/666.png
[2026-06-03 14:21:39] WARNING: SIN COINCIDENCIA: U. Católica de Ecuador
[2026-06-03 14:21:39] WARNING: SIN COINCIDENCIA: US Monastir
[2026-06-03 14:21:39] DEBUG:   [L1-exacto] 'us sassuolo calcio' == 'us sassuolo calcio'
[2026-06-03 14:21:39] INFO: MATCH: US Sassuolo Calcio                            → https://crests.football-data.org/471.png
[2026-06-03 14:21:39] WARNING: SIN COINCIDENCIA: USM Alger
[2026-06-03 14:21:39] DEBUG:   [L1-exacto] 'udinese' == 'udinese calcio'
[2026-06-03 14:21:39] INFO: MATCH: Udinese                                       → https://crests.football-data.org/115.png
[2026-06-03 14:21:39] WARNING: SIN COINCIDENCIA: Ulsan
[2026-06-03 14:21:39] DEBUG:   [L1-exacto] 'union berlin' == '1. union berlin'
[2026-06-03 14:21:39] INFO: MATCH: Union Berlin                                  → https://crests.football-data.org/28.png
[2026-06-03 14:21:39] DEBUG:   [L2-subset] 'union saint-gilloise' ⊆ 'royale union saint-gilloise'
[2026-06-03 14:21:39] INFO: MATCH: Union Saint-Gilloise                          → https://crests.football-data.org/3929.png
[2026-06-03 14:21:39] WARNING: SIN COINCIDENCIA: Universidad de Concepción
[2026-06-03 14:21:39] WARNING: SIN COINCIDENCIA: Universitatea Cluj
[2026-06-03 14:21:39] WARNING: SIN COINCIDENCIA: VVV-Venlo
[2026-06-03 14:21:39] WARNING: SIN COINCIDENCIA: Valencia
[2026-06-03 14:21:39] WARNING: SIN COINCIDENCIA: Vancouver Whitecaps
[2026-06-03 14:21:39] DEBUG:   [L1-exacto] 'vasco da gama' == 'cr vasco da gama'
[2026-06-03 14:21:39] INFO: MATCH: Vasco da Gama                                 → https://crests.football-data.org/1780.png
[2026-06-03 14:21:39] WARNING: SIN COINCIDENCIA: Venezia FC
[2026-06-03 14:21:39] WARNING: SIN COINCIDENCIA: Viking
[2026-06-03 14:21:39] WARNING: SIN COINCIDENCIA: Viking FK
[2026-06-03 14:21:39] WARNING: SIN COINCIDENCIA: Viktoria Plzen
[2026-06-03 14:21:39] WARNING: SIN COINCIDENCIA: Viktoria Plzeň
[2026-06-03 14:21:39] DEBUG:   [L3-fuzzy] 'villareal' ~ 'villarreal'  ratio=0.95
[2026-06-03 14:21:39] INFO: MATCH: Villareal                                     → https://crests.football-data.org/94.png
[2026-06-03 14:21:39] DEBUG:   [L1-exacto] 'villarreal' == 'villarreal cf'
[2026-06-03 14:21:39] INFO: MATCH: Villarreal                                    → https://crests.football-data.org/94.png
[2026-06-03 14:21:39] WARNING: SIN COINCIDENCIA: Violette AC
[2026-06-03 14:21:39] DEBUG:   [L1-exacto] 'vitoria' == 'ec vitoria'
[2026-06-03 14:21:39] INFO: MATCH: Vitória                                       → https://crests.football-data.org/1782.png
[2026-06-03 14:21:39] WARNING: SIN COINCIDENCIA: Vélez Sarsfield
[2026-06-03 14:21:39] DEBUG:   [L1-exacto] 'watford' == 'watford'
[2026-06-03 14:21:39] INFO: MATCH: Watford                                       → https://crests.football-data.org/346.png
[2026-06-03 14:21:39] WARNING: SIN COINCIDENCIA: Wellington Phoenix FC
[2026-06-03 14:21:39] DEBUG:   [L2-subset] 'werder bremen' ⊆ 'sv werder bremen'
[2026-06-03 14:21:39] INFO: MATCH: Werder Bremen                                 → https://crests.football-data.org/12.png
[2026-06-03 14:21:39] DEBUG:   [L1-exacto] 'west ham' == 'west ham'
[2026-06-03 14:21:39] INFO: MATCH: West Ham                                      → https://crests.football-data.org/563.png
[2026-06-03 14:21:39] DEBUG:   [L1-exacto] 'west ham' == 'west ham'
[2026-06-03 14:21:39] INFO: MATCH: West Ham United                               → https://crests.football-data.org/563.png
[2026-06-03 14:21:39] DEBUG:   [L1-exacto] 'west ham' == 'west ham'
[2026-06-03 14:21:39] INFO: MATCH: West Ham United/Marsella                      → https://crests.football-data.org/563.png
[2026-06-03 14:21:39] WARNING: SIN COINCIDENCIA: Western Sydney Wanderers
[2026-06-03 14:21:39] WARNING: SIN COINCIDENCIA: Widzew Lodz
[2026-06-03 14:21:39] WARNING: SIN COINCIDENCIA: Wolfsberger AC
[2026-06-03 14:21:39] DEBUG:   [L1-exacto] 'wolfsburg' == 'vfl wolfsburg'
[2026-06-03 14:21:39] INFO: MATCH: Wolfsburg                                     → https://crests.football-data.org/11.png
[2026-06-03 14:21:39] DEBUG:   [L3-fuzzy] 'wolfsburgo' ~ 'wolfsburg'  ratio=0.95
[2026-06-03 14:21:39] INFO: MATCH: Wolfsburgo                                    → https://crests.football-data.org/11.png
[2026-06-03 14:21:39] DEBUG:   [L1-exacto] 'wolverhampton' == 'wolverhampton wanderers'
[2026-06-03 14:21:39] INFO: MATCH: Wolverhampton                                 → https://crests.football-data.org/76.png
[2026-06-03 14:21:39] DEBUG:   [L1-exacto] 'wrexham' == 'wrexham'
[2026-06-03 14:21:39] INFO: MATCH: Wrexham                                       → https://crests.football-data.org/404.png
[2026-06-03 14:21:39] WARNING: SIN COINCIDENCIA: Young Boys
[2026-06-03 14:21:39] WARNING: SIN COINCIDENCIA: ZED FC
[2026-06-03 14:21:39] WARNING: SIN COINCIDENCIA: Zamalek
[2026-06-03 14:21:39] WARNING: SIN COINCIDENCIA: Zenit
[2026-06-03 14:21:39] WARNING: SIN COINCIDENCIA: Zhejiang
[2026-06-03 14:21:39] WARNING: SIN COINCIDENCIA: Çaykur Rizespor
[2026-06-03 14:21:39] WARNING: SIN COINCIDENCIA: Étoile du Sahel
[2026-06-03 14:21:39] INFO: Archivo generado exitosamente: C:\Users\Franc\OneDrive\Documentos\ThinkPad\Github\worldcup-app\data\data_frontend\teams.json (165 entradas)
[2026-06-03 14:21:39] INFO: ------------------------------------------------------------
[2026-06-03 14:21:39] INFO: RESUMEN:
[2026-06-03 14:21:39] INFO:   Equipos en lista local : 443
[2026-06-03 14:21:39] INFO:   Matches encontrados    : 165
[2026-06-03 14:21:39] INFO:   Sin coincidencia       : 278
[2026-06-03 14:21:39] INFO: Equipos sin coincidencia en la API:
[2026-06-03 14:21:39] INFO:   - AEL Limassol
[2026-06-03 14:21:39] INFO:   - AIK
[2026-06-03 14:21:39] INFO:   - AS Nancy-Lorraine
[2026-06-03 14:21:39] INFO:   - AS Saint-Étienne
[2026-06-03 14:21:39] INFO:   - Abha Club
[2026-06-03 14:21:39] INFO:   - Academia Puerto Cabello
[2026-06-03 14:21:39] INFO:   - Akron Tolyatti
[2026-06-03 14:21:39] INFO:   - Al Ahli
[2026-06-03 14:21:39] INFO:   - Al Ahly
[2026-06-03 14:21:39] INFO:   - Al Ain
[2026-06-03 14:21:39] INFO:   - Al Bataeh
[2026-06-03 14:21:39] INFO:   - Al Feiha
[2026-06-03 14:21:39] INFO:   - Al Hilal
[2026-06-03 14:21:39] INFO:   - Al Ittihad
[2026-06-03 14:21:39] INFO:   - Al Jazira
[2026-06-03 14:21:39] INFO:   - Al Nasr
[2026-06-03 14:21:39] INFO:   - Al Nassr
[2026-06-03 14:21:39] INFO:   - Al Sharjah
[2026-06-03 14:21:39] INFO:   - Al Wakrah
[2026-06-03 14:21:39] INFO:   - Al-Ahli
[2026-06-03 14:21:39] INFO:   - Al-Ahli Saudi FC
[2026-06-03 14:21:39] INFO:   - Al-Ain FC
[2026-06-03 14:21:39] INFO:   - Al-Duhail
[2026-06-03 14:21:39] INFO:   - Al-Ettifaq
[2026-06-03 14:21:39] INFO:   - Al-Hilal
[2026-06-03 14:21:39] INFO:   - Al-Hilal SFC
[2026-06-03 14:21:39] INFO:   - Al-Ittihad
[2026-06-03 14:21:39] INFO:   - Alanyaspor
[2026-06-03 14:21:39] INFO:   - Almere City FC
[2026-06-03 14:21:39] INFO:   - América de México
[2026-06-03 14:21:39] INFO:   - Anderlecht
[2026-06-03 14:21:39] INFO:   - Apollon Limassol
[2026-06-03 14:21:39] INFO:   - Aris Limassol
[2026-06-03 14:21:39] INFO:   - Astana
[2026-06-03 14:21:39] INFO:   - Athletic de Bilbao
[2026-06-03 14:21:39] INFO:   - Atlas
[2026-06-03 14:21:39] INFO:   - Atromitos
[2026-06-03 14:21:39] INFO:   - Auckland FC
[2026-06-03 14:21:39] INFO:   - Austria Viena
[2026-06-03 14:21:39] INFO:   - BSC Young Boys II
[2026-06-03 14:21:39] INFO:   - Basaksehir
[2026-06-03 14:21:39] INFO:   - Besiktas
[2026-06-03 14:21:39] INFO:   - Braintree Town F.C.
[2026-06-03 14:21:39] INFO:   - Brondby IF
[2026-06-03 14:21:39] INFO:   - Brujas
[2026-06-03 14:21:39] INFO:   - Brøndby IF
[2026-06-03 14:21:39] INFO:   - CD Plaza Amador
[2026-06-03 14:21:39] INFO:   - CS Constantine
[2026-06-03 14:21:39] INFO:   - CS Sfaxien
[2026-06-03 14:21:39] INFO:   - Castellon
[2026-06-03 14:21:39] INFO:   - Celta de Vigo
[2026-06-03 14:21:39] INFO:   - Celtic
[2026-06-03 14:21:39] INFO:   - Celtic Glasgow
[2026-06-03 14:21:39] INFO:   - Cercle Brugge
[2026-06-03 14:21:39] INFO:   - Charleroi
[2026-06-03 14:21:39] INFO:   - Charlotte FC
[2026-06-03 14:21:39] INFO:   - Chaves
[2026-06-03 14:21:39] INFO:   - Chicago Fire
[2026-06-03 14:21:39] INFO:   - Cincinatti FC
[2026-06-03 14:21:39] INFO:   - Club Africain
[2026-06-03 14:21:39] INFO:   - Club América
[2026-06-03 14:21:39] INFO:   - Club Deportivo Marathón
[2026-06-03 14:21:39] INFO:   - Club León
[2026-06-03 14:21:39] INFO:   - Cobresal
[2026-06-03 14:21:39] INFO:   - Colorado Springs
[2026-06-03 14:21:39] INFO:   - Columbus Crew
[2026-06-03 14:21:39] INFO:   - Copenhagen
[2026-06-03 14:21:39] INFO:   - Copenhague
[2026-06-03 14:21:39] INFO:   - Cruz Azul
[2026-06-03 14:21:39] INFO:   - Daejeon
[2026-06-03 14:21:39] INFO:   - Deportivo La Guaira
[2026-06-03 14:21:39] INFO:   - Deportivo Saprissa
[2026-06-03 14:21:39] INFO:   - Desconocido
[2026-06-03 14:21:39] INFO:   - Dinamo Zagreb
[2026-06-03 14:21:39] INFO:   - Dynamo Makhachkala
[2026-06-03 14:21:39] INFO:   - ES Tunis
[2026-06-03 14:21:39] INFO:   - El Gouna
[2026-06-03 14:21:39] INFO:   - El Paso Locomotive FC
[2026-06-03 14:21:39] INFO:   - Elche
[2026-06-03 14:21:39] INFO:   - Espanyol
[2026-06-03 14:21:39] INFO:   - Espérance de Tunis
[2026-06-03 14:21:39] INFO:   - Esteghlal FC
[2026-06-03 14:21:39] INFO:   - Estrella Roja
[2026-06-03 14:21:39] INFO:   - Estrella Roja de Belgrado
[2026-06-03 14:21:39] INFO:   - Estudiantes de La Plata
[2026-06-03 14:21:39] INFO:   - F. C. Tokyo
[2026-06-03 14:21:39] INFO:   - FC Barcelona Atlètic
[2026-06-03 14:21:39] INFO:   - FC Cincinnati
[2026-06-03 14:21:39] INFO:   - FC Cosmos Koblenz
[2026-06-03 14:21:39] INFO:   - FC Dallas
[2026-06-03 14:21:39] INFO:   - FC Den Bosch
[2026-06-03 14:21:39] INFO:   - FC Lugano
[2026-06-03 14:21:39] INFO:   - FC Pari Nizhniy Novgorod
[2026-06-03 14:21:39] INFO:   - FC Sochaux
[2026-06-03 14:21:39] INFO:   - FC Tatran Prešov
[2026-06-03 14:21:39] INFO:   - FC Tokio
[2026-06-03 14:21:39] INFO:   - FC Vizela
[2026-06-03 14:21:39] INFO:   - FC Zürich
[2026-06-03 14:21:39] INFO:   - Farense
[2026-06-03 14:21:39] INFO:   - Fenerbahce
[2026-06-03 14:21:39] INFO:   - Fenerbahçe
[2026-06-03 14:21:39] INFO:   - Fenerbahçe SK/Betis
[2026-06-03 14:21:39] INFO:   - Ferencváros TC
[2026-06-03 14:21:39] INFO:   - Fortuna Dusseldorf
[2026-06-03 14:21:39] INFO:   - Frosinone
[2026-06-03 14:21:39] INFO:   - Gangwon
[2026-06-03 14:21:39] INFO:   - Gaziantep
[2026-06-03 14:21:39] INFO:   - Genk
[2026-06-03 14:21:39] INFO:   - Gençlerbirliği
[2026-06-03 14:21:39] INFO:   - Girona
[2026-06-03 14:21:39] INFO:   - Granada
[2026-06-03 14:21:39] INFO:   - Gyor
[2026-06-03 14:21:39] INFO:   - HNK Rijeka
[2026-06-03 14:21:39] INFO:   - Hajduk Split
[2026-06-03 14:21:39] INFO:   - Hamburgo
[2026-06-03 14:21:39] INFO:   - Hannover 96
[2026-06-03 14:21:39] INFO:   - Hapoel Ironi Kiryat Shmona
[2026-06-03 14:21:39] INFO:   - Heart of Midlothian
[2026-06-03 14:21:39] INFO:   - Hibernian
[2026-06-03 14:21:39] INFO:   - Holstein Kiel
[2026-06-03 14:21:39] INFO:   - Hradec Kralove
[2026-06-03 14:21:39] INFO:   - IFK Norrköping
[2026-06-03 14:21:39] INFO:   - Igdir FK
[2026-06-03 14:21:39] INFO:   - Igdır FK
[2026-06-03 14:21:39] INFO:   - Independiente
[2026-06-03 14:21:39] INFO:   - Inter Miami
[2026-06-03 14:21:39] INFO:   - Inter Milan
[2026-06-03 14:21:39] INFO:   - Inter de Milan
[2026-06-03 14:21:39] INFO:   - Inter de Milán
[2026-06-03 14:21:39] INFO:   - Internacional de Porto Alegre
[2026-06-03 14:21:39] INFO:   - JS Kabylie
[2026-06-03 14:21:39] INFO:   - Jagiellonia Bialystok
[2026-06-03 14:21:39] INFO:   - Jeonbuk
[2026-06-03 14:21:39] INFO:   - Juárez FC
[2026-06-03 14:21:39] INFO:   - KAA Gent
[2026-06-03 14:21:39] INFO:   - KRC Genk
[2026-06-03 14:21:39] INFO:   - Kaizer Chiefs
[2026-06-03 14:21:39] INFO:   - Karlsruher
[2026-06-03 14:21:39] INFO:   - Kashima Antlers
[2026-06-03 14:21:39] INFO:   - Kashima Antrlers
[2026-06-03 14:21:39] INFO:   - Kasımpaşa
[2026-06-03 14:21:39] INFO:   - Kayserispor
[2026-06-03 14:21:39] INFO:   - Kifisia
[2026-06-03 14:21:39] INFO:   - Kilmarnock
[2026-06-03 14:21:39] INFO:   - Konyaspor
[2026-06-03 14:21:39] INFO:   - Krasnodar
[2026-06-03 14:21:39] INFO:   - LAFC
[2026-06-03 14:21:39] INFO:   - LASK
[2026-06-03 14:21:39] INFO:   - LDU Quito
[2026-06-03 14:21:39] INFO:   - Larisa
[2026-06-03 14:21:39] INFO:   - Lechia Gdansk
[2026-06-03 14:21:39] INFO:   - Ludogorets
[2026-06-03 14:21:39] INFO:   - Maccabi Haifa
[2026-06-03 14:21:39] INFO:   - Maccabi Tel Aviv
[2026-06-03 14:21:39] INFO:   - Mallorca
[2026-06-03 14:21:39] INFO:   - Malmo FF
[2026-06-03 14:21:39] INFO:   - Mamelodi Sundowns
[2026-06-03 14:21:39] INFO:   - Maribor
[2026-06-03 14:21:39] INFO:   - Mazatlán FC
[2026-06-03 14:21:39] INFO:   - Mechelen
[2026-06-03 14:21:39] INFO:   - Miami FC
[2026-06-03 14:21:39] INFO:   - Midtjylland
[2026-06-03 14:21:39] INFO:   - Minnesota United
[2026-06-03 14:21:39] INFO:   - Minnesota United FC
[2026-06-03 14:21:39] INFO:   - Mjällby AIF
[2026-06-03 14:21:39] INFO:   - Mlada Boleslav
[2026-06-03 14:21:39] INFO:   - Molde
[2026-06-03 14:21:39] INFO:   - Monagas
[2026-06-03 14:21:39] INFO:   - Montana 1921
[2026-06-03 14:21:39] INFO:   - Monterrey
[2026-06-03 14:21:39] INFO:   - Montpellier
[2026-06-03 14:21:39] INFO:   - Motherwell F.C.
[2026-06-03 14:21:39] INFO:   - N.E.C.
[2026-06-03 14:21:39] INFO:   - NEC Nijmegen
[2026-06-03 14:21:39] INFO:   - NK Maribor
[2026-06-03 14:21:39] INFO:   - NK Slaven Belupo
[2026-06-03 14:21:39] INFO:   - New England Revolution
[2026-06-03 14:21:39] INFO:   - New York City FC
[2026-06-03 14:21:39] INFO:   - Newcastle Jets FC
[2026-06-03 14:21:39] INFO:   - Niza
[2026-06-03 14:21:39] INFO:   - Noah
[2026-06-03 14:21:39] INFO:   - Omonia Nicosia
[2026-06-03 14:21:39] INFO:   - Orlando City
[2026-06-03 14:21:39] INFO:   - Orlando City SC
[2026-06-03 14:21:39] INFO:   - Orlando Pirates
[2026-06-03 14:21:39] INFO:   - Osasuna
[2026-06-03 14:21:39] INFO:   - Oțelul Galați
[2026-06-03 14:21:39] INFO:   - PFC Turan Tovuz
[2026-06-03 14:21:39] INFO:   - PSV Eindhoven
[2026-06-03 14:21:39] INFO:   - Pafos
[2026-06-03 14:21:39] INFO:   - Panathinaikos
[2026-06-03 14:21:39] INFO:   - Peterborough
[2026-06-03 14:21:39] INFO:   - Philadelphia Union
[2026-06-03 14:21:39] INFO:   - Plaza Amador
[2026-06-03 14:21:39] INFO:   - Polokwane City
[2026-06-03 14:21:39] INFO:   - Port Vale
[2026-06-03 14:21:39] INFO:   - Portland Timbers
[2026-06-03 14:21:39] INFO:   - Pumas
[2026-06-03 14:21:39] INFO:   - Puskás Akadémia
[2026-06-03 14:21:39] INFO:   - Pyramids
[2026-06-03 14:21:39] INFO:   - Pyramids FC
[2026-06-03 14:21:39] INFO:   - RKC
[2026-06-03 14:21:39] INFO:   - RKC Waalwijk
[2026-06-03 14:21:39] INFO:   - RS Berkane
[2026-06-03 14:21:39] INFO:   - Racign de Estrasburgo
[2026-06-03 14:21:39] INFO:   - Racing de Estrasburgo
[2026-06-03 14:21:39] INFO:   - Racing de Santander
[2026-06-03 14:21:39] INFO:   - Raja Casablanca
[2026-06-03 14:21:39] INFO:   - Rayo Vallecano
[2026-06-03 14:21:39] INFO:   - Real Betis
[2026-06-03 14:21:39] INFO:   - Real Oviedo
[2026-06-03 14:21:39] INFO:   - Real Salt Lake
[2026-06-03 14:21:39] INFO:   - Real Sociedad
[2026-06-03 14:21:39] INFO:   - Red Bull Salzburgo
[2026-06-03 14:21:39] INFO:   - Red Star
[2026-06-03 14:21:39] INFO:   - Rennes
[2026-06-03 14:21:39] INFO:   - River Plate
[2026-06-03 14:21:39] INFO:   - Rizespor
[2026-06-03 14:21:39] INFO:   - Rosario Central
[2026-06-03 14:21:39] INFO:   - Rotherham
[2026-06-03 14:21:39] INFO:   - SC Bastia
[2026-06-03 14:21:39] INFO:   - SJK Seinajoki
[2026-06-03 14:21:39] INFO:   - SK Beveren
[2026-06-03 14:21:39] INFO:   - SV Zulte Waregem
[2026-06-03 14:21:39] INFO:   - Salzburgo
[2026-06-03 14:21:39] INFO:   - Sampdoria
[2026-06-03 14:21:39] INFO:   - Samsunspor
[2026-06-03 14:21:39] INFO:   - San Diego FC
[2026-06-03 14:21:39] INFO:   - Sanfrecce Hiroshima
[2026-06-03 14:21:39] INFO:   - Schalke 04
[2026-06-03 14:21:39] INFO:   - Seattle Sounders
[2026-06-03 14:21:39] INFO:   - Servette
[2026-06-03 14:21:39] INFO:   - Sevilla
[2026-06-03 14:21:39] INFO:   - Shamrock Rovers
[2026-06-03 14:21:39] INFO:   - Silkeborg IF
[2026-06-03 14:21:39] INFO:   - Sint Truidense
[2026-06-03 14:21:39] INFO:   - Sint-Truidense
[2026-06-03 14:21:39] INFO:   - Slovan Bratislava
[2026-06-03 14:21:39] INFO:   - Slovan Liberec
[2026-06-03 14:21:39] INFO:   - Smouha SC
[2026-06-03 14:21:39] INFO:   - Sparta Praga
[2026-06-03 14:21:39] INFO:   - Spartak Moscow
[2026-06-03 14:21:39] INFO:   - Sporting
[2026-06-03 14:21:39] INFO:   - Standard Liege
[2026-06-03 14:21:39] INFO:   - Terengganu FC
[2026-06-03 14:21:39] INFO:   - Tigres
[2026-06-03 14:21:39] INFO:   - Tigres UANL
[2026-06-03 14:21:39] INFO:   - Toronto
[2026-06-03 14:21:39] INFO:   - Toronto FC
[2026-06-03 14:21:39] INFO:   - Torreense
[2026-06-03 14:21:39] INFO:   - Trabzonspor
[2026-06-03 14:21:39] INFO:   - U. Católica de Ecuador
[2026-06-03 14:21:39] INFO:   - US Monastir
[2026-06-03 14:21:39] INFO:   - USM Alger
[2026-06-03 14:21:39] INFO:   - Ulsan
[2026-06-03 14:21:39] INFO:   - Universidad de Concepción
[2026-06-03 14:21:39] INFO:   - Universitatea Cluj
[2026-06-03 14:21:39] INFO:   - VVV-Venlo
[2026-06-03 14:21:39] INFO:   - Valencia
[2026-06-03 14:21:39] INFO:   - Vancouver Whitecaps
[2026-06-03 14:21:39] INFO:   - Venezia FC
[2026-06-03 14:21:39] INFO:   - Viking
[2026-06-03 14:21:39] INFO:   - Viking FK
[2026-06-03 14:21:39] INFO:   - Viktoria Plzen
[2026-06-03 14:21:39] INFO:   - Viktoria Plzeň
[2026-06-03 14:21:39] INFO:   - Violette AC
[2026-06-03 14:21:39] INFO:   - Vélez Sarsfield
[2026-06-03 14:21:39] INFO:   - Wellington Phoenix FC
[2026-06-03 14:21:39] INFO:   - Western Sydney Wanderers
[2026-06-03 14:21:39] INFO:   - Widzew Lodz
[2026-06-03 14:21:39] INFO:   - Wolfsberger AC
[2026-06-03 14:21:39] INFO:   - Young Boys
[2026-06-03 14:21:39] INFO:   - ZED FC
[2026-06-03 14:21:39] INFO:   - Zamalek
[2026-06-03 14:21:39] INFO:   - Zenit
[2026-06-03 14:21:39] INFO:   - Zhejiang
[2026-06-03 14:21:39] INFO:   - Çaykur Rizespor
[2026-06-03 14:21:39] INFO:   - Étoile du Sahel
[2026-06-03 14:21:39] INFO: ============================================================
[2026-06-03 14:21:39] INFO: Script finalizado.
[2026-06-03 14:21:53] INFO: ============================================================
[2026-06-03 14:21:53] INFO: Inicio de fetch_footballdata_crests.py
[2026-06-03 14:21:53] INFO: Threshold Jaccard: 0.60 | Threshold Fuzzy: 0.80
[2026-06-03 14:21:53] INFO: ============================================================
[2026-06-03 14:21:53] INFO: Cargados 443 equipos desde convocados_equipos.json
[2026-06-03 14:21:55] ERROR: Error al obtener competiciones: 429 Client Error:  for url: https://api.football-data.org/v4/competitions
[2026-06-03 14:22:48] INFO: ============================================================
[2026-06-03 14:22:48] INFO: Inicio de fetch_footballdata_crests.py
[2026-06-03 14:22:48] INFO: Threshold Jaccard: 0.60 | Threshold Fuzzy: 0.80
[2026-06-03 14:22:48] INFO: ============================================================
[2026-06-03 14:22:48] INFO: Cargados 443 equipos desde convocados_equipos.json
[2026-06-03 14:22:52] INFO: Competición 'Campeonato Brasileiro Série A': 20 equipos.
[2026-06-03 14:22:55] INFO: Competición 'Championship': 24 equipos.
[2026-06-03 14:22:58] INFO: Competición 'Premier League': 20 equipos.
[2026-06-03 14:23:02] INFO: Competición 'UEFA Champions League': 36 equipos.
[2026-06-03 14:23:04] INFO: Competición 'European Championship': 24 equipos.
[2026-06-03 14:23:08] INFO: Competición 'Ligue 1': 18 equipos.
[2026-06-03 14:23:10] INFO: Competición 'Bundesliga': 18 equipos.
[2026-06-03 14:23:12] INFO: Competición 'Serie A': 20 equipos.
[2026-06-03 14:23:14] INFO: ============================================================
[2026-06-03 14:23:14] INFO: Inicio de fetch_footballdata_crests.py
[2026-06-03 14:23:14] INFO: Threshold Jaccard: 0.60 | Threshold Fuzzy: 0.80
[2026-06-03 14:23:14] INFO: ============================================================
[2026-06-03 14:23:14] INFO: Cargados 443 equipos desde convocados_equipos.json
[2026-06-03 14:23:16] INFO: Competición 'Eredivisie': 18 equipos.
[2026-06-03 14:23:18] WARNING: No se pudieron obtener equipos de 'Campeonato Brasileiro Série A': 429 Client Error:  for url: https://api.football-data.org/v4/competitions/2013/teams
[2026-06-03 14:23:18] WARNING: No se pudieron obtener equipos de 'Primeira Liga': 429 Client Error:  for url: https://api.football-data.org/v4/competitions/2017/teams
[2026-06-03 14:23:20] WARNING: No se pudieron obtener equipos de 'Copa Libertadores': 429 Client Error:  for url: https://api.football-data.org/v4/competitions/2152/teams
[2026-06-03 14:23:20] WARNING: No se pudieron obtener equipos de 'Championship': 429 Client Error:  for url: https://api.football-data.org/v4/competitions/2016/teams
[2026-06-03 14:23:22] WARNING: No se pudieron obtener equipos de 'Premier League': 429 Client Error:  for url: https://api.football-data.org/v4/competitions/2021/teams

[2026-06-03 14:23:24] WARNING: No se pudieron obtener equipos de 'UEFA Champions League': 429 Client Error:  for url: https://api.football-data.org/v4/competitions/2001/teams
[2026-06-03 14:23:24] WARNING: No se pudieron obtener equipos de 'FIFA World Cup': 429 Client Error:  for url: https://api.football-data.org/v4/competitions/2000/teams
[2026-06-03 14:23:26] WARNING: No se pudieron obtener equipos de 'European Championship': 429 Client Error:  for url: https://api.football-data.org/v4/competitions/2018/teams
[2026-06-03 14:23:26] WARNING: Paginación detenida en offset 0: 429 Client Error:  for url: https://api.football-data.org/v4/teams?limit=200&offset=0
[2026-06-03 14:23:26] INFO: Total equipos únicos recopilados: 179
[2026-06-03 14:23:26] DEBUG:   [L1-exacto] 'ac milan' == 'ac milan'
[2026-06-03 14:23:26] INFO: MATCH: AC Milan                                      → https://crests.football-data.org/98.png
[2026-06-03 14:23:26] WARNING: SIN COINCIDENCIA: AEL Limassol
[2026-06-03 14:23:26] DEBUG:   [L1-exacto] 'bournemouth' == 'bournemouth'
[2026-06-03 14:23:26] INFO: MATCH: AFC Bournemouth                               → https://crests.football-data.org/bournemouth.png
[2026-06-03 14:23:26] WARNING: SIN COINCIDENCIA: AIK
[2026-06-03 14:23:26] DEBUG:   [L1-exacto] 'aj auxerre' == 'aj auxerre'
[2026-06-03 14:23:26] INFO: MATCH: AJ Auxerre                                    → https://crests.football-data.org/519.png
[2026-06-03 14:23:26] DEBUG:   [L1-exacto] 'monaco' == 'monaco'
[2026-06-03 14:23:26] INFO: MATCH: AS Monaco                                     → https://crests.football-data.org/548.png
[2026-06-03 14:23:26] WARNING: SIN COINCIDENCIA: AS Nancy-Lorraine
[2026-06-03 14:23:26] DEBUG:   [L1-exacto] 'roma' == 'roma'
[2026-06-03 14:23:26] INFO: MATCH: AS Roma                                       → https://crests.football-data.org/100.png
[2026-06-03 14:23:26] WARNING: SIN COINCIDENCIA: AS Saint-Étienne
[2026-06-03 14:23:26] WARNING: SIN COINCIDENCIA: Abha Club
[2026-06-03 14:23:26] WARNING: SIN COINCIDENCIA: Academia Puerto Cabello
[2026-06-03 14:23:26] DEBUG:   [L1-exacto] 'ajax' == 'ajax'
[2026-06-03 14:23:26] INFO: MATCH: Ajax                                          → https://crests.football-data.org/678.png
[2026-06-03 14:23:26] WARNING: SIN COINCIDENCIA: Akron Tolyatti
[2026-06-03 14:23:26] WARNING: SIN COINCIDENCIA: Al Ahli
[2026-06-03 14:23:26] WARNING: SIN COINCIDENCIA: Al Ahly
[2026-06-03 14:23:26] WARNING: SIN COINCIDENCIA: Al Ain
[2026-06-03 14:23:26] WARNING: SIN COINCIDENCIA: Al Bataeh
[2026-06-03 14:23:26] WARNING: SIN COINCIDENCIA: Al Feiha
[2026-06-03 14:23:26] WARNING: SIN COINCIDENCIA: Al Hilal
[2026-06-03 14:23:26] WARNING: SIN COINCIDENCIA: Al Ittihad
[2026-06-03 14:23:26] WARNING: SIN COINCIDENCIA: Al Jazira
[2026-06-03 14:23:26] WARNING: SIN COINCIDENCIA: Al Nasr
[2026-06-03 14:23:26] WARNING: SIN COINCIDENCIA: Al Nassr
[2026-06-03 14:23:26] WARNING: SIN COINCIDENCIA: Al Sharjah
[2026-06-03 14:23:26] WARNING: SIN COINCIDENCIA: Al Wakrah
[2026-06-03 14:23:26] WARNING: SIN COINCIDENCIA: Al-Ahli
[2026-06-03 14:23:27] WARNING: SIN COINCIDENCIA: Al-Ahli Saudi FC
[2026-06-03 14:23:27] WARNING: SIN COINCIDENCIA: Al-Ain FC
[2026-06-03 14:23:27] WARNING: SIN COINCIDENCIA: Al-Duhail
[2026-06-03 14:23:27] WARNING: SIN COINCIDENCIA: Al-Ettifaq
[2026-06-03 14:23:27] WARNING: SIN COINCIDENCIA: Al-Hilal
[2026-06-03 14:23:27] WARNING: SIN COINCIDENCIA: Al-Hilal SFC
[2026-06-03 14:23:27] WARNING: SIN COINCIDENCIA: Al-Ittihad
[2026-06-03 14:23:27] WARNING: SIN COINCIDENCIA: Alanyaspor
[2026-06-03 14:23:27] WARNING: SIN COINCIDENCIA: Almere City FC
[2026-06-03 14:23:27] WARNING: SIN COINCIDENCIA: América de México
[2026-06-03 14:23:27] WARNING: SIN COINCIDENCIA: Anderlecht
[2026-06-03 14:23:27] DEBUG:   [L1-exacto] 'angers sco' == 'angers sco'
[2026-06-03 14:23:27] INFO: MATCH: Angers SCO                                    → https://crests.football-data.org/532.png
[2026-06-03 14:23:27] WARNING: SIN COINCIDENCIA: Apollon Limassol
[2026-06-03 14:23:27] WARNING: SIN COINCIDENCIA: Aris Limassol
[2026-06-03 14:23:27] DEBUG:   [L1-exacto] 'arsenal' == 'arsenal'
[2026-06-03 14:23:27] INFO: MATCH: Arsenal                                       → https://crests.football-data.org/57.png
[2026-06-03 14:23:27] WARNING: SIN COINCIDENCIA: Astana
[2026-06-03 14:23:27] DEBUG:   [L1-exacto] 'aston villa' == 'aston villa'
[2026-06-03 14:23:27] INFO: MATCH: Aston Villa                                   → https://crests.football-data.org/58.png
[2026-06-03 14:23:27] DEBUG:   [L1-exacto] 'atalanta' == 'atalanta bc'
[2026-06-03 14:23:27] INFO: MATCH: Atalanta                                      → https://crests.football-data.org/102.png
[2026-06-03 14:23:27] WARNING: SIN COINCIDENCIA: Athletic de Bilbao
[2026-06-03 14:23:27] WARNING: SIN COINCIDENCIA: Atlas
[2026-06-03 14:23:27] DEBUG:   [L2-subset] 'atletico madrid' ⊆ 'club atletico madrid'
[2026-06-03 14:23:27] INFO: MATCH: Atlético Madrid                               → https://crests.football-data.org/78.png
[2026-06-03 14:23:27] WARNING: SIN COINCIDENCIA: Atlético Nacional
[2026-06-03 14:23:27] DEBUG:   [L2-subset] 'atletico madrid' ⊆ 'club atletico madrid'
[2026-06-03 14:23:27] INFO: MATCH: Atlético de Madrid                            → https://crests.football-data.org/78.png
[2026-06-03 14:23:27] WARNING: SIN COINCIDENCIA: Atromitos
[2026-06-03 14:23:27] WARNING: SIN COINCIDENCIA: Auckland FC
[2026-06-03 14:23:27] DEBUG:   [L3-fuzzy] 'augsburgo' ~ 'augsburg'  ratio=0.94
[2026-06-03 14:23:27] INFO: MATCH: Augsburgo                                     → https://crests.football-data.org/16.png
[2026-06-03 14:23:27] WARNING: SIN COINCIDENCIA: Austria Viena
[2026-06-03 14:23:27] DEBUG:   [L1-exacto] 'auxerre' == 'aj auxerre'
[2026-06-03 14:23:27] INFO: MATCH: Auxerre                                       → https://crests.football-data.org/519.png
[2026-06-03 14:23:27] WARNING: SIN COINCIDENCIA: BSC Young Boys II
[2026-06-03 14:23:27] DEBUG:   [L1-exacto] 'barcelona' == 'barcelona'
[2026-06-03 14:23:27] INFO: MATCH: Barcelona                                     → https://crests.football-data.org/81.png
[2026-06-03 14:23:27] DEBUG:   [L3-fuzzy] 'barnsley' ~ 'burnley'  ratio=0.80
[2026-06-03 14:23:27] INFO: MATCH: Barnsley                                      → https://crests.football-data.org/328.png
[2026-06-03 14:23:27] WARNING: SIN COINCIDENCIA: Basaksehir
[2026-06-03 14:23:27] DEBUG:   [L2-subset] 'bayer leverkusen' ⊆ 'bayer 04 leverkusen'
[2026-06-03 14:23:27] INFO: MATCH: Bayer Leverkusen                              → https://crests.football-data.org/3.png
[2026-06-03 14:23:27] DEBUG:   [L3-fuzzy] 'bayern munich' ~ 'bayern munchen'  ratio=0.89
[2026-06-03 14:23:27] INFO: MATCH: Bayern Munich                                 → https://crests.football-data.org/5.png
[2026-06-03 14:23:27] DEBUG:   [L3-fuzzy] 'bayern munich' ~ 'bayern munchen'  ratio=0.89
[2026-06-03 14:23:27] INFO: MATCH: Bayern Múnich                                 → https://crests.football-data.org/5.png
[2026-06-03 14:23:27] DEBUG:   [L2-subset] 'benfica' ⊆ 'sport lisboa e benfica'
[2026-06-03 14:23:27] INFO: MATCH: Benfica                                       → https://crests.football-data.org/1903.png
[2026-06-03 14:23:27] WARNING: SIN COINCIDENCIA: Besiktas
[2026-06-03 14:23:27] DEBUG:   [L1-exacto] 'birmingham' == 'birmingham city'
[2026-06-03 14:23:27] INFO: MATCH: Birmingham                                    → https://crests.football-data.org/332.png
[2026-06-03 14:23:27] DEBUG:   [L3-fuzzy] 'bodo glimt' ~ 'bodø/glimt'  ratio=0.80
[2026-06-03 14:23:27] INFO: MATCH: Bodo Glimt                                    → https://crests.football-data.org/5721.png
[2026-06-03 14:23:27] DEBUG:   [L1-exacto] 'bologna' == 'bologna 1909'
[2026-06-03 14:23:27] INFO: MATCH: Bologna                                       → https://crests.football-data.org/103.png
[2026-06-03 14:23:27] DEBUG:   [L1-exacto] 'borussia dortmund' == 'borussia dortmund'
[2026-06-03 14:23:27] INFO: MATCH: Borussia Dortmund                             → https://crests.football-data.org/4.png
[2026-06-03 14:23:27] DEBUG:   [L1-exacto] 'borussia monchengladbach' == 'borussia monchengladbach'
[2026-06-03 14:23:27] INFO: MATCH: Borussia Mönchengladbach                      → https://crests.football-data.org/18.png
[2026-06-03 14:23:27] DEBUG:   [L1-exacto] 'botafogo' == 'botafogo fr'
[2026-06-03 14:23:27] INFO: MATCH: Botafogo                                      → https://crests.football-data.org/1770.png
[2026-06-03 14:23:27] DEBUG:   [L1-exacto] 'bournemouth' == 'bournemouth'
[2026-06-03 14:23:27] INFO: MATCH: Bournemouth                                   → https://crests.football-data.org/bournemouth.png
[2026-06-03 14:23:27] WARNING: SIN COINCIDENCIA: Braga
[2026-06-03 14:23:27] WARNING: SIN COINCIDENCIA: Braintree Town F.C.
[2026-06-03 14:23:27] DEBUG:   [L1-exacto] 'brentford' == 'brentford'
[2026-06-03 14:23:27] INFO: MATCH: Brentford                                     → https://crests.football-data.org/402.png
[2026-06-03 14:23:27] DEBUG:   [L2-subset] 'brighton' ⊆ 'brighton & hove albion'
[2026-06-03 14:23:27] INFO: MATCH: Brighton                                      → https://crests.football-data.org/397.png
[2026-06-03 14:23:27] WARNING: SIN COINCIDENCIA: Brondby IF
[2026-06-03 14:23:27] WARNING: SIN COINCIDENCIA: Brujas
[2026-06-03 14:23:27] WARNING: SIN COINCIDENCIA: Brøndby IF
[2026-06-03 14:23:27] DEBUG:   [L1-exacto] 'burnley' == 'burnley'
[2026-06-03 14:23:27] INFO: MATCH: Burnley                                       → https://crests.football-data.org/328.png
[2026-06-03 14:23:27] WARNING: SIN COINCIDENCIA: CD Plaza Amador
[2026-06-03 14:23:27] WARNING: SIN COINCIDENCIA: CS Constantine
[2026-06-03 14:23:27] WARNING: SIN COINCIDENCIA: CS Sfaxien
[2026-06-03 14:23:27] DEBUG:   [L1-exacto] 'cagliari' == 'cagliari calcio'
[2026-06-03 14:23:27] INFO: MATCH: Cagliari                                      → https://crests.football-data.org/104.png
[2026-06-03 14:23:27] WARNING: SIN COINCIDENCIA: Casa Pia
[2026-06-03 14:23:27] WARNING: SIN COINCIDENCIA: Castellon
[2026-06-03 14:23:27] WARNING: SIN COINCIDENCIA: Celta de Vigo
[2026-06-03 14:23:27] WARNING: SIN COINCIDENCIA: Celtic
[2026-06-03 14:23:27] WARNING: SIN COINCIDENCIA: Celtic Glasgow
[2026-06-03 14:23:27] WARNING: SIN COINCIDENCIA: Cercle Brugge
[2026-06-03 14:23:27] WARNING: SIN COINCIDENCIA: Charleroi
[2026-06-03 14:23:27] WARNING: SIN COINCIDENCIA: Charlotte FC
[2026-06-03 14:23:27] DEBUG:   [L1-exacto] 'charlton athletic' == 'charlton athletic'
[2026-06-03 14:23:27] INFO: MATCH: Charlton Athletic                             → https://crests.football-data.org/348.png
[2026-06-03 14:23:27] WARNING: SIN COINCIDENCIA: Chaves
[2026-06-03 14:23:27] DEBUG:   [L1-exacto] 'chelsea' == 'chelsea'
[2026-06-03 14:23:27] INFO: MATCH: Chelsea                                       → https://crests.football-data.org/61.png
[2026-06-03 14:23:27] WARNING: SIN COINCIDENCIA: Chicago Fire
[2026-06-03 14:23:27] WARNING: SIN COINCIDENCIA: Cincinatti FC
[2026-06-03 14:23:27] WARNING: SIN COINCIDENCIA: Club Africain
[2026-06-03 14:23:27] WARNING: SIN COINCIDENCIA: Club América
[2026-06-03 14:23:27] WARNING: SIN COINCIDENCIA: Club Deportivo Marathón
[2026-06-03 14:23:27] WARNING: SIN COINCIDENCIA: Club León
[2026-06-03 14:23:27] WARNING: SIN COINCIDENCIA: Cobresal
[2026-06-03 14:23:27] WARNING: SIN COINCIDENCIA: Colorado Springs
[2026-06-03 14:23:27] WARNING: SIN COINCIDENCIA: Columbus Crew
[2026-06-03 14:23:27] DEBUG:   [L2-subset] 'como' ⊆ 'como 1907'
[2026-06-03 14:23:27] INFO: MATCH: Como                                          → https://crests.football-data.org/7397.png
[2026-06-03 14:23:27] WARNING: SIN COINCIDENCIA: Copenhagen
[2026-06-03 14:23:27] WARNING: SIN COINCIDENCIA: Copenhague
[2026-06-03 14:23:27] DEBUG:   [L1-exacto] 'corinthians' == 'corinthians paulista'
[2026-06-03 14:23:27] INFO: MATCH: Corinthians                                   → https://crests.football-data.org/1779.png
[2026-06-03 14:23:27] DEBUG:   [L1-exacto] 'coventry city' == 'coventry city'
[2026-06-03 14:23:27] INFO: MATCH: Coventry City                                 → https://crests.football-data.org/1076.png
[2026-06-03 14:23:27] DEBUG:   [L1-exacto] 'cremonese' == 'us cremonese'
[2026-06-03 14:23:27] INFO: MATCH: Cremonese                                     → https://crests.football-data.org/457.png
[2026-06-03 14:23:27] WARNING: SIN COINCIDENCIA: Cruz Azul
[2026-06-03 14:23:27] DEBUG:   [L1-exacto] 'crystal palace' == 'crystal palace'
[2026-06-03 14:23:27] INFO: MATCH: Crystal Palace                                → https://crests.football-data.org/354.png
[2026-06-03 14:23:27] WARNING: SIN COINCIDENCIA: Daejeon
[2026-06-03 14:23:27] WARNING: SIN COINCIDENCIA: Deportivo La Guaira
[2026-06-03 14:23:27] WARNING: SIN COINCIDENCIA: Deportivo Saprissa
[2026-06-03 14:23:27] DEBUG:   [L1-exacto] 'derby county' == 'derby county'
[2026-06-03 14:23:27] INFO: MATCH: Derby County                                  → https://crests.football-data.org/342.png
[2026-06-03 14:23:27] WARNING: SIN COINCIDENCIA: Desconocido
[2026-06-03 14:23:27] WARNING: SIN COINCIDENCIA: Dinamo Zagreb
[2026-06-03 14:23:27] WARNING: SIN COINCIDENCIA: Dynamo Makhachkala
[2026-06-03 14:23:27] WARNING: SIN COINCIDENCIA: ES Tunis
[2026-06-03 14:23:27] DEBUG:   [L1-exacto] 'eintracht frankfurt' == 'eintracht frankfurt'
[2026-06-03 14:23:27] INFO: MATCH: Eintracht Frankfurt                           → https://crests.football-data.org/19.png
[2026-06-03 14:23:27] WARNING: SIN COINCIDENCIA: El Gouna
[2026-06-03 14:23:27] WARNING: SIN COINCIDENCIA: El Paso Locomotive FC
[2026-06-03 14:23:27] WARNING: SIN COINCIDENCIA: Elche
[2026-06-03 14:23:27] WARNING: SIN COINCIDENCIA: Espanyol
[2026-06-03 14:23:27] WARNING: SIN COINCIDENCIA: Espérance de Tunis
[2026-06-03 14:23:27] WARNING: SIN COINCIDENCIA: Esteghlal FC
[2026-06-03 14:23:27] DEBUG:   [L3-fuzzy] 'estrasburgo' ~ 'strasbourg'  ratio=0.86
[2026-06-03 14:23:27] INFO: MATCH: Estrasburgo                                   → https://crests.football-data.org/576.png
[2026-06-03 14:23:27] WARNING: SIN COINCIDENCIA: Estrela da Amadora
[2026-06-03 14:23:27] WARNING: SIN COINCIDENCIA: Estrella Roja
[2026-06-03 14:23:27] WARNING: SIN COINCIDENCIA: Estrella Roja de Belgrado
[2026-06-03 14:23:27] WARNING: SIN COINCIDENCIA: Estudiantes de La Plata
[2026-06-03 14:23:27] DEBUG:   [L1-exacto] 'everton' == 'everton'
[2026-06-03 14:23:27] INFO: MATCH: Everton                                       → https://crests.football-data.org/62.png
[2026-06-03 14:23:27] WARNING: SIN COINCIDENCIA: F. C. Tokyo
[2026-06-03 14:23:27] DEBUG:   [L1-exacto] 'augsburg' == 'augsburg'
[2026-06-03 14:23:27] INFO: MATCH: FC Augsburg                                   → https://crests.football-data.org/16.png
[2026-06-03 14:23:27] DEBUG:   [L1-exacto] 'barcelona' == 'barcelona'
[2026-06-03 14:23:27] INFO: MATCH: FC Barcelona                                  → https://crests.football-data.org/81.png
[2026-06-03 14:23:27] WARNING: SIN COINCIDENCIA: FC Barcelona Atlètic
[2026-06-03 14:23:27] WARNING: SIN COINCIDENCIA: FC Cincinnati
[2026-06-03 14:23:27] WARNING: SIN COINCIDENCIA: FC Cosmos Koblenz
[2026-06-03 14:23:27] WARNING: SIN COINCIDENCIA: FC Dallas
[2026-06-03 14:23:27] WARNING: SIN COINCIDENCIA: FC Den Bosch
[2026-06-03 14:23:27] WARNING: SIN COINCIDENCIA: FC Lugano
[2026-06-03 14:23:27] DEBUG:   [L1-exacto] 'nantes' == 'nantes'
[2026-06-03 14:23:27] INFO: MATCH: FC Nantes                                     → https://crests.football-data.org/543.png
[2026-06-03 14:23:27] WARNING: SIN COINCIDENCIA: FC Pari Nizhniy Novgorod
[2026-06-03 14:23:27] WARNING: SIN COINCIDENCIA: FC Sochaux
[2026-06-03 14:23:27] DEBUG:   [L1-exacto] 'st. pauli' == 'st. pauli 1910'
[2026-06-03 14:23:27] INFO: MATCH: FC St. Pauli                                  → https://crests.football-data.org/20.png
[2026-06-03 14:23:27] WARNING: SIN COINCIDENCIA: FC Tatran Prešov
[2026-06-03 14:23:27] WARNING: SIN COINCIDENCIA: FC Tokio
[2026-06-03 14:23:27] DEBUG:   [L1-exacto] 'twente' == 'twente '65'
[2026-06-03 14:23:27] INFO: MATCH: FC Twente                                     → https://crests.football-data.org/666.png
[2026-06-03 14:23:27] WARNING: SIN COINCIDENCIA: FC Vizela
[2026-06-03 14:23:27] DEBUG:   [L1-exacto] 'volendam' == 'volendam'
[2026-06-03 14:23:27] INFO: MATCH: FC Volendam                                   → https://crests.football-data.org/1919.png
[2026-06-03 14:23:27] WARNING: SIN COINCIDENCIA: FC Zürich
[2026-06-03 14:23:27] WARNING: SIN COINCIDENCIA: Farense
[2026-06-03 14:23:27] WARNING: SIN COINCIDENCIA: Fenerbahce
[2026-06-03 14:23:27] WARNING: SIN COINCIDENCIA: Fenerbahçe
[2026-06-03 14:23:27] WARNING: SIN COINCIDENCIA: Fenerbahçe SK/Betis
[2026-06-03 14:23:27] WARNING: SIN COINCIDENCIA: Ferencváros TC
[2026-06-03 14:23:27] DEBUG:   [L1-exacto] 'feyenoord' == 'feyenoord rotterdam'
[2026-06-03 14:23:27] INFO: MATCH: Feyenoord                                     → https://crests.football-data.org/675.png
[2026-06-03 14:23:27] DEBUG:   [L1-exacto] 'fiorentina' == 'acf fiorentina'
[2026-06-03 14:23:27] INFO: MATCH: Fiorentina                                    → https://crests.football-data.org/99.png
[2026-06-03 14:23:27] DEBUG:   [L1-exacto] 'flamengo' == 'cr flamengo'
[2026-06-03 14:23:27] INFO: MATCH: Flamengo                                      → https://crests.football-data.org/1783.png
[2026-06-03 14:23:27] DEBUG:   [L1-exacto] 'fluminense' == 'fluminense'
[2026-06-03 14:23:27] INFO: MATCH: Fluminense                                    → https://crests.football-data.org/1765.png
[2026-06-03 14:23:27] WARNING: SIN COINCIDENCIA: Fortuna Dusseldorf
[2026-06-03 14:23:27] DEBUG:   [L3-fuzzy] 'friburgo' ~ 'freiburg'  ratio=0.88
[2026-06-03 14:23:27] INFO: MATCH: Friburgo                                      → https://crests.football-data.org/17.png
[2026-06-03 14:23:27] WARNING: SIN COINCIDENCIA: Frosinone
[2026-06-03 14:23:27] DEBUG:   [L1-exacto] 'fulham' == 'fulham'
[2026-06-03 14:23:27] INFO: MATCH: Fulham                                        → https://crests.football-data.org/63.png
[2026-06-03 14:23:27] DEBUG:   [L1-exacto] 'galatasaray' == 'galatasaray'
[2026-06-03 14:23:27] INFO: MATCH: Galatasaray                                   → https://crests.football-data.org/610.png
[2026-06-03 14:23:27] WARNING: SIN COINCIDENCIA: Gangwon
[2026-06-03 14:23:27] WARNING: SIN COINCIDENCIA: Gaziantep
[2026-06-03 14:23:27] WARNING: SIN COINCIDENCIA: Genk
[2026-06-03 14:23:27] DEBUG:   [L1-exacto] 'genoa' == 'genoa'
[2026-06-03 14:23:27] INFO: MATCH: Genoa                                         → https://crests.football-data.org/107.png
[2026-06-03 14:23:27] WARNING: SIN COINCIDENCIA: Gençlerbirliği
[2026-06-03 14:23:27] WARNING: SIN COINCIDENCIA: Gil Vicente
[2026-06-03 14:23:27] WARNING: SIN COINCIDENCIA: Girona
[2026-06-03 14:23:27] WARNING: SIN COINCIDENCIA: Granada
[2026-06-03 14:23:27] DEBUG:   [L1-exacto] 'gremio' == 'gremio fbpa'
[2026-06-03 14:23:27] INFO: MATCH: Gremio                                        → https://crests.football-data.org/1767.png
[2026-06-03 14:23:27] WARNING: SIN COINCIDENCIA: Gyor
[2026-06-03 14:23:27] WARNING: SIN COINCIDENCIA: HNK Rijeka
[2026-06-03 14:23:27] WARNING: SIN COINCIDENCIA: Hajduk Split
[2026-06-03 14:23:27] DEBUG:   [L1-exacto] 'hamburger sv' == 'hamburger sv'
[2026-06-03 14:23:27] INFO: MATCH: Hamburger SV                                  → https://crests.football-data.org/7.png
[2026-06-03 14:23:27] WARNING: SIN COINCIDENCIA: Hamburgo
[2026-06-03 14:23:27] WARNING: SIN COINCIDENCIA: Hannover 96
[2026-06-03 14:23:27] WARNING: SIN COINCIDENCIA: Hapoel Ironi Kiryat Shmona
[2026-06-03 14:23:27] WARNING: SIN COINCIDENCIA: Heart of Midlothian
[2026-06-03 14:23:27] DEBUG:   [L1-exacto] 'hellas verona' == 'hellas verona'
[2026-06-03 14:23:27] INFO: MATCH: Hellas Verona                                 → https://crests.football-data.org/450.png
[2026-06-03 14:23:27] WARNING: SIN COINCIDENCIA: Hibernian
[2026-06-03 14:23:27] DEBUG:   [L1-exacto] 'hoffenheim' == 'tsg 1899 hoffenheim'
[2026-06-03 14:23:27] INFO: MATCH: Hoffenheim                                    → https://crests.football-data.org/2.png
[2026-06-03 14:23:27] WARNING: SIN COINCIDENCIA: Holstein Kiel
[2026-06-03 14:23:27] WARNING: SIN COINCIDENCIA: Hradec Kralove
[2026-06-03 14:23:27] DEBUG:   [L1-exacto] 'hull city' == 'hull city'
[2026-06-03 14:23:27] INFO: MATCH: Hull City                                     → https://crests.football-data.org/322.png
[2026-06-03 14:23:27] WARNING: SIN COINCIDENCIA: IFK Norrköping
[2026-06-03 14:23:27] WARNING: SIN COINCIDENCIA: Igdir FK
[2026-06-03 14:23:27] WARNING: SIN COINCIDENCIA: Igdır FK
[2026-06-03 14:23:27] WARNING: SIN COINCIDENCIA: Independiente
[2026-06-03 14:23:27] DEBUG:   [L1-exacto] 'inter' == 'internazionale milano'
[2026-06-03 14:23:27] INFO: MATCH: Inter                                         → https://crests.football-data.org/108.png
[2026-06-03 14:23:27] WARNING: SIN COINCIDENCIA: Inter Miami
[2026-06-03 14:23:27] WARNING: SIN COINCIDENCIA: Inter Milan
[2026-06-03 14:23:27] WARNING: SIN COINCIDENCIA: Inter de Milan
[2026-06-03 14:23:27] WARNING: SIN COINCIDENCIA: Inter de Milán
[2026-06-03 14:23:27] WARNING: SIN COINCIDENCIA: Internacional de Porto Alegre
[2026-06-03 14:23:27] DEBUG:   [L1-exacto] 'ipswich town' == 'ipswich town'
[2026-06-03 14:23:27] INFO: MATCH: Ipswich Town                                  → https://crests.football-data.org/349.png
[2026-06-03 14:23:27] WARNING: SIN COINCIDENCIA: JS Kabylie
[2026-06-03 14:23:27] WARNING: SIN COINCIDENCIA: Jagiellonia Bialystok
[2026-06-03 14:23:27] WARNING: SIN COINCIDENCIA: Jeonbuk
[2026-06-03 14:23:27] DEBUG:   [L1-exacto] 'juventus' == 'juventus'
[2026-06-03 14:23:27] INFO: MATCH: Juventus                                      → https://crests.football-data.org/109.png
[2026-06-03 14:23:27] WARNING: SIN COINCIDENCIA: Juárez FC
[2026-06-03 14:23:27] WARNING: SIN COINCIDENCIA: KAA Gent
[2026-06-03 14:23:27] WARNING: SIN COINCIDENCIA: KRC Genk
[2026-06-03 14:23:27] WARNING: SIN COINCIDENCIA: Kaizer Chiefs
[2026-06-03 14:23:27] WARNING: SIN COINCIDENCIA: Karlsruher
[2026-06-03 14:23:27] WARNING: SIN COINCIDENCIA: Kashima Antlers
[2026-06-03 14:23:27] WARNING: SIN COINCIDENCIA: Kashima Antrlers
[2026-06-03 14:23:27] WARNING: SIN COINCIDENCIA: Kasımpaşa
[2026-06-03 14:23:27] WARNING: SIN COINCIDENCIA: Kayserispor
[2026-06-03 14:23:27] WARNING: SIN COINCIDENCIA: Kifisia
[2026-06-03 14:23:27] WARNING: SIN COINCIDENCIA: Kilmarnock
[2026-06-03 14:23:27] WARNING: SIN COINCIDENCIA: Konyaspor
[2026-06-03 14:23:28] WARNING: SIN COINCIDENCIA: Krasnodar
[2026-06-03 14:23:28] WARNING: SIN COINCIDENCIA: LAFC
[2026-06-03 14:23:28] WARNING: SIN COINCIDENCIA: LASK
[2026-06-03 14:23:28] WARNING: SIN COINCIDENCIA: LDU Quito
[2026-06-03 14:23:28] WARNING: SIN COINCIDENCIA: Larisa
[2026-06-03 14:23:28] DEBUG:   [L1-exacto] 'havre' == 'havre ac'
[2026-06-03 14:23:28] INFO: MATCH: Le Havre                                      → https://crests.football-data.org/533.png
[2026-06-03 14:23:28] WARNING: SIN COINCIDENCIA: Lechia Gdansk
[2026-06-03 14:23:28] DEBUG:   [L2-subset] 'leeds' ⊆ 'leeds united'
[2026-06-03 14:23:28] INFO: MATCH: Leeds                                         → https://crests.football-data.org/341.png
[2026-06-03 14:23:28] DEBUG:   [L1-exacto] 'leeds united' == 'leeds united'
[2026-06-03 14:23:28] INFO: MATCH: Leeds United                                  → https://crests.football-data.org/341.png
[2026-06-03 14:23:28] DEBUG:   [L2-subset] 'leipzig' ⊆ 'rb leipzig'
[2026-06-03 14:23:28] INFO: MATCH: Leipzig                                       → https://crests.football-data.org/721.png
[2026-06-03 14:23:28] DEBUG:   [L2-subset] 'lens' ⊆ 'racing club lens'
[2026-06-03 14:23:28] INFO: MATCH: Lens                                          → https://crests.football-data.org/546.png
[2026-06-03 14:23:28] DEBUG:   [L1-exacto] 'lille' == 'lille osc'
[2026-06-03 14:23:28] INFO: MATCH: Lille                                         → https://crests.football-data.org/521.png
[2026-06-03 14:23:28] DEBUG:   [L1-exacto] 'liverpool' == 'liverpool'
[2026-06-03 14:23:28] INFO: MATCH: Liverpool                                     → https://crests.football-data.org/64.png
[2026-06-03 14:23:28] DEBUG:   [L1-exacto] 'lorient' == 'lorient'
[2026-06-03 14:23:28] INFO: MATCH: Lorient                                       → https://crests.football-data.org/525.png
[2026-06-03 14:23:28] WARNING: SIN COINCIDENCIA: Ludogorets
[2026-06-03 14:23:28] WARNING: SIN COINCIDENCIA: Maccabi Haifa
[2026-06-03 14:23:28] WARNING: SIN COINCIDENCIA: Maccabi Tel Aviv
[2026-06-03 14:23:28] DEBUG:   [L1-exacto] 'mainz' == '1. fsv mainz 05'
[2026-06-03 14:23:28] INFO: MATCH: Mainz                                         → https://crests.football-data.org/15.png
[2026-06-03 14:23:28] DEBUG:   [L2-subset] 'mainz 05' ⊆ '1. fsv mainz 05'
[2026-06-03 14:23:28] INFO: MATCH: Mainz 05                                      → https://crests.football-data.org/15.png
[2026-06-03 14:23:28] WARNING: SIN COINCIDENCIA: Mallorca
[2026-06-03 14:23:28] WARNING: SIN COINCIDENCIA: Malmo FF
[2026-06-03 14:23:28] WARNING: SIN COINCIDENCIA: Mamelodi Sundowns
[2026-06-03 14:23:28] DEBUG:   [L1-exacto] 'manchester city' == 'manchester city'
[2026-06-03 14:23:28] INFO: MATCH: Manchester City                               → https://crests.football-data.org/65.png
[2026-06-03 14:23:28] DEBUG:   [L3-fuzzy] 'manchester united' ~ 'manchester city'  ratio=0.81
[2026-06-03 14:23:28] INFO: MATCH: Manchester United                             → https://crests.football-data.org/65.png
[2026-06-03 14:23:28] WARNING: SIN COINCIDENCIA: Maribor
[2026-06-03 14:23:28] DEBUG:   [L1-exacto] 'marseille' == 'olympique marseille'
[2026-06-03 14:23:28] INFO: MATCH: Marseille                                     → https://crests.football-data.org/516.png
[2026-06-03 14:23:28] DEBUG:   [L3-fuzzy] 'marsella' ~ 'marseille'  ratio=0.82
[2026-06-03 14:23:28] INFO: MATCH: Marsella                                      → https://crests.football-data.org/516.png
[2026-06-03 14:23:28] WARNING: SIN COINCIDENCIA: Mazatlán FC
[2026-06-03 14:23:28] WARNING: SIN COINCIDENCIA: Mechelen
[2026-06-03 14:23:28] WARNING: SIN COINCIDENCIA: Miami FC
[2026-06-03 14:23:28] DEBUG:   [L1-exacto] 'middlesbrough' == 'middlesbrough'
[2026-06-03 14:23:28] INFO: MATCH: Middlesbrough                                 → https://crests.football-data.org/343.png
[2026-06-03 14:23:28] WARNING: SIN COINCIDENCIA: Midtjylland
[2026-06-03 14:23:28] DEBUG:   [L1-exacto] 'milan' == 'ac milan'
[2026-06-03 14:23:28] INFO: MATCH: Milan                                         → https://crests.football-data.org/98.png
[2026-06-03 14:23:28] DEBUG:   [L1-exacto] 'millwall' == 'millwall'
[2026-06-03 14:23:28] INFO: MATCH: Millwall                                      → https://crests.football-data.org/384.png
[2026-06-03 14:23:28] WARNING: SIN COINCIDENCIA: Minnesota United
[2026-06-03 14:23:28] WARNING: SIN COINCIDENCIA: Minnesota United FC
[2026-06-03 14:23:28] WARNING: SIN COINCIDENCIA: Mjällby AIF
[2026-06-03 14:23:28] WARNING: SIN COINCIDENCIA: Mlada Boleslav
[2026-06-03 14:23:28] WARNING: SIN COINCIDENCIA: Molde
[2026-06-03 14:23:28] DEBUG:   [L1-exacto] 'monaco' == 'monaco'
[2026-06-03 14:23:28] INFO: MATCH: Monaco                                        → https://crests.football-data.org/548.png
[2026-06-03 14:23:28] WARNING: SIN COINCIDENCIA: Monagas
[2026-06-03 14:23:28] WARNING: SIN COINCIDENCIA: Montana 1921
[2026-06-03 14:23:28] WARNING: SIN COINCIDENCIA: Monterrey
[2026-06-03 14:23:28] WARNING: SIN COINCIDENCIA: Montpellier
[2026-06-03 14:23:28] WARNING: SIN COINCIDENCIA: Motherwell F.C.
[2026-06-03 14:23:28] DEBUG:   [L1-exacto] 'monaco' == 'monaco'
[2026-06-03 14:23:28] INFO: MATCH: Mónaco                                        → https://crests.football-data.org/548.png
[2026-06-03 14:23:28] WARNING: SIN COINCIDENCIA: N.E.C.
[2026-06-03 14:23:28] WARNING: SIN COINCIDENCIA: NEC Nijmegen
[2026-06-03 14:23:28] WARNING: SIN COINCIDENCIA: NK Maribor
[2026-06-03 14:23:28] WARNING: SIN COINCIDENCIA: NK Slaven Belupo
[2026-06-03 14:23:28] WARNING: SIN COINCIDENCIA: Nacional
[2026-06-03 14:23:28] DEBUG:   [L1-exacto] 'napoli' == 'ssc napoli'
[2026-06-03 14:23:28] INFO: MATCH: Napoli                                        → https://crests.football-data.org/113.png
[2026-06-03 14:23:28] WARNING: SIN COINCIDENCIA: New England Revolution
[2026-06-03 14:23:28] WARNING: SIN COINCIDENCIA: New York City FC
[2026-06-03 14:23:28] DEBUG:   [L1-exacto] 'newcastle' == 'newcastle united'
[2026-06-03 14:23:28] INFO: MATCH: Newcastle                                     → https://crests.football-data.org/67.png
[2026-06-03 14:23:28] WARNING: SIN COINCIDENCIA: Newcastle Jets FC
[2026-06-03 14:23:28] DEBUG:   [L1-exacto] 'newcastle united' == 'newcastle united'
[2026-06-03 14:23:28] INFO: MATCH: Newcastle United                              → https://crests.football-data.org/67.png
[2026-06-03 14:23:28] DEBUG:   [L1-exacto] 'nice' == 'ogc nice'
[2026-06-03 14:23:28] INFO: MATCH: Nice                                          → https://crests.football-data.org/522.png
[2026-06-03 14:23:28] WARNING: SIN COINCIDENCIA: Niza
[2026-06-03 14:23:28] WARNING: SIN COINCIDENCIA: Noah
[2026-06-03 14:23:28] DEBUG:   [L1-exacto] 'norwich city' == 'norwich city'
[2026-06-03 14:23:28] INFO: MATCH: Norwich City                                  → https://crests.football-data.org/68.png
[2026-06-03 14:23:28] DEBUG:   [L1-exacto] 'nottingham forest' == 'nottingham forest'
[2026-06-03 14:23:28] INFO: MATCH: Nottingham Forest                             → https://crests.football-data.org/351.png
[2026-06-03 14:23:28] DEBUG:   [L1-exacto] 'nottingham forest' == 'nottingham forest'
[2026-06-03 14:23:28] INFO: MATCH: Nottingham Forest F.C.                        → https://crests.football-data.org/351.png
[2026-06-03 14:23:28] DEBUG:   [L1-exacto] 'ogc nice' == 'ogc nice'
[2026-06-03 14:23:28] INFO: MATCH: OGC Nice                                      → https://crests.football-data.org/522.png
[2026-06-03 14:23:28] DEBUG:   [L3-fuzzy] 'olympiacos' ~ 'olympiakos'  ratio=0.90
[2026-06-03 14:23:28] INFO: MATCH: Olympiacos FC                                 → https://crests.football-data.org/654.png
[2026-06-03 14:23:28] DEBUG:   [L1-exacto] 'olympique lyon' == 'olympique lyonnais'
[2026-06-03 14:23:28] INFO: MATCH: Olympique de Lyon                             → https://crests.football-data.org/523.png
[2026-06-03 14:23:28] DEBUG:   [L1-exacto] 'olympique marseille' == 'olympique marseille'
[2026-06-03 14:23:28] INFO: MATCH: Olympique de Marseille                        → https://crests.football-data.org/516.png
[2026-06-03 14:23:28] DEBUG:   [L3-fuzzy] 'olympique marsella' ~ 'olympique marseille'  ratio=0.92
[2026-06-03 14:23:28] INFO: MATCH: Olympique de Marsella                         → https://crests.football-data.org/516.png
[2026-06-03 14:23:28] WARNING: SIN COINCIDENCIA: Omonia Nicosia
[2026-06-03 14:23:28] WARNING: SIN COINCIDENCIA: Orlando City
[2026-06-03 14:23:28] WARNING: SIN COINCIDENCIA: Orlando City SC
[2026-06-03 14:23:28] WARNING: SIN COINCIDENCIA: Orlando Pirates
[2026-06-03 14:23:28] WARNING: SIN COINCIDENCIA: Osasuna
[2026-06-03 14:23:28] WARNING: SIN COINCIDENCIA: Oțelul Galați
[2026-06-03 14:23:28] DEBUG:   [L1-exacto] 'pec zwolle' == 'pec zwolle'
[2026-06-03 14:23:28] INFO: MATCH: PEC Zwolle                                    → https://crests.football-data.org/684.png
[2026-06-03 14:23:28] WARNING: SIN COINCIDENCIA: PFC Turan Tovuz
[2026-06-03 14:23:28] DEBUG:   [L1-exacto] 'psg' == 'paris saint-germain'
[2026-06-03 14:23:28] INFO: MATCH: PSG                                           → https://crests.football-data.org/524.png
[2026-06-03 14:23:28] DEBUG:   [L1-exacto] 'psv' == 'psv'
[2026-06-03 14:23:28] INFO: MATCH: PSV                                           → https://crests.football-data.org/674.png
[2026-06-03 14:23:28] WARNING: SIN COINCIDENCIA: PSV Eindhoven
[2026-06-03 14:23:28] WARNING: SIN COINCIDENCIA: Pafos
[2026-06-03 14:23:28] DEBUG:   [L1-exacto] 'palmeiras' == 'se palmeiras'
[2026-06-03 14:23:28] INFO: MATCH: Palmeiras                                     → https://crests.football-data.org/1769.png
[2026-06-03 14:23:28] WARNING: SIN COINCIDENCIA: Panathinaikos
[2026-06-03 14:23:28] DEBUG:   [L1-exacto] 'paranaense' == 'ca paranaense'
[2026-06-03 14:23:28] INFO: MATCH: Paranaense                                    → https://crests.football-data.org/1768.png
[2026-06-03 14:23:28] DEBUG:   [L2-subset] 'paris' ⊆ 'paris saint-germain'
[2026-06-03 14:23:28] INFO: MATCH: Paris                                         → https://crests.football-data.org/524.png
[2026-06-03 14:23:28] DEBUG:   [L1-exacto] 'paris saint-germain' == 'paris saint-germain'
[2026-06-03 14:23:28] INFO: MATCH: Paris Saint-Germain                           → https://crests.football-data.org/524.png
[2026-06-03 14:23:28] DEBUG:   [L1-exacto] 'parma' == 'parma calcio 1913'
[2026-06-03 14:23:28] INFO: MATCH: Parma                                         → https://crests.football-data.org/112.png
[2026-06-03 14:23:28] WARNING: SIN COINCIDENCIA: Peterborough
[2026-06-03 14:23:28] WARNING: SIN COINCIDENCIA: Philadelphia Union
[2026-06-03 14:23:28] DEBUG:   [L2-subset] 'pisa' ⊆ 'ac pisa 1909'
[2026-06-03 14:23:28] INFO: MATCH: Pisa                                          → https://crests.football-data.org/487.png
[2026-06-03 14:23:28] WARNING: SIN COINCIDENCIA: Plaza Amador
[2026-06-03 14:23:28] WARNING: SIN COINCIDENCIA: Polokwane City
[2026-06-03 14:23:28] WARNING: SIN COINCIDENCIA: Port Vale
[2026-06-03 14:23:28] WARNING: SIN COINCIDENCIA: Portland Timbers
[2026-06-03 14:23:28] WARNING: SIN COINCIDENCIA: Porto
[2026-06-03 14:23:28] WARNING: SIN COINCIDENCIA: Pumas
[2026-06-03 14:23:28] WARNING: SIN COINCIDENCIA: Puskás Akadémia
[2026-06-03 14:23:28] WARNING: SIN COINCIDENCIA: Pyramids
[2026-06-03 14:23:28] WARNING: SIN COINCIDENCIA: Pyramids FC
[2026-06-03 14:23:28] DEBUG:   [L1-exacto] 'rb leipzig' == 'rb leipzig'
[2026-06-03 14:23:28] INFO: MATCH: RB Leipzig                                    → https://crests.football-data.org/721.png
[2026-06-03 14:23:28] DEBUG:   [L1-exacto] 'rc lens' == 'racing club lens'
[2026-06-03 14:23:28] INFO: MATCH: RC Lens                                       → https://crests.football-data.org/546.png
[2026-06-03 14:23:28] WARNING: SIN COINCIDENCIA: RKC
[2026-06-03 14:23:28] WARNING: SIN COINCIDENCIA: RKC Waalwijk
[2026-06-03 14:23:28] WARNING: SIN COINCIDENCIA: RS Berkane
[2026-06-03 14:23:28] WARNING: SIN COINCIDENCIA: Racign de Estrasburgo
[2026-06-03 14:23:28] WARNING: SIN COINCIDENCIA: Racing Genk
[2026-06-03 14:23:28] DEBUG:   [L2-subset] 'racing lens' ⊆ 'racing club lens'
[2026-06-03 14:23:28] INFO: MATCH: Racing Lens                                   → https://crests.football-data.org/546.png
[2026-06-03 14:23:28] WARNING: SIN COINCIDENCIA: Racing de Estrasburgo
[2026-06-03 14:23:28] WARNING: No se pudieron obtener equipos de 'Ligue 1': 429 Client Error:  for url: https://api.football-data.org/v4/competitions/2015/teams
[2026-06-03 14:23:28] WARNING: SIN COINCIDENCIA: Racing de Santander
[2026-06-03 14:23:28] WARNING: SIN COINCIDENCIA: Raja Casablanca
[2026-06-03 14:23:28] DEBUG:   [L2-subset] 'rangers' ⊆ 'queens park rangers'
[2026-06-03 14:23:28] INFO: MATCH: Rangers                                       → https://crests.football-data.org/69.png
[2026-06-03 14:23:28] WARNING: SIN COINCIDENCIA: Rayo Vallecano
[2026-06-03 14:23:28] WARNING: SIN COINCIDENCIA: Real Betis
[2026-06-03 14:23:28] DEBUG:   [L1-exacto] 'real madrid' == 'real madrid cf'
[2026-06-03 14:23:28] INFO: MATCH: Real Madrid                                   → https://crests.football-data.org/86.png
[2026-06-03 14:23:28] WARNING: SIN COINCIDENCIA: Real Oviedo
[2026-06-03 14:23:28] WARNING: SIN COINCIDENCIA: Real Salt Lake
[2026-06-03 14:23:28] WARNING: SIN COINCIDENCIA: Real Sociedad
[2026-06-03 14:23:28] WARNING: SIN COINCIDENCIA: Red Bull Salzburgo
[2026-06-03 14:23:28] WARNING: SIN COINCIDENCIA: Red Star
[2026-06-03 14:23:28] WARNING: SIN COINCIDENCIA: Rennes
[2026-06-03 14:23:28] WARNING: SIN COINCIDENCIA: River Plate
[2026-06-03 14:23:28] WARNING: SIN COINCIDENCIA: Rizespor
[2026-06-03 14:23:28] DEBUG:   [L1-exacto] 'roma' == 'roma'
[2026-06-03 14:23:28] INFO: MATCH: Roma                                          → https://crests.football-data.org/100.png
[2026-06-03 14:23:28] WARNING: SIN COINCIDENCIA: Rosario Central
[2026-06-03 14:23:28] WARNING: SIN COINCIDENCIA: Rotherham
[2026-06-03 14:23:28] DEBUG:   [L1-exacto] 'royale union saint-gilloise' == 'royale union saint-gilloise'
[2026-06-03 14:23:28] INFO: MATCH: Royale Union Saint-Gilloise                   → https://crests.football-data.org/3929.png
[2026-06-03 14:23:28] DEBUG:   [L1-exacto] 'napoli' == 'ssc napoli'
[2026-06-03 14:23:28] INFO: MATCH: S.S.C. Napoli                                 → https://crests.football-data.org/113.png
[2026-06-03 14:23:28] WARNING: SIN COINCIDENCIA: SC Bastia
[2026-06-03 14:23:28] WARNING: SIN COINCIDENCIA: SJK Seinajoki
[2026-06-03 14:23:28] WARNING: SIN COINCIDENCIA: SK Beveren
[2026-06-03 14:23:28] WARNING: SIN COINCIDENCIA: SV Zulte Waregem
[2026-06-03 14:23:28] WARNING: SIN COINCIDENCIA: Salzburgo
[2026-06-03 14:23:28] WARNING: SIN COINCIDENCIA: Sampdoria
[2026-06-03 14:23:28] WARNING: SIN COINCIDENCIA: Samsunspor
[2026-06-03 14:23:28] WARNING: SIN COINCIDENCIA: San Diego FC
[2026-06-03 14:23:28] WARNING: SIN COINCIDENCIA: Sanfrecce Hiroshima
[2026-06-03 14:23:28] DEBUG:   [L1-exacto] 'santos' == 'santos'
[2026-06-03 14:23:28] INFO: MATCH: Santos                                        → https://crests.football-data.org/6685.png
[2026-06-03 14:23:28] DEBUG:   [L1-exacto] 'sassuolo' == 'us sassuolo calcio'
[2026-06-03 14:23:28] INFO: MATCH: Sassuolo                                      → https://crests.football-data.org/471.png
[2026-06-03 14:23:28] WARNING: SIN COINCIDENCIA: Schalke 04
[2026-06-03 14:23:28] WARNING: SIN COINCIDENCIA: Seattle Sounders
[2026-06-03 14:23:28] WARNING: SIN COINCIDENCIA: Servette
[2026-06-03 14:23:28] WARNING: SIN COINCIDENCIA: Sevilla
[2026-06-03 14:23:28] WARNING: SIN COINCIDENCIA: Shamrock Rovers
[2026-06-03 14:23:28] DEBUG:   [L3-fuzzy] 'sheffield united' ~ 'sheffield wed'  ratio=0.83
[2026-06-03 14:23:28] INFO: MATCH: Sheffield United                              → https://crests.football-data.org/345.png
[2026-06-03 14:23:28] DEBUG:   [L3-fuzzy] 'sheffield united' ~ 'sheffield wed'  ratio=0.83
[2026-06-03 14:23:28] INFO: MATCH: Sheffield United F.C.                         → https://crests.football-data.org/345.png
[2026-06-03 14:23:28] WARNING: SIN COINCIDENCIA: Silkeborg IF
[2026-06-03 14:23:28] WARNING: SIN COINCIDENCIA: Sint Truidense
[2026-06-03 14:23:28] WARNING: SIN COINCIDENCIA: Sint-Truidense
[2026-06-03 14:23:28] DEBUG:   [L3-fuzzy] 'slavia praga' ~ 'slavia praha'  ratio=0.92
[2026-06-03 14:23:28] INFO: MATCH: Slavia Praga                                  → https://crests.football-data.org/930.png
[2026-06-03 14:23:28] WARNING: SIN COINCIDENCIA: Slovan Bratislava
[2026-06-03 14:23:28] WARNING: SIN COINCIDENCIA: Slovan Liberec
[2026-06-03 14:23:28] WARNING: SIN COINCIDENCIA: Smouha SC
[2026-06-03 14:23:28] WARNING: SIN COINCIDENCIA: Sparta Praga
[2026-06-03 14:23:28] DEBUG:   [L1-exacto] 'sparta rotterdam' == 'sparta rotterdam'
[2026-06-03 14:23:28] INFO: MATCH: Sparta Rotterdam                              → https://crests.football-data.org/6806.png
[2026-06-03 14:23:28] WARNING: SIN COINCIDENCIA: Spartak Moscow
[2026-06-03 14:23:28] DEBUG:   [L2-subset] 'sporting' ⊆ 'sporting clube portugal'
[2026-06-03 14:23:28] INFO: MATCH: Sporting                                      → https://crests.football-data.org/498.png
[2026-06-03 14:23:28] WARNING: SIN COINCIDENCIA: Sporting Braga
[2026-06-03 14:23:28] DEBUG:   [L1-exacto] 'sporting cp' == 'sporting clube portugal'
[2026-06-03 14:23:28] INFO: MATCH: Sporting CP                                   → https://crests.football-data.org/498.png
[2026-06-03 14:23:28] WARNING: SIN COINCIDENCIA: Sporting Lisboa
[2026-06-03 14:23:28] DEBUG:   [L2-subset] 'sporting portugal' ⊆ 'sporting clube portugal'
[2026-06-03 14:23:28] INFO: MATCH: Sporting de Portugal                          → https://crests.football-data.org/498.png
[2026-06-03 14:23:28] DEBUG:   [L3-fuzzy] 'stade nyonnais' ~ 'stade rennais'  ratio=0.81
[2026-06-03 14:23:28] INFO: MATCH: Stade Nyonnais                                → https://crests.football-data.org/529.png
[2026-06-03 14:23:28] DEBUG:   [L1-exacto] 'stade rennais' == 'stade rennais 1901'
[2026-06-03 14:23:28] INFO: MATCH: Stade Rennais                                 → https://crests.football-data.org/529.png
[2026-06-03 14:23:28] DEBUG:   [L3-fuzzy] 'stade reims' ~ 'stade rennais'  ratio=0.83
[2026-06-03 14:23:28] INFO: MATCH: Stade de Reims                                → https://crests.football-data.org/529.png
[2026-06-03 14:23:28] WARNING: SIN COINCIDENCIA: Standard Liege
[2026-06-03 14:23:28] DEBUG:   [L1-exacto] 'stoke city' == 'stoke city'
[2026-06-03 14:23:28] INFO: MATCH: Stoke City                                    → https://crests.football-data.org/70.png
[2026-06-03 14:23:28] DEBUG:   [L1-exacto] 'strasbourg' == 'rc strasbourg alsace'
[2026-06-03 14:23:28] INFO: MATCH: Strasbourg                                    → https://crests.football-data.org/576.png
[2026-06-03 14:23:28] DEBUG:   [L1-exacto] 'stuttgart' == 'vfb stuttgart'
[2026-06-03 14:23:28] INFO: MATCH: Stuttgart                                     → https://crests.football-data.org/10.png
[2026-06-03 14:23:28] DEBUG:   [L1-exacto] 'sunderland' == 'sunderland'
[2026-06-03 14:23:28] INFO: MATCH: Sunderland                                    → https://crests.football-data.org/71.png
[2026-06-03 14:23:28] DEBUG:   [L1-exacto] 'sunderland' == 'sunderland'
[2026-06-03 14:23:28] INFO: MATCH: Sunderland AFC                                → https://crests.football-data.org/71.png
[2026-06-03 14:23:28] DEBUG:   [L1-exacto] 'swansea' == 'swansea city'
[2026-06-03 14:23:28] INFO: MATCH: Swansea                                       → https://crests.football-data.org/72.png
[2026-06-03 14:23:28] DEBUG:   [L1-exacto] 'swansea city' == 'swansea city'
[2026-06-03 14:23:28] INFO: MATCH: Swansea City A.F.C.                           → https://crests.football-data.org/72.png
[2026-06-03 14:23:28] DEBUG:   [L2-subset] 'tsg hoffenheim' ⊆ 'tsg 1899 hoffenheim'
[2026-06-03 14:23:28] INFO: MATCH: TSG Hoffenheim                                → https://crests.football-data.org/2.png
[2026-06-03 14:23:28] DEBUG:   [L1-exacto] 'telstar' == 'telstar 1963'
[2026-06-03 14:23:28] INFO: MATCH: Telstar                                       → https://crests.football-data.org/1912.png
[2026-06-03 14:23:28] WARNING: SIN COINCIDENCIA: Terengganu FC
[2026-06-03 14:23:28] WARNING: SIN COINCIDENCIA: Tigres
[2026-06-03 14:23:28] WARNING: SIN COINCIDENCIA: Tigres UANL
[2026-06-03 14:23:28] WARNING: SIN COINCIDENCIA: Tondela
[2026-06-03 14:23:28] DEBUG:   [L1-exacto] 'torino' == 'torino'
[2026-06-03 14:23:28] INFO: MATCH: Torino                                        → https://crests.football-data.org/586.png
[2026-06-03 14:23:28] WARNING: SIN COINCIDENCIA: Toronto
[2026-06-03 14:23:28] WARNING: SIN COINCIDENCIA: Toronto FC
[2026-06-03 14:23:28] WARNING: SIN COINCIDENCIA: Torreense
[2026-06-03 14:23:28] DEBUG:   [L1-exacto] 'tottenham' == 'tottenham hotspur'
[2026-06-03 14:23:28] INFO: MATCH: Tottenham                                     → https://crests.football-data.org/73.png
[2026-06-03 14:23:28] DEBUG:   [L1-exacto] 'tottenham hotspur' == 'tottenham hotspur'
[2026-06-03 14:23:28] INFO: MATCH: Tottenham Hotspur                             → https://crests.football-data.org/73.png
[2026-06-03 14:23:28] DEBUG:   [L1-exacto] 'toulouse' == 'toulouse'
[2026-06-03 14:23:28] INFO: MATCH: Toulouse                                      → https://crests.football-data.org/511.png
[2026-06-03 14:23:28] WARNING: SIN COINCIDENCIA: Trabzonspor
[2026-06-03 14:23:28] DEBUG:   [L1-exacto] 'twente' == 'twente '65'
[2026-06-03 14:23:28] INFO: MATCH: Twente                                        → https://crests.football-data.org/666.png
[2026-06-03 14:23:28] WARNING: SIN COINCIDENCIA: U. Católica de Ecuador
[2026-06-03 14:23:28] WARNING: SIN COINCIDENCIA: US Monastir
[2026-06-03 14:23:28] DEBUG:   [L1-exacto] 'us sassuolo calcio' == 'us sassuolo calcio'
[2026-06-03 14:23:28] INFO: MATCH: US Sassuolo Calcio                            → https://crests.football-data.org/471.png
[2026-06-03 14:23:28] WARNING: SIN COINCIDENCIA: USM Alger
[2026-06-03 14:23:28] DEBUG:   [L1-exacto] 'udinese' == 'udinese calcio'
[2026-06-03 14:23:28] INFO: MATCH: Udinese                                       → https://crests.football-data.org/115.png
[2026-06-03 14:23:28] WARNING: SIN COINCIDENCIA: Ulsan
[2026-06-03 14:23:28] DEBUG:   [L1-exacto] 'union berlin' == '1. union berlin'
[2026-06-03 14:23:28] INFO: MATCH: Union Berlin                                  → https://crests.football-data.org/28.png
[2026-06-03 14:23:28] DEBUG:   [L2-subset] 'union saint-gilloise' ⊆ 'royale union saint-gilloise'
[2026-06-03 14:23:28] INFO: MATCH: Union Saint-Gilloise                          → https://crests.football-data.org/3929.png
[2026-06-03 14:23:28] WARNING: SIN COINCIDENCIA: Universidad de Concepción
[2026-06-03 14:23:28] WARNING: SIN COINCIDENCIA: Universitatea Cluj
[2026-06-03 14:23:28] WARNING: SIN COINCIDENCIA: VVV-Venlo
[2026-06-03 14:23:29] WARNING: SIN COINCIDENCIA: Valencia
[2026-06-03 14:23:29] WARNING: SIN COINCIDENCIA: Vancouver Whitecaps
[2026-06-03 14:23:29] DEBUG:   [L1-exacto] 'vasco da gama' == 'cr vasco da gama'
[2026-06-03 14:23:29] INFO: MATCH: Vasco da Gama                                 → https://crests.football-data.org/1780.png
[2026-06-03 14:23:29] WARNING: SIN COINCIDENCIA: Venezia FC
[2026-06-03 14:23:29] WARNING: SIN COINCIDENCIA: Viking
[2026-06-03 14:23:29] WARNING: SIN COINCIDENCIA: Viking FK
[2026-06-03 14:23:29] WARNING: SIN COINCIDENCIA: Viktoria Plzen
[2026-06-03 14:23:29] WARNING: SIN COINCIDENCIA: Viktoria Plzeň
[2026-06-03 14:23:29] DEBUG:   [L3-fuzzy] 'villareal' ~ 'villarreal'  ratio=0.95
[2026-06-03 14:23:29] INFO: MATCH: Villareal                                     → https://crests.football-data.org/94.png
[2026-06-03 14:23:29] DEBUG:   [L1-exacto] 'villarreal' == 'villarreal cf'
[2026-06-03 14:23:29] INFO: MATCH: Villarreal                                    → https://crests.football-data.org/94.png
[2026-06-03 14:23:29] WARNING: SIN COINCIDENCIA: Violette AC
[2026-06-03 14:23:29] DEBUG:   [L1-exacto] 'vitoria' == 'ec vitoria'
[2026-06-03 14:23:29] INFO: MATCH: Vitória                                       → https://crests.football-data.org/1782.png
[2026-06-03 14:23:29] WARNING: SIN COINCIDENCIA: Vélez Sarsfield
[2026-06-03 14:23:29] DEBUG:   [L1-exacto] 'watford' == 'watford'
[2026-06-03 14:23:29] INFO: MATCH: Watford                                       → https://crests.football-data.org/346.png
[2026-06-03 14:23:29] WARNING: SIN COINCIDENCIA: Wellington Phoenix FC
[2026-06-03 14:23:29] DEBUG:   [L2-subset] 'werder bremen' ⊆ 'sv werder bremen'
[2026-06-03 14:23:29] INFO: MATCH: Werder Bremen                                 → https://crests.football-data.org/12.png
[2026-06-03 14:23:29] DEBUG:   [L1-exacto] 'west ham' == 'west ham united'
[2026-06-03 14:23:29] INFO: MATCH: West Ham                                      → https://crests.football-data.org/563.png
[2026-06-03 14:23:29] DEBUG:   [L1-exacto] 'west ham united' == 'west ham united'
[2026-06-03 14:23:29] INFO: MATCH: West Ham United                               → https://crests.football-data.org/563.png
[2026-06-03 14:23:29] DEBUG:   [L1-exacto] 'west ham united' == 'west ham united'
[2026-06-03 14:23:29] INFO: MATCH: West Ham United/Marsella                      → https://crests.football-data.org/563.png
[2026-06-03 14:23:29] WARNING: SIN COINCIDENCIA: Western Sydney Wanderers
[2026-06-03 14:23:29] WARNING: SIN COINCIDENCIA: Widzew Lodz
[2026-06-03 14:23:29] WARNING: SIN COINCIDENCIA: Wolfsberger AC
[2026-06-03 14:23:29] DEBUG:   [L1-exacto] 'wolfsburg' == 'vfl wolfsburg'
[2026-06-03 14:23:29] INFO: MATCH: Wolfsburg                                     → https://crests.football-data.org/11.png
[2026-06-03 14:23:29] DEBUG:   [L3-fuzzy] 'wolfsburgo' ~ 'wolfsburg'  ratio=0.95
[2026-06-03 14:23:29] INFO: MATCH: Wolfsburgo                                    → https://crests.football-data.org/11.png
[2026-06-03 14:23:29] DEBUG:   [L1-exacto] 'wolverhampton' == 'wolverhampton wanderers'
[2026-06-03 14:23:29] INFO: MATCH: Wolverhampton                                 → https://crests.football-data.org/76.png
[2026-06-03 14:23:29] DEBUG:   [L1-exacto] 'wrexham' == 'wrexham'
[2026-06-03 14:23:29] INFO: MATCH: Wrexham                                       → https://crests.football-data.org/404.png
[2026-06-03 14:23:29] WARNING: SIN COINCIDENCIA: Young Boys
[2026-06-03 14:23:29] WARNING: SIN COINCIDENCIA: ZED FC
[2026-06-03 14:23:29] WARNING: SIN COINCIDENCIA: Zamalek
[2026-06-03 14:23:29] WARNING: SIN COINCIDENCIA: Zenit
[2026-06-03 14:23:29] WARNING: SIN COINCIDENCIA: Zhejiang
[2026-06-03 14:23:29] WARNING: SIN COINCIDENCIA: Çaykur Rizespor
[2026-06-03 14:23:29] WARNING: SIN COINCIDENCIA: Étoile du Sahel
[2026-06-03 14:23:29] INFO: Archivo generado exitosamente: C:\Users\Franc\OneDrive\Documentos\ThinkPad\Github\worldcup-app\data\data_frontend\teams.json (155 entradas)
[2026-06-03 14:23:29] INFO: ------------------------------------------------------------
[2026-06-03 14:23:29] INFO: RESUMEN:
[2026-06-03 14:23:29] INFO:   Equipos en lista local : 443
[2026-06-03 14:23:29] INFO:   Matches encontrados    : 155
[2026-06-03 14:23:29] INFO:   Sin coincidencia       : 288
[2026-06-03 14:23:29] INFO: Equipos sin coincidencia en la API:
[2026-06-03 14:23:29] INFO:   - AEL Limassol
[2026-06-03 14:23:29] INFO:   - AIK
[2026-06-03 14:23:29] INFO:   - AS Nancy-Lorraine
[2026-06-03 14:23:29] INFO:   - AS Saint-Étienne
[2026-06-03 14:23:29] INFO:   - Abha Club
[2026-06-03 14:23:29] INFO:   - Academia Puerto Cabello
[2026-06-03 14:23:29] INFO:   - Akron Tolyatti
[2026-06-03 14:23:29] INFO:   - Al Ahli
[2026-06-03 14:23:29] INFO:   - Al Ahly
[2026-06-03 14:23:29] INFO:   - Al Ain
[2026-06-03 14:23:29] INFO:   - Al Bataeh
[2026-06-03 14:23:29] INFO:   - Al Feiha
[2026-06-03 14:23:29] INFO:   - Al Hilal
[2026-06-03 14:23:29] INFO:   - Al Ittihad
[2026-06-03 14:23:29] INFO:   - Al Jazira
[2026-06-03 14:23:29] INFO:   - Al Nasr
[2026-06-03 14:23:29] INFO:   - Al Nassr
[2026-06-03 14:23:29] INFO:   - Al Sharjah
[2026-06-03 14:23:29] INFO:   - Al Wakrah
[2026-06-03 14:23:29] INFO:   - Al-Ahli
[2026-06-03 14:23:29] INFO:   - Al-Ahli Saudi FC
[2026-06-03 14:23:29] INFO:   - Al-Ain FC
[2026-06-03 14:23:29] INFO:   - Al-Duhail
[2026-06-03 14:23:29] INFO:   - Al-Ettifaq
[2026-06-03 14:23:29] INFO:   - Al-Hilal
[2026-06-03 14:23:29] INFO:   - Al-Hilal SFC
[2026-06-03 14:23:29] INFO:   - Al-Ittihad
[2026-06-03 14:23:29] INFO:   - Alanyaspor
[2026-06-03 14:23:29] INFO:   - Almere City FC
[2026-06-03 14:23:29] INFO:   - América de México
[2026-06-03 14:23:29] INFO:   - Anderlecht
[2026-06-03 14:23:29] INFO:   - Apollon Limassol
[2026-06-03 14:23:29] INFO:   - Aris Limassol
[2026-06-03 14:23:29] INFO:   - Astana
[2026-06-03 14:23:29] INFO:   - Athletic de Bilbao
[2026-06-03 14:23:29] INFO:   - Atlas
[2026-06-03 14:23:29] INFO:   - Atlético Nacional
[2026-06-03 14:23:29] INFO:   - Atromitos
[2026-06-03 14:23:29] INFO:   - Auckland FC
[2026-06-03 14:23:29] INFO:   - Austria Viena
[2026-06-03 14:23:29] INFO:   - BSC Young Boys II
[2026-06-03 14:23:29] INFO:   - Basaksehir
[2026-06-03 14:23:29] INFO:   - Besiktas
[2026-06-03 14:23:29] INFO:   - Braga
[2026-06-03 14:23:29] INFO:   - Braintree Town F.C.
[2026-06-03 14:23:29] INFO:   - Brondby IF
[2026-06-03 14:23:29] INFO:   - Brujas
[2026-06-03 14:23:29] INFO:   - Brøndby IF
[2026-06-03 14:23:29] INFO:   - CD Plaza Amador
[2026-06-03 14:23:29] INFO:   - CS Constantine
[2026-06-03 14:23:29] INFO:   - CS Sfaxien
[2026-06-03 14:23:29] INFO:   - Casa Pia
[2026-06-03 14:23:29] INFO:   - Castellon
[2026-06-03 14:23:29] INFO:   - Celta de Vigo
[2026-06-03 14:23:29] INFO:   - Celtic
[2026-06-03 14:23:29] INFO:   - Celtic Glasgow
[2026-06-03 14:23:29] INFO:   - Cercle Brugge
[2026-06-03 14:23:29] INFO:   - Charleroi
[2026-06-03 14:23:29] INFO:   - Charlotte FC
[2026-06-03 14:23:29] INFO:   - Chaves
[2026-06-03 14:23:29] INFO:   - Chicago Fire
[2026-06-03 14:23:29] INFO:   - Cincinatti FC
[2026-06-03 14:23:29] INFO:   - Club Africain
[2026-06-03 14:23:29] INFO:   - Club América
[2026-06-03 14:23:29] INFO:   - Club Deportivo Marathón
[2026-06-03 14:23:29] INFO:   - Club León
[2026-06-03 14:23:29] INFO:   - Cobresal
[2026-06-03 14:23:29] INFO:   - Colorado Springs
[2026-06-03 14:23:29] INFO:   - Columbus Crew
[2026-06-03 14:23:29] INFO:   - Copenhagen
[2026-06-03 14:23:29] INFO:   - Copenhague
[2026-06-03 14:23:29] INFO:   - Cruz Azul
[2026-06-03 14:23:29] INFO:   - Daejeon
[2026-06-03 14:23:29] INFO:   - Deportivo La Guaira
[2026-06-03 14:23:29] INFO:   - Deportivo Saprissa
[2026-06-03 14:23:29] INFO:   - Desconocido
[2026-06-03 14:23:29] INFO:   - Dinamo Zagreb
[2026-06-03 14:23:29] INFO:   - Dynamo Makhachkala
[2026-06-03 14:23:29] INFO:   - ES Tunis
[2026-06-03 14:23:29] INFO:   - El Gouna
[2026-06-03 14:23:29] INFO:   - El Paso Locomotive FC
[2026-06-03 14:23:29] INFO:   - Elche
[2026-06-03 14:23:29] INFO:   - Espanyol
[2026-06-03 14:23:29] INFO:   - Espérance de Tunis
[2026-06-03 14:23:29] INFO:   - Esteghlal FC
[2026-06-03 14:23:29] INFO:   - Estrela da Amadora
[2026-06-03 14:23:29] INFO:   - Estrella Roja
[2026-06-03 14:23:29] INFO:   - Estrella Roja de Belgrado
[2026-06-03 14:23:29] INFO:   - Estudiantes de La Plata
[2026-06-03 14:23:29] INFO:   - F. C. Tokyo
[2026-06-03 14:23:29] INFO:   - FC Barcelona Atlètic
[2026-06-03 14:23:29] INFO:   - FC Cincinnati
[2026-06-03 14:23:29] INFO:   - FC Cosmos Koblenz
[2026-06-03 14:23:29] INFO:   - FC Dallas
[2026-06-03 14:23:29] INFO:   - FC Den Bosch
[2026-06-03 14:23:29] INFO:   - FC Lugano
[2026-06-03 14:23:29] INFO:   - FC Pari Nizhniy Novgorod
[2026-06-03 14:23:29] INFO:   - FC Sochaux
[2026-06-03 14:23:29] INFO:   - FC Tatran Prešov
[2026-06-03 14:23:29] INFO:   - FC Tokio
[2026-06-03 14:23:29] INFO:   - FC Vizela
[2026-06-03 14:23:29] INFO:   - FC Zürich
[2026-06-03 14:23:29] INFO:   - Farense
[2026-06-03 14:23:29] INFO:   - Fenerbahce
[2026-06-03 14:23:29] INFO:   - Fenerbahçe
[2026-06-03 14:23:29] INFO:   - Fenerbahçe SK/Betis
[2026-06-03 14:23:29] INFO:   - Ferencváros TC
[2026-06-03 14:23:29] INFO:   - Fortuna Dusseldorf
[2026-06-03 14:23:29] INFO:   - Frosinone
[2026-06-03 14:23:29] INFO:   - Gangwon
[2026-06-03 14:23:29] INFO:   - Gaziantep
[2026-06-03 14:23:29] INFO:   - Genk
[2026-06-03 14:23:29] INFO:   - Gençlerbirliği
[2026-06-03 14:23:29] INFO:   - Gil Vicente
[2026-06-03 14:23:29] INFO:   - Girona
[2026-06-03 14:23:29] INFO:   - Granada
[2026-06-03 14:23:29] INFO:   - Gyor
[2026-06-03 14:23:29] INFO:   - HNK Rijeka
[2026-06-03 14:23:29] INFO:   - Hajduk Split
[2026-06-03 14:23:29] INFO:   - Hamburgo
[2026-06-03 14:23:29] INFO:   - Hannover 96
[2026-06-03 14:23:29] INFO:   - Hapoel Ironi Kiryat Shmona
[2026-06-03 14:23:29] INFO:   - Heart of Midlothian
[2026-06-03 14:23:29] INFO:   - Hibernian
[2026-06-03 14:23:29] INFO:   - Holstein Kiel
[2026-06-03 14:23:29] INFO:   - Hradec Kralove
[2026-06-03 14:23:29] INFO:   - IFK Norrköping
[2026-06-03 14:23:29] INFO:   - Igdir FK
[2026-06-03 14:23:29] INFO:   - Igdır FK
[2026-06-03 14:23:29] INFO:   - Independiente
[2026-06-03 14:23:29] INFO:   - Inter Miami
[2026-06-03 14:23:29] INFO:   - Inter Milan
[2026-06-03 14:23:29] INFO:   - Inter de Milan
[2026-06-03 14:23:29] INFO:   - Inter de Milán
[2026-06-03 14:23:29] INFO:   - Internacional de Porto Alegre
[2026-06-03 14:23:29] INFO:   - JS Kabylie
[2026-06-03 14:23:29] INFO:   - Jagiellonia Bialystok
[2026-06-03 14:23:29] INFO:   - Jeonbuk
[2026-06-03 14:23:29] INFO:   - Juárez FC
[2026-06-03 14:23:29] INFO:   - KAA Gent
[2026-06-03 14:23:29] INFO:   - KRC Genk
[2026-06-03 14:23:29] INFO:   - Kaizer Chiefs
[2026-06-03 14:23:29] INFO:   - Karlsruher
[2026-06-03 14:23:29] INFO:   - Kashima Antlers
[2026-06-03 14:23:29] INFO:   - Kashima Antrlers
[2026-06-03 14:23:29] INFO:   - Kasımpaşa
[2026-06-03 14:23:29] INFO:   - Kayserispor
[2026-06-03 14:23:29] INFO:   - Kifisia
[2026-06-03 14:23:29] INFO:   - Kilmarnock
[2026-06-03 14:23:29] INFO:   - Konyaspor
[2026-06-03 14:23:29] INFO:   - Krasnodar
[2026-06-03 14:23:29] INFO:   - LAFC
[2026-06-03 14:23:29] INFO:   - LASK
[2026-06-03 14:23:29] INFO:   - LDU Quito
[2026-06-03 14:23:29] INFO:   - Larisa
[2026-06-03 14:23:29] INFO:   - Lechia Gdansk
[2026-06-03 14:23:29] INFO:   - Ludogorets
[2026-06-03 14:23:29] INFO:   - Maccabi Haifa
[2026-06-03 14:23:29] INFO:   - Maccabi Tel Aviv
[2026-06-03 14:23:29] INFO:   - Mallorca
[2026-06-03 14:23:29] INFO:   - Malmo FF
[2026-06-03 14:23:29] INFO:   - Mamelodi Sundowns
[2026-06-03 14:23:29] INFO:   - Maribor
[2026-06-03 14:23:29] INFO:   - Mazatlán FC
[2026-06-03 14:23:29] INFO:   - Mechelen
[2026-06-03 14:23:29] INFO:   - Miami FC
[2026-06-03 14:23:29] INFO:   - Midtjylland
[2026-06-03 14:23:29] INFO:   - Minnesota United
[2026-06-03 14:23:29] INFO:   - Minnesota United FC
[2026-06-03 14:23:29] INFO:   - Mjällby AIF
[2026-06-03 14:23:29] INFO:   - Mlada Boleslav
[2026-06-03 14:23:29] INFO:   - Molde
[2026-06-03 14:23:29] INFO:   - Monagas
[2026-06-03 14:23:29] INFO:   - Montana 1921
[2026-06-03 14:23:29] INFO:   - Monterrey
[2026-06-03 14:23:29] INFO:   - Montpellier
[2026-06-03 14:23:29] INFO:   - Motherwell F.C.
[2026-06-03 14:23:29] INFO:   - N.E.C.
[2026-06-03 14:23:29] INFO:   - NEC Nijmegen
[2026-06-03 14:23:29] INFO:   - NK Maribor
[2026-06-03 14:23:29] INFO:   - NK Slaven Belupo
[2026-06-03 14:23:29] INFO:   - Nacional
[2026-06-03 14:23:29] INFO:   - New England Revolution
[2026-06-03 14:23:29] INFO:   - New York City FC
[2026-06-03 14:23:29] INFO:   - Newcastle Jets FC
[2026-06-03 14:23:29] INFO:   - Niza
[2026-06-03 14:23:29] INFO:   - Noah
[2026-06-03 14:23:29] INFO:   - Omonia Nicosia
[2026-06-03 14:23:29] INFO:   - Orlando City
[2026-06-03 14:23:29] INFO:   - Orlando City SC
[2026-06-03 14:23:29] INFO:   - Orlando Pirates
[2026-06-03 14:23:29] INFO:   - Osasuna
[2026-06-03 14:23:29] INFO:   - Oțelul Galați
[2026-06-03 14:23:29] INFO:   - PFC Turan Tovuz
[2026-06-03 14:23:29] INFO:   - PSV Eindhoven
[2026-06-03 14:23:29] INFO:   - Pafos
[2026-06-03 14:23:29] INFO:   - Panathinaikos
[2026-06-03 14:23:29] INFO:   - Peterborough
[2026-06-03 14:23:29] INFO:   - Philadelphia Union
[2026-06-03 14:23:29] INFO:   - Plaza Amador
[2026-06-03 14:23:29] INFO:   - Polokwane City
[2026-06-03 14:23:29] INFO:   - Port Vale
[2026-06-03 14:23:29] INFO:   - Portland Timbers
[2026-06-03 14:23:29] INFO:   - Porto
[2026-06-03 14:23:29] INFO:   - Pumas
[2026-06-03 14:23:29] INFO:   - Puskás Akadémia
[2026-06-03 14:23:29] INFO:   - Pyramids
[2026-06-03 14:23:29] INFO:   - Pyramids FC
[2026-06-03 14:23:29] INFO:   - RKC
[2026-06-03 14:23:29] INFO:   - RKC Waalwijk
[2026-06-03 14:23:29] INFO:   - RS Berkane
[2026-06-03 14:23:29] INFO:   - Racign de Estrasburgo
[2026-06-03 14:23:29] INFO:   - Racing Genk
[2026-06-03 14:23:29] INFO:   - Racing de Estrasburgo
[2026-06-03 14:23:29] INFO:   - Racing de Santander
[2026-06-03 14:23:29] INFO:   - Raja Casablanca
[2026-06-03 14:23:29] INFO:   - Rayo Vallecano
[2026-06-03 14:23:29] INFO:   - Real Betis
[2026-06-03 14:23:29] INFO:   - Real Oviedo
[2026-06-03 14:23:29] INFO:   - Real Salt Lake
[2026-06-03 14:23:29] INFO:   - Real Sociedad
[2026-06-03 14:23:29] INFO:   - Red Bull Salzburgo
[2026-06-03 14:23:29] INFO:   - Red Star
[2026-06-03 14:23:29] INFO:   - Rennes
[2026-06-03 14:23:29] INFO:   - River Plate
[2026-06-03 14:23:29] INFO:   - Rizespor
[2026-06-03 14:23:29] INFO:   - Rosario Central
[2026-06-03 14:23:29] INFO:   - Rotherham
[2026-06-03 14:23:29] INFO:   - SC Bastia
[2026-06-03 14:23:29] INFO:   - SJK Seinajoki
[2026-06-03 14:23:29] INFO:   - SK Beveren
[2026-06-03 14:23:29] INFO:   - SV Zulte Waregem
[2026-06-03 14:23:29] INFO:   - Salzburgo
[2026-06-03 14:23:29] INFO:   - Sampdoria
[2026-06-03 14:23:29] INFO:   - Samsunspor
[2026-06-03 14:23:29] INFO:   - San Diego FC
[2026-06-03 14:23:29] INFO:   - Sanfrecce Hiroshima
[2026-06-03 14:23:29] INFO:   - Schalke 04
[2026-06-03 14:23:29] INFO:   - Seattle Sounders
[2026-06-03 14:23:29] INFO:   - Servette
[2026-06-03 14:23:29] INFO:   - Sevilla
[2026-06-03 14:23:29] INFO:   - Shamrock Rovers
[2026-06-03 14:23:29] INFO:   - Silkeborg IF
[2026-06-03 14:23:29] INFO:   - Sint Truidense
[2026-06-03 14:23:29] INFO:   - Sint-Truidense
[2026-06-03 14:23:29] INFO:   - Slovan Bratislava
[2026-06-03 14:23:29] INFO:   - Slovan Liberec
[2026-06-03 14:23:29] INFO:   - Smouha SC
[2026-06-03 14:23:29] INFO:   - Sparta Praga
[2026-06-03 14:23:29] INFO:   - Spartak Moscow
[2026-06-03 14:23:29] INFO:   - Sporting Braga
[2026-06-03 14:23:29] INFO:   - Sporting Lisboa
[2026-06-03 14:23:29] INFO:   - Standard Liege
[2026-06-03 14:23:29] INFO:   - Terengganu FC
[2026-06-03 14:23:29] INFO:   - Tigres
[2026-06-03 14:23:29] INFO:   - Tigres UANL
[2026-06-03 14:23:29] INFO:   - Tondela
[2026-06-03 14:23:29] INFO:   - Toronto
[2026-06-03 14:23:29] INFO:   - Toronto FC
[2026-06-03 14:23:29] INFO:   - Torreense
[2026-06-03 14:23:29] INFO:   - Trabzonspor
[2026-06-03 14:23:29] INFO:   - U. Católica de Ecuador
[2026-06-03 14:23:29] INFO:   - US Monastir
[2026-06-03 14:23:29] INFO:   - USM Alger
[2026-06-03 14:23:29] INFO:   - Ulsan
[2026-06-03 14:23:29] INFO:   - Universidad de Concepción
[2026-06-03 14:23:29] INFO:   - Universitatea Cluj
[2026-06-03 14:23:29] INFO:   - VVV-Venlo
[2026-06-03 14:23:29] INFO:   - Valencia
[2026-06-03 14:23:29] INFO:   - Vancouver Whitecaps
[2026-06-03 14:23:29] INFO:   - Venezia FC
[2026-06-03 14:23:29] INFO:   - Viking
[2026-06-03 14:23:29] INFO:   - Viking FK
[2026-06-03 14:23:29] INFO:   - Viktoria Plzen
[2026-06-03 14:23:29] INFO:   - Viktoria Plzeň
[2026-06-03 14:23:29] INFO:   - Violette AC
[2026-06-03 14:23:29] INFO:   - Vélez Sarsfield
[2026-06-03 14:23:29] INFO:   - Wellington Phoenix FC
[2026-06-03 14:23:29] INFO:   - Western Sydney Wanderers
[2026-06-03 14:23:29] INFO:   - Widzew Lodz
[2026-06-03 14:23:29] INFO:   - Wolfsberger AC
[2026-06-03 14:23:29] INFO:   - Young Boys
[2026-06-03 14:23:29] INFO:   - ZED FC
[2026-06-03 14:23:29] INFO:   - Zamalek
[2026-06-03 14:23:29] INFO:   - Zenit
[2026-06-03 14:23:29] INFO:   - Zhejiang
[2026-06-03 14:23:29] INFO:   - Çaykur Rizespor
[2026-06-03 14:23:29] INFO:   - Étoile du Sahel
[2026-06-03 14:23:29] INFO: ============================================================
[2026-06-03 14:23:29] INFO: Script finalizado.
[2026-06-03 14:23:31] WARNING: No se pudieron obtener equipos de 'Bundesliga': 429 Client Error:  for url: https://api.football-data.org/v4/competitions/2002/teams
[2026-06-03 14:23:33] WARNING: No se pudieron obtener equipos de 'Serie A': 429 Client Error:  for url: https://api.football-data.org/v4/competitions/2019/teams
[2026-06-03 14:23:35] WARNING: No se pudieron obtener equipos de 'Eredivisie': 429 Client Error:  for url: https://api.football-data.org/v4/competitions/2003/teams
[2026-06-03 14:25:33] INFO: ============================================================
[2026-06-03 14:25:33] INFO: Inicio de fetch_footballdata_crests.py
[2026-06-03 14:25:33] INFO: Threshold Jaccard: 0.60 | Threshold Fuzzy: 0.80
[2026-06-03 14:25:33] INFO: ============================================================
[2026-06-03 14:25:33] INFO: Cargados 443 equipos desde convocados_equipos.json
[2026-06-03 14:25:39] INFO: Competición 'Campeonato Brasileiro Série A': 20 equipos.
[2026-06-03 14:25:42] INFO: Competición 'Championship': 24 equipos.
[2026-06-03 14:25:44] INFO: Competición 'Premier League': 20 equipos.
[2026-06-03 14:25:48] INFO: Competición 'UEFA Champions League': 36 equipos.
[2026-06-03 14:25:50] INFO: Competición 'European Championship': 24 equipos.
[2026-06-03 14:25:53] INFO: Competición 'Ligue 1': 18 equipos.
[2026-06-03 14:25:55] INFO: Competición 'Bundesliga': 18 equipos.
[2026-06-03 14:25:58] INFO: Competición 'Serie A': 20 equipos.
[2026-06-03 14:26:00] INFO: Competición 'Eredivisie': 18 equipos.
[2026-06-03 14:26:03] INFO: Competición 'Primeira Liga': 18 equipos.
[2026-06-03 14:26:05] WARNING: No se pudieron obtener equipos de 'Copa Libertadores': 429 Client Error:  for url: https://api.football-data.org/v4/competitions/2152/teams
[2026-06-03 14:26:07] WARNING: No se pudieron obtener equipos de 'Primera Division': 429 Client Error:  for url: https://api.football-data.org/v4/competitions/2014/teams
[2026-06-03 14:26:09] WARNING: No se pudieron obtener equipos de 'FIFA World Cup': 429 Client Error:  for url: https://api.football-data.org/v4/competitions/2000/teams
[2026-06-03 14:26:10] WARNING: Paginación detenida en offset 0: 429 Client Error:  for url: https://api.football-data.org/v4/teams?limit=200&offset=0
[2026-06-03 14:26:10] INFO: Total equipos únicos recopilados: 195
[2026-06-03 14:26:10] DEBUG:   [L1-exacto] 'ac milan' == 'ac milan'
[2026-06-03 14:26:10] INFO: MATCH: AC Milan                                      → https://crests.football-data.org/98.png
[2026-06-03 14:26:10] WARNING: SIN COINCIDENCIA: AEL Limassol
[2026-06-03 14:26:10] DEBUG:   [L1-exacto] 'bournemouth' == 'bournemouth'
[2026-06-03 14:26:10] INFO: MATCH: AFC Bournemouth                               → https://crests.football-data.org/bournemouth.png
[2026-06-03 14:26:10] WARNING: SIN COINCIDENCIA: AIK
[2026-06-03 14:26:10] DEBUG:   [L1-exacto] 'aj auxerre' == 'aj auxerre'
[2026-06-03 14:26:10] INFO: MATCH: AJ Auxerre                                    → https://crests.football-data.org/519.png
[2026-06-03 14:26:10] DEBUG:   [L1-exacto] 'monaco' == 'monaco'
[2026-06-03 14:26:10] INFO: MATCH: AS Monaco                                     → https://crests.football-data.org/548.png
[2026-06-03 14:26:10] WARNING: SIN COINCIDENCIA: AS Nancy-Lorraine
[2026-06-03 14:26:10] DEBUG:   [L1-exacto] 'roma' == 'roma'
[2026-06-03 14:26:10] INFO: MATCH: AS Roma                                       → https://crests.football-data.org/100.png
[2026-06-03 14:26:10] WARNING: SIN COINCIDENCIA: AS Saint-Étienne
[2026-06-03 14:26:10] WARNING: SIN COINCIDENCIA: Abha Club
[2026-06-03 14:26:10] WARNING: SIN COINCIDENCIA: Academia Puerto Cabello
[2026-06-03 14:26:10] DEBUG:   [L1-exacto] 'ajax' == 'ajax'
[2026-06-03 14:26:10] INFO: MATCH: Ajax                                          → https://crests.football-data.org/678.png
[2026-06-03 14:26:10] WARNING: SIN COINCIDENCIA: Akron Tolyatti
[2026-06-03 14:26:10] WARNING: SIN COINCIDENCIA: Al Ahli
[2026-06-03 14:26:10] WARNING: SIN COINCIDENCIA: Al Ahly
[2026-06-03 14:26:10] WARNING: SIN COINCIDENCIA: Al Ain
[2026-06-03 14:26:10] WARNING: SIN COINCIDENCIA: Al Bataeh
[2026-06-03 14:26:10] WARNING: SIN COINCIDENCIA: Al Feiha
[2026-06-03 14:26:10] WARNING: SIN COINCIDENCIA: Al Hilal
[2026-06-03 14:26:10] WARNING: SIN COINCIDENCIA: Al Ittihad
[2026-06-03 14:26:10] WARNING: SIN COINCIDENCIA: Al Jazira
[2026-06-03 14:26:10] WARNING: SIN COINCIDENCIA: Al Nasr
[2026-06-03 14:26:10] WARNING: SIN COINCIDENCIA: Al Nassr
[2026-06-03 14:26:10] WARNING: SIN COINCIDENCIA: Al Sharjah
[2026-06-03 14:26:10] WARNING: SIN COINCIDENCIA: Al Wakrah
[2026-06-03 14:26:10] WARNING: SIN COINCIDENCIA: Al-Ahli
[2026-06-03 14:26:10] WARNING: SIN COINCIDENCIA: Al-Ahli Saudi FC
[2026-06-03 14:26:10] WARNING: SIN COINCIDENCIA: Al-Ain FC
[2026-06-03 14:26:11] WARNING: SIN COINCIDENCIA: Al-Duhail
[2026-06-03 14:26:11] WARNING: SIN COINCIDENCIA: Al-Ettifaq
[2026-06-03 14:26:11] WARNING: SIN COINCIDENCIA: Al-Hilal
[2026-06-03 14:26:11] WARNING: SIN COINCIDENCIA: Al-Hilal SFC
[2026-06-03 14:26:11] WARNING: SIN COINCIDENCIA: Al-Ittihad
[2026-06-03 14:26:11] WARNING: SIN COINCIDENCIA: Alanyaspor
[2026-06-03 14:26:11] WARNING: SIN COINCIDENCIA: Almere City FC
[2026-06-03 14:26:11] WARNING: SIN COINCIDENCIA: América de México
[2026-06-03 14:26:11] WARNING: SIN COINCIDENCIA: Anderlecht
[2026-06-03 14:26:11] DEBUG:   [L1-exacto] 'angers sco' == 'angers sco'
[2026-06-03 14:26:11] INFO: MATCH: Angers SCO                                    → https://crests.football-data.org/532.png
[2026-06-03 14:26:11] WARNING: SIN COINCIDENCIA: Apollon Limassol
[2026-06-03 14:26:11] WARNING: SIN COINCIDENCIA: Aris Limassol
[2026-06-03 14:26:11] DEBUG:   [L1-exacto] 'arsenal' == 'arsenal'
[2026-06-03 14:26:11] INFO: MATCH: Arsenal                                       → https://crests.football-data.org/57.png
[2026-06-03 14:26:11] WARNING: SIN COINCIDENCIA: Astana
[2026-06-03 14:26:11] DEBUG:   [L1-exacto] 'aston villa' == 'aston villa'
[2026-06-03 14:26:11] INFO: MATCH: Aston Villa                                   → https://crests.football-data.org/58.png
[2026-06-03 14:26:11] DEBUG:   [L1-exacto] 'atalanta' == 'atalanta bc'
[2026-06-03 14:26:11] INFO: MATCH: Atalanta                                      → https://crests.football-data.org/102.png
[2026-06-03 14:26:11] WARNING: SIN COINCIDENCIA: Athletic de Bilbao
[2026-06-03 14:26:11] WARNING: SIN COINCIDENCIA: Atlas
[2026-06-03 14:26:11] DEBUG:   [L2-subset] 'atletico madrid' ⊆ 'club atletico madrid'
[2026-06-03 14:26:11] INFO: MATCH: Atlético Madrid                               → https://crests.football-data.org/78.png
[2026-06-03 14:26:11] WARNING: SIN COINCIDENCIA: Atlético Nacional
[2026-06-03 14:26:11] DEBUG:   [L2-subset] 'atletico madrid' ⊆ 'club atletico madrid'
[2026-06-03 14:26:11] INFO: MATCH: Atlético de Madrid                            → https://crests.football-data.org/78.png
[2026-06-03 14:26:11] WARNING: SIN COINCIDENCIA: Atromitos
[2026-06-03 14:26:11] WARNING: SIN COINCIDENCIA: Auckland FC
[2026-06-03 14:26:11] DEBUG:   [L3-fuzzy] 'augsburgo' ~ 'augsburg'  ratio=0.94
[2026-06-03 14:26:11] INFO: MATCH: Augsburgo                                     → https://crests.football-data.org/16.png
[2026-06-03 14:26:11] WARNING: SIN COINCIDENCIA: Austria Viena
[2026-06-03 14:26:11] DEBUG:   [L1-exacto] 'auxerre' == 'aj auxerre'
[2026-06-03 14:26:11] INFO: MATCH: Auxerre                                       → https://crests.football-data.org/519.png
[2026-06-03 14:26:11] WARNING: SIN COINCIDENCIA: BSC Young Boys II
[2026-06-03 14:26:11] DEBUG:   [L1-exacto] 'barcelona' == 'barcelona'
[2026-06-03 14:26:11] INFO: MATCH: Barcelona                                     → https://crests.football-data.org/81.png
[2026-06-03 14:26:11] DEBUG:   [L3-fuzzy] 'barnsley' ~ 'burnley'  ratio=0.80
[2026-06-03 14:26:11] INFO: MATCH: Barnsley                                      → https://crests.football-data.org/328.png
[2026-06-03 14:26:11] WARNING: SIN COINCIDENCIA: Basaksehir
[2026-06-03 14:26:11] DEBUG:   [L2-subset] 'bayer leverkusen' ⊆ 'bayer 04 leverkusen'
[2026-06-03 14:26:11] INFO: MATCH: Bayer Leverkusen                              → https://crests.football-data.org/3.png
[2026-06-03 14:26:11] DEBUG:   [L3-fuzzy] 'bayern munich' ~ 'bayern munchen'  ratio=0.89
[2026-06-03 14:26:11] INFO: MATCH: Bayern Munich                                 → https://crests.football-data.org/5.png
[2026-06-03 14:26:11] DEBUG:   [L3-fuzzy] 'bayern munich' ~ 'bayern munchen'  ratio=0.89
[2026-06-03 14:26:11] INFO: MATCH: Bayern Múnich                                 → https://crests.football-data.org/5.png
[2026-06-03 14:26:11] DEBUG:   [L2-subset] 'benfica' ⊆ 'sport lisboa e benfica'
[2026-06-03 14:26:11] INFO: MATCH: Benfica                                       → https://crests.football-data.org/1903.png
[2026-06-03 14:26:11] WARNING: SIN COINCIDENCIA: Besiktas
[2026-06-03 14:26:11] DEBUG:   [L1-exacto] 'birmingham' == 'birmingham city'
[2026-06-03 14:26:11] INFO: MATCH: Birmingham                                    → https://crests.football-data.org/332.png
[2026-06-03 14:26:11] DEBUG:   [L3-fuzzy] 'bodo glimt' ~ 'bodø/glimt'  ratio=0.80
[2026-06-03 14:26:11] INFO: MATCH: Bodo Glimt                                    → https://crests.football-data.org/5721.png
[2026-06-03 14:26:11] DEBUG:   [L1-exacto] 'bologna' == 'bologna 1909'
[2026-06-03 14:26:11] INFO: MATCH: Bologna                                       → https://crests.football-data.org/103.png
[2026-06-03 14:26:11] DEBUG:   [L1-exacto] 'borussia dortmund' == 'borussia dortmund'
[2026-06-03 14:26:11] INFO: MATCH: Borussia Dortmund                             → https://crests.football-data.org/4.png
[2026-06-03 14:26:11] DEBUG:   [L1-exacto] 'borussia monchengladbach' == 'borussia monchengladbach'
[2026-06-03 14:26:11] INFO: MATCH: Borussia Mönchengladbach                      → https://crests.football-data.org/18.png
[2026-06-03 14:26:11] DEBUG:   [L1-exacto] 'botafogo' == 'botafogo fr'
[2026-06-03 14:26:11] INFO: MATCH: Botafogo                                      → https://crests.football-data.org/1770.png
[2026-06-03 14:26:11] DEBUG:   [L1-exacto] 'bournemouth' == 'bournemouth'
[2026-06-03 14:26:11] INFO: MATCH: Bournemouth                                   → https://crests.football-data.org/bournemouth.png
[2026-06-03 14:26:11] DEBUG:   [L1-exacto] 'braga' == 'sporting clube braga'
[2026-06-03 14:26:11] INFO: MATCH: Braga                                         → https://crests.football-data.org/5613.png
[2026-06-03 14:26:11] WARNING: SIN COINCIDENCIA: Braintree Town F.C.
[2026-06-03 14:26:11] DEBUG:   [L1-exacto] 'brentford' == 'brentford'
[2026-06-03 14:26:11] INFO: MATCH: Brentford                                     → https://crests.football-data.org/402.png
[2026-06-03 14:26:11] DEBUG:   [L2-subset] 'brighton' ⊆ 'brighton & hove albion'
[2026-06-03 14:26:11] INFO: MATCH: Brighton                                      → https://crests.football-data.org/397.png
[2026-06-03 14:26:11] WARNING: SIN COINCIDENCIA: Brondby IF
[2026-06-03 14:26:11] WARNING: SIN COINCIDENCIA: Brujas
[2026-06-03 14:26:11] WARNING: SIN COINCIDENCIA: Brøndby IF
[2026-06-03 14:26:11] DEBUG:   [L1-exacto] 'burnley' == 'burnley'
[2026-06-03 14:26:11] INFO: MATCH: Burnley                                       → https://crests.football-data.org/328.png
[2026-06-03 14:26:11] WARNING: SIN COINCIDENCIA: CD Plaza Amador
[2026-06-03 14:26:11] WARNING: SIN COINCIDENCIA: CS Constantine
[2026-06-03 14:26:11] WARNING: SIN COINCIDENCIA: CS Sfaxien
[2026-06-03 14:26:11] DEBUG:   [L1-exacto] 'cagliari' == 'cagliari calcio'
[2026-06-03 14:26:11] INFO: MATCH: Cagliari                                      → https://crests.football-data.org/104.png
[2026-06-03 14:26:11] DEBUG:   [L1-exacto] 'casa pia' == 'casa pia ac'
[2026-06-03 14:26:11] INFO: MATCH: Casa Pia                                      → https://crests.football-data.org/6618.png
[2026-06-03 14:26:11] WARNING: SIN COINCIDENCIA: Castellon
[2026-06-03 14:26:11] WARNING: SIN COINCIDENCIA: Celta de Vigo
[2026-06-03 14:26:11] WARNING: SIN COINCIDENCIA: Celtic
[2026-06-03 14:26:11] WARNING: SIN COINCIDENCIA: Celtic Glasgow
[2026-06-03 14:26:11] WARNING: SIN COINCIDENCIA: Cercle Brugge
[2026-06-03 14:26:11] WARNING: SIN COINCIDENCIA: Charleroi
[2026-06-03 14:26:11] WARNING: SIN COINCIDENCIA: Charlotte FC
[2026-06-03 14:26:11] DEBUG:   [L1-exacto] 'charlton athletic' == 'charlton athletic'
[2026-06-03 14:26:11] INFO: MATCH: Charlton Athletic                             → https://crests.football-data.org/348.png
[2026-06-03 14:26:11] WARNING: SIN COINCIDENCIA: Chaves
[2026-06-03 14:26:11] DEBUG:   [L1-exacto] 'chelsea' == 'chelsea'
[2026-06-03 14:26:11] INFO: MATCH: Chelsea                                       → https://crests.football-data.org/61.png
[2026-06-03 14:26:11] WARNING: SIN COINCIDENCIA: Chicago Fire
[2026-06-03 14:26:11] WARNING: SIN COINCIDENCIA: Cincinatti FC
[2026-06-03 14:26:11] WARNING: SIN COINCIDENCIA: Club Africain
[2026-06-03 14:26:11] WARNING: SIN COINCIDENCIA: Club América
[2026-06-03 14:26:11] WARNING: SIN COINCIDENCIA: Club Deportivo Marathón
[2026-06-03 14:26:11] WARNING: SIN COINCIDENCIA: Club León
[2026-06-03 14:26:11] WARNING: SIN COINCIDENCIA: Cobresal
[2026-06-03 14:26:11] WARNING: SIN COINCIDENCIA: Colorado Springs
[2026-06-03 14:26:11] WARNING: SIN COINCIDENCIA: Columbus Crew
[2026-06-03 14:26:11] DEBUG:   [L2-subset] 'como' ⊆ 'como 1907'
[2026-06-03 14:26:11] INFO: MATCH: Como                                          → https://crests.football-data.org/7397.png
[2026-06-03 14:26:11] WARNING: SIN COINCIDENCIA: Copenhagen
[2026-06-03 14:26:11] WARNING: SIN COINCIDENCIA: Copenhague
[2026-06-03 14:26:11] DEBUG:   [L1-exacto] 'corinthians' == 'corinthians paulista'
[2026-06-03 14:26:11] INFO: MATCH: Corinthians                                   → https://crests.football-data.org/1779.png
[2026-06-03 14:26:11] DEBUG:   [L1-exacto] 'coventry city' == 'coventry city'
[2026-06-03 14:26:11] INFO: MATCH: Coventry City                                 → https://crests.football-data.org/1076.png
[2026-06-03 14:26:11] DEBUG:   [L1-exacto] 'cremonese' == 'us cremonese'
[2026-06-03 14:26:11] INFO: MATCH: Cremonese                                     → https://crests.football-data.org/457.png
[2026-06-03 14:26:11] WARNING: SIN COINCIDENCIA: Cruz Azul
[2026-06-03 14:26:11] DEBUG:   [L1-exacto] 'crystal palace' == 'crystal palace'
[2026-06-03 14:26:11] INFO: MATCH: Crystal Palace                                → https://crests.football-data.org/354.png
[2026-06-03 14:26:11] WARNING: SIN COINCIDENCIA: Daejeon
[2026-06-03 14:26:11] WARNING: SIN COINCIDENCIA: Deportivo La Guaira
[2026-06-03 14:26:11] WARNING: SIN COINCIDENCIA: Deportivo Saprissa
[2026-06-03 14:26:11] DEBUG:   [L1-exacto] 'derby county' == 'derby county'
[2026-06-03 14:26:11] INFO: MATCH: Derby County                                  → https://crests.football-data.org/342.png
[2026-06-03 14:26:11] WARNING: SIN COINCIDENCIA: Desconocido
[2026-06-03 14:26:11] WARNING: SIN COINCIDENCIA: Dinamo Zagreb
[2026-06-03 14:26:11] WARNING: SIN COINCIDENCIA: Dynamo Makhachkala
[2026-06-03 14:26:11] WARNING: SIN COINCIDENCIA: ES Tunis
[2026-06-03 14:26:11] DEBUG:   [L1-exacto] 'eintracht frankfurt' == 'eintracht frankfurt'
[2026-06-03 14:26:11] INFO: MATCH: Eintracht Frankfurt                           → https://crests.football-data.org/19.png
[2026-06-03 14:26:11] WARNING: SIN COINCIDENCIA: El Gouna
[2026-06-03 14:26:11] WARNING: SIN COINCIDENCIA: El Paso Locomotive FC
[2026-06-03 14:26:11] WARNING: SIN COINCIDENCIA: Elche
[2026-06-03 14:26:11] WARNING: SIN COINCIDENCIA: Espanyol
[2026-06-03 14:26:11] WARNING: SIN COINCIDENCIA: Espérance de Tunis
[2026-06-03 14:26:11] WARNING: SIN COINCIDENCIA: Esteghlal FC
[2026-06-03 14:26:11] DEBUG:   [L3-fuzzy] 'estrasburgo' ~ 'strasbourg'  ratio=0.86
[2026-06-03 14:26:11] INFO: MATCH: Estrasburgo                                   → https://crests.football-data.org/576.png
[2026-06-03 14:26:11] DEBUG:   [L2-subset] 'estrela da amadora' ⊆ 'cf estrela da amadora'
[2026-06-03 14:26:11] INFO: MATCH: Estrela da Amadora                            → https://crests.football-data.org/9136.png
[2026-06-03 14:26:11] WARNING: SIN COINCIDENCIA: Estrella Roja
[2026-06-03 14:26:11] WARNING: SIN COINCIDENCIA: Estrella Roja de Belgrado
[2026-06-03 14:26:11] WARNING: SIN COINCIDENCIA: Estudiantes de La Plata
[2026-06-03 14:26:11] DEBUG:   [L1-exacto] 'everton' == 'everton'
[2026-06-03 14:26:11] INFO: MATCH: Everton                                       → https://crests.football-data.org/62.png
[2026-06-03 14:26:11] WARNING: SIN COINCIDENCIA: F. C. Tokyo
[2026-06-03 14:26:11] DEBUG:   [L1-exacto] 'augsburg' == 'augsburg'
[2026-06-03 14:26:11] INFO: MATCH: FC Augsburg                                   → https://crests.football-data.org/16.png
[2026-06-03 14:26:11] DEBUG:   [L1-exacto] 'barcelona' == 'barcelona'
[2026-06-03 14:26:11] INFO: MATCH: FC Barcelona                                  → https://crests.football-data.org/81.png
[2026-06-03 14:26:11] WARNING: SIN COINCIDENCIA: FC Barcelona Atlètic
[2026-06-03 14:26:11] WARNING: SIN COINCIDENCIA: FC Cincinnati
[2026-06-03 14:26:11] WARNING: SIN COINCIDENCIA: FC Cosmos Koblenz
[2026-06-03 14:26:11] WARNING: SIN COINCIDENCIA: FC Dallas
[2026-06-03 14:26:11] WARNING: SIN COINCIDENCIA: FC Den Bosch
[2026-06-03 14:26:11] WARNING: SIN COINCIDENCIA: FC Lugano
[2026-06-03 14:26:11] DEBUG:   [L1-exacto] 'nantes' == 'nantes'
[2026-06-03 14:26:11] INFO: MATCH: FC Nantes                                     → https://crests.football-data.org/543.png
[2026-06-03 14:26:11] WARNING: SIN COINCIDENCIA: FC Pari Nizhniy Novgorod
[2026-06-03 14:26:11] WARNING: SIN COINCIDENCIA: FC Sochaux
[2026-06-03 14:26:11] DEBUG:   [L1-exacto] 'st. pauli' == 'st. pauli 1910'
[2026-06-03 14:26:11] INFO: MATCH: FC St. Pauli                                  → https://crests.football-data.org/20.png
[2026-06-03 14:26:11] WARNING: SIN COINCIDENCIA: FC Tatran Prešov
[2026-06-03 14:26:11] WARNING: SIN COINCIDENCIA: FC Tokio
[2026-06-03 14:26:11] DEBUG:   [L1-exacto] 'twente' == 'twente '65'
[2026-06-03 14:26:11] INFO: MATCH: FC Twente                                     → https://crests.football-data.org/666.png
[2026-06-03 14:26:11] WARNING: SIN COINCIDENCIA: FC Vizela
[2026-06-03 14:26:11] DEBUG:   [L1-exacto] 'volendam' == 'volendam'
[2026-06-03 14:26:11] INFO: MATCH: FC Volendam                                   → https://crests.football-data.org/1919.png
[2026-06-03 14:26:11] WARNING: SIN COINCIDENCIA: FC Zürich
[2026-06-03 14:26:11] WARNING: SIN COINCIDENCIA: Farense
[2026-06-03 14:26:11] WARNING: SIN COINCIDENCIA: Fenerbahce
[2026-06-03 14:26:11] WARNING: SIN COINCIDENCIA: Fenerbahçe
[2026-06-03 14:26:11] WARNING: SIN COINCIDENCIA: Fenerbahçe SK/Betis
[2026-06-03 14:26:11] WARNING: SIN COINCIDENCIA: Ferencváros TC
[2026-06-03 14:26:11] DEBUG:   [L1-exacto] 'feyenoord' == 'feyenoord rotterdam'
[2026-06-03 14:26:11] INFO: MATCH: Feyenoord                                     → https://crests.football-data.org/675.png
[2026-06-03 14:26:11] DEBUG:   [L1-exacto] 'fiorentina' == 'acf fiorentina'
[2026-06-03 14:26:11] INFO: MATCH: Fiorentina                                    → https://crests.football-data.org/99.png
[2026-06-03 14:26:11] DEBUG:   [L1-exacto] 'flamengo' == 'cr flamengo'
[2026-06-03 14:26:11] INFO: MATCH: Flamengo                                      → https://crests.football-data.org/1783.png
[2026-06-03 14:26:11] DEBUG:   [L1-exacto] 'fluminense' == 'fluminense'
[2026-06-03 14:26:11] INFO: MATCH: Fluminense                                    → https://crests.football-data.org/1765.png
[2026-06-03 14:26:11] WARNING: SIN COINCIDENCIA: Fortuna Dusseldorf
[2026-06-03 14:26:11] DEBUG:   [L3-fuzzy] 'friburgo' ~ 'freiburg'  ratio=0.88
[2026-06-03 14:26:11] INFO: MATCH: Friburgo                                      → https://crests.football-data.org/17.png
[2026-06-03 14:26:11] WARNING: SIN COINCIDENCIA: Frosinone
[2026-06-03 14:26:11] DEBUG:   [L1-exacto] 'fulham' == 'fulham'
[2026-06-03 14:26:11] INFO: MATCH: Fulham                                        → https://crests.football-data.org/63.png
[2026-06-03 14:26:11] DEBUG:   [L1-exacto] 'galatasaray' == 'galatasaray'
[2026-06-03 14:26:11] INFO: MATCH: Galatasaray                                   → https://crests.football-data.org/610.png
[2026-06-03 14:26:11] WARNING: SIN COINCIDENCIA: Gangwon
[2026-06-03 14:26:11] WARNING: SIN COINCIDENCIA: Gaziantep
[2026-06-03 14:26:11] WARNING: SIN COINCIDENCIA: Genk
[2026-06-03 14:26:11] DEBUG:   [L1-exacto] 'genoa' == 'genoa'
[2026-06-03 14:26:11] INFO: MATCH: Genoa                                         → https://crests.football-data.org/107.png
[2026-06-03 14:26:11] WARNING: SIN COINCIDENCIA: Gençlerbirliği
[2026-06-03 14:26:11] DEBUG:   [L1-exacto] 'gil vicente' == 'gil vicente'
[2026-06-03 14:26:11] INFO: MATCH: Gil Vicente                                   → https://crests.football-data.org/5533.png
[2026-06-03 14:26:11] WARNING: SIN COINCIDENCIA: Girona
[2026-06-03 14:26:11] WARNING: SIN COINCIDENCIA: Granada
[2026-06-03 14:26:11] DEBUG:   [L1-exacto] 'gremio' == 'gremio fbpa'
[2026-06-03 14:26:11] INFO: MATCH: Gremio                                        → https://crests.football-data.org/1767.png
[2026-06-03 14:26:11] WARNING: SIN COINCIDENCIA: Gyor
[2026-06-03 14:26:11] WARNING: SIN COINCIDENCIA: HNK Rijeka
[2026-06-03 14:26:11] WARNING: SIN COINCIDENCIA: Hajduk Split
[2026-06-03 14:26:11] DEBUG:   [L1-exacto] 'hamburger sv' == 'hamburger sv'
[2026-06-03 14:26:11] INFO: MATCH: Hamburger SV                                  → https://crests.football-data.org/7.png
[2026-06-03 14:26:11] WARNING: SIN COINCIDENCIA: Hamburgo
[2026-06-03 14:26:11] WARNING: SIN COINCIDENCIA: Hannover 96
[2026-06-03 14:26:11] WARNING: SIN COINCIDENCIA: Hapoel Ironi Kiryat Shmona
[2026-06-03 14:26:11] WARNING: SIN COINCIDENCIA: Heart of Midlothian
[2026-06-03 14:26:11] DEBUG:   [L1-exacto] 'hellas verona' == 'hellas verona'
[2026-06-03 14:26:11] INFO: MATCH: Hellas Verona                                 → https://crests.football-data.org/450.png
[2026-06-03 14:26:11] WARNING: SIN COINCIDENCIA: Hibernian
[2026-06-03 14:26:11] DEBUG:   [L1-exacto] 'hoffenheim' == 'tsg 1899 hoffenheim'
[2026-06-03 14:26:11] INFO: MATCH: Hoffenheim                                    → https://crests.football-data.org/2.png
[2026-06-03 14:26:11] WARNING: SIN COINCIDENCIA: Holstein Kiel
[2026-06-03 14:26:11] WARNING: SIN COINCIDENCIA: Hradec Kralove
[2026-06-03 14:26:11] DEBUG:   [L1-exacto] 'hull city' == 'hull city'
[2026-06-03 14:26:11] INFO: MATCH: Hull City                                     → https://crests.football-data.org/322.png
[2026-06-03 14:26:11] WARNING: SIN COINCIDENCIA: IFK Norrköping
[2026-06-03 14:26:11] WARNING: SIN COINCIDENCIA: Igdir FK
[2026-06-03 14:26:11] WARNING: SIN COINCIDENCIA: Igdır FK
[2026-06-03 14:26:11] WARNING: SIN COINCIDENCIA: Independiente
[2026-06-03 14:26:11] DEBUG:   [L1-exacto] 'inter' == 'internazionale milano'
[2026-06-03 14:26:11] INFO: MATCH: Inter                                         → https://crests.football-data.org/108.png
[2026-06-03 14:26:11] WARNING: SIN COINCIDENCIA: Inter Miami
[2026-06-03 14:26:11] WARNING: SIN COINCIDENCIA: Inter Milan
[2026-06-03 14:26:11] WARNING: SIN COINCIDENCIA: Inter de Milan
[2026-06-03 14:26:11] WARNING: SIN COINCIDENCIA: Inter de Milán
[2026-06-03 14:26:12] WARNING: SIN COINCIDENCIA: Internacional de Porto Alegre
[2026-06-03 14:26:12] DEBUG:   [L1-exacto] 'ipswich town' == 'ipswich town'
[2026-06-03 14:26:12] INFO: MATCH: Ipswich Town                                  → https://crests.football-data.org/349.png
[2026-06-03 14:26:12] WARNING: SIN COINCIDENCIA: JS Kabylie
[2026-06-03 14:26:12] WARNING: SIN COINCIDENCIA: Jagiellonia Bialystok
[2026-06-03 14:26:12] WARNING: SIN COINCIDENCIA: Jeonbuk
[2026-06-03 14:26:12] DEBUG:   [L1-exacto] 'juventus' == 'juventus'
[2026-06-03 14:26:12] INFO: MATCH: Juventus                                      → https://crests.football-data.org/109.png
[2026-06-03 14:26:12] WARNING: SIN COINCIDENCIA: Juárez FC
[2026-06-03 14:26:12] WARNING: SIN COINCIDENCIA: KAA Gent
[2026-06-03 14:26:12] WARNING: SIN COINCIDENCIA: KRC Genk
[2026-06-03 14:26:12] WARNING: SIN COINCIDENCIA: Kaizer Chiefs
[2026-06-03 14:26:12] WARNING: SIN COINCIDENCIA: Karlsruher
[2026-06-03 14:26:12] WARNING: SIN COINCIDENCIA: Kashima Antlers
[2026-06-03 14:26:12] WARNING: SIN COINCIDENCIA: Kashima Antrlers
[2026-06-03 14:26:12] WARNING: SIN COINCIDENCIA: Kasımpaşa
[2026-06-03 14:26:12] WARNING: SIN COINCIDENCIA: Kayserispor
[2026-06-03 14:26:12] WARNING: SIN COINCIDENCIA: Kifisia
[2026-06-03 14:26:12] WARNING: SIN COINCIDENCIA: Kilmarnock
[2026-06-03 14:26:12] WARNING: SIN COINCIDENCIA: Konyaspor
[2026-06-03 14:26:12] WARNING: SIN COINCIDENCIA: Krasnodar
[2026-06-03 14:26:12] WARNING: SIN COINCIDENCIA: LAFC
[2026-06-03 14:26:12] WARNING: SIN COINCIDENCIA: LASK
[2026-06-03 14:26:12] WARNING: SIN COINCIDENCIA: LDU Quito
[2026-06-03 14:26:12] WARNING: SIN COINCIDENCIA: Larisa
[2026-06-03 14:26:12] DEBUG:   [L1-exacto] 'havre' == 'havre ac'
[2026-06-03 14:26:12] INFO: MATCH: Le Havre                                      → https://crests.football-data.org/533.png
[2026-06-03 14:26:12] WARNING: SIN COINCIDENCIA: Lechia Gdansk
[2026-06-03 14:26:12] DEBUG:   [L2-subset] 'leeds' ⊆ 'leeds united'
[2026-06-03 14:26:12] INFO: MATCH: Leeds                                         → https://crests.football-data.org/341.png
[2026-06-03 14:26:12] DEBUG:   [L1-exacto] 'leeds united' == 'leeds united'
[2026-06-03 14:26:12] INFO: MATCH: Leeds United                                  → https://crests.football-data.org/341.png
[2026-06-03 14:26:12] DEBUG:   [L2-subset] 'leipzig' ⊆ 'rb leipzig'
[2026-06-03 14:26:12] INFO: MATCH: Leipzig                                       → https://crests.football-data.org/721.png
[2026-06-03 14:26:12] DEBUG:   [L2-subset] 'lens' ⊆ 'racing club lens'
[2026-06-03 14:26:12] INFO: MATCH: Lens                                          → https://crests.football-data.org/546.png
[2026-06-03 14:26:12] DEBUG:   [L1-exacto] 'lille' == 'lille osc'
[2026-06-03 14:26:12] INFO: MATCH: Lille                                         → https://crests.football-data.org/521.png
[2026-06-03 14:26:12] DEBUG:   [L1-exacto] 'liverpool' == 'liverpool'
[2026-06-03 14:26:12] INFO: MATCH: Liverpool                                     → https://crests.football-data.org/64.png
[2026-06-03 14:26:12] DEBUG:   [L1-exacto] 'lorient' == 'lorient'
[2026-06-03 14:26:12] INFO: MATCH: Lorient                                       → https://crests.football-data.org/525.png
[2026-06-03 14:26:12] WARNING: SIN COINCIDENCIA: Ludogorets
[2026-06-03 14:26:12] WARNING: SIN COINCIDENCIA: Maccabi Haifa
[2026-06-03 14:26:12] WARNING: SIN COINCIDENCIA: Maccabi Tel Aviv
[2026-06-03 14:26:12] DEBUG:   [L1-exacto] 'mainz' == '1. fsv mainz 05'
[2026-06-03 14:26:12] INFO: MATCH: Mainz                                         → https://crests.football-data.org/15.png
[2026-06-03 14:26:12] DEBUG:   [L2-subset] 'mainz 05' ⊆ '1. fsv mainz 05'
[2026-06-03 14:26:12] INFO: MATCH: Mainz 05                                      → https://crests.football-data.org/15.png
[2026-06-03 14:26:12] WARNING: SIN COINCIDENCIA: Mallorca
[2026-06-03 14:26:12] WARNING: SIN COINCIDENCIA: Malmo FF
[2026-06-03 14:26:12] WARNING: SIN COINCIDENCIA: Mamelodi Sundowns
[2026-06-03 14:26:12] DEBUG:   [L1-exacto] 'manchester city' == 'manchester city'
[2026-06-03 14:26:12] INFO: MATCH: Manchester City                               → https://crests.football-data.org/65.png
[2026-06-03 14:26:12] DEBUG:   [L3-fuzzy] 'manchester united' ~ 'manchester city'  ratio=0.81
[2026-06-03 14:26:12] INFO: MATCH: Manchester United                             → https://crests.football-data.org/65.png
[2026-06-03 14:26:12] WARNING: SIN COINCIDENCIA: Maribor
[2026-06-03 14:26:12] DEBUG:   [L1-exacto] 'marseille' == 'olympique marseille'
[2026-06-03 14:26:12] INFO: MATCH: Marseille                                     → https://crests.football-data.org/516.png
[2026-06-03 14:26:12] DEBUG:   [L3-fuzzy] 'marsella' ~ 'marseille'  ratio=0.82
[2026-06-03 14:26:12] INFO: MATCH: Marsella                                      → https://crests.football-data.org/516.png
[2026-06-03 14:26:12] WARNING: SIN COINCIDENCIA: Mazatlán FC
[2026-06-03 14:26:12] WARNING: SIN COINCIDENCIA: Mechelen
[2026-06-03 14:26:12] WARNING: SIN COINCIDENCIA: Miami FC
[2026-06-03 14:26:12] DEBUG:   [L1-exacto] 'middlesbrough' == 'middlesbrough'
[2026-06-03 14:26:12] INFO: MATCH: Middlesbrough                                 → https://crests.football-data.org/343.png
[2026-06-03 14:26:12] WARNING: SIN COINCIDENCIA: Midtjylland
[2026-06-03 14:26:12] DEBUG:   [L1-exacto] 'milan' == 'ac milan'
[2026-06-03 14:26:12] INFO: MATCH: Milan                                         → https://crests.football-data.org/98.png
[2026-06-03 14:26:12] DEBUG:   [L1-exacto] 'millwall' == 'millwall'
[2026-06-03 14:26:12] INFO: MATCH: Millwall                                      → https://crests.football-data.org/384.png
[2026-06-03 14:26:12] WARNING: SIN COINCIDENCIA: Minnesota United
[2026-06-03 14:26:12] WARNING: SIN COINCIDENCIA: Minnesota United FC
[2026-06-03 14:26:12] WARNING: SIN COINCIDENCIA: Mjällby AIF
[2026-06-03 14:26:12] WARNING: SIN COINCIDENCIA: Mlada Boleslav
[2026-06-03 14:26:12] WARNING: SIN COINCIDENCIA: Molde
[2026-06-03 14:26:12] DEBUG:   [L1-exacto] 'monaco' == 'monaco'
[2026-06-03 14:26:12] INFO: MATCH: Monaco                                        → https://crests.football-data.org/548.png
[2026-06-03 14:26:12] WARNING: SIN COINCIDENCIA: Monagas
[2026-06-03 14:26:12] WARNING: SIN COINCIDENCIA: Montana 1921
[2026-06-03 14:26:12] WARNING: SIN COINCIDENCIA: Monterrey
[2026-06-03 14:26:12] WARNING: SIN COINCIDENCIA: Montpellier
[2026-06-03 14:26:12] WARNING: SIN COINCIDENCIA: Motherwell F.C.
[2026-06-03 14:26:12] DEBUG:   [L1-exacto] 'monaco' == 'monaco'
[2026-06-03 14:26:12] INFO: MATCH: Mónaco                                        → https://crests.football-data.org/548.png
[2026-06-03 14:26:12] WARNING: SIN COINCIDENCIA: N.E.C.
[2026-06-03 14:26:12] WARNING: SIN COINCIDENCIA: NEC Nijmegen
[2026-06-03 14:26:12] WARNING: SIN COINCIDENCIA: NK Maribor
[2026-06-03 14:26:12] WARNING: SIN COINCIDENCIA: NK Slaven Belupo
[2026-06-03 14:26:12] DEBUG:   [L2-subset] 'nacional' ⊆ 'cd nacional'
[2026-06-03 14:26:12] INFO: MATCH: Nacional                                      → https://crests.football-data.org/5529.png
[2026-06-03 14:26:12] DEBUG:   [L1-exacto] 'napoli' == 'ssc napoli'
[2026-06-03 14:26:12] INFO: MATCH: Napoli                                        → https://crests.football-data.org/113.png
[2026-06-03 14:26:12] WARNING: SIN COINCIDENCIA: New England Revolution
[2026-06-03 14:26:12] WARNING: SIN COINCIDENCIA: New York City FC
[2026-06-03 14:26:12] DEBUG:   [L1-exacto] 'newcastle' == 'newcastle united'
[2026-06-03 14:26:12] INFO: MATCH: Newcastle                                     → https://crests.football-data.org/67.png
[2026-06-03 14:26:12] WARNING: SIN COINCIDENCIA: Newcastle Jets FC
[2026-06-03 14:26:12] DEBUG:   [L1-exacto] 'newcastle united' == 'newcastle united'
[2026-06-03 14:26:12] INFO: MATCH: Newcastle United                              → https://crests.football-data.org/67.png
[2026-06-03 14:26:12] DEBUG:   [L1-exacto] 'nice' == 'ogc nice'
[2026-06-03 14:26:12] INFO: MATCH: Nice                                          → https://crests.football-data.org/522.png
[2026-06-03 14:26:12] WARNING: SIN COINCIDENCIA: Niza
[2026-06-03 14:26:12] WARNING: SIN COINCIDENCIA: Noah
[2026-06-03 14:26:12] DEBUG:   [L1-exacto] 'norwich city' == 'norwich city'
[2026-06-03 14:26:12] INFO: MATCH: Norwich City                                  → https://crests.football-data.org/68.png
[2026-06-03 14:26:12] DEBUG:   [L1-exacto] 'nottingham forest' == 'nottingham forest'
[2026-06-03 14:26:12] INFO: MATCH: Nottingham Forest                             → https://crests.football-data.org/351.png
[2026-06-03 14:26:12] DEBUG:   [L1-exacto] 'nottingham forest' == 'nottingham forest'
[2026-06-03 14:26:12] INFO: MATCH: Nottingham Forest F.C.                        → https://crests.football-data.org/351.png
[2026-06-03 14:26:12] DEBUG:   [L1-exacto] 'ogc nice' == 'ogc nice'
[2026-06-03 14:26:12] INFO: MATCH: OGC Nice                                      → https://crests.football-data.org/522.png
[2026-06-03 14:26:12] DEBUG:   [L3-fuzzy] 'olympiacos' ~ 'olympiakos'  ratio=0.90
[2026-06-03 14:26:12] INFO: MATCH: Olympiacos FC                                 → https://crests.football-data.org/654.png
[2026-06-03 14:26:12] DEBUG:   [L1-exacto] 'olympique lyon' == 'olympique lyonnais'
[2026-06-03 14:26:12] INFO: MATCH: Olympique de Lyon                             → https://crests.football-data.org/523.png
[2026-06-03 14:26:12] DEBUG:   [L1-exacto] 'olympique marseille' == 'olympique marseille'
[2026-06-03 14:26:12] INFO: MATCH: Olympique de Marseille                        → https://crests.football-data.org/516.png
[2026-06-03 14:26:12] DEBUG:   [L3-fuzzy] 'olympique marsella' ~ 'olympique marseille'  ratio=0.92
[2026-06-03 14:26:12] INFO: MATCH: Olympique de Marsella                         → https://crests.football-data.org/516.png
[2026-06-03 14:26:12] WARNING: SIN COINCIDENCIA: Omonia Nicosia
[2026-06-03 14:26:12] WARNING: SIN COINCIDENCIA: Orlando City
[2026-06-03 14:26:12] WARNING: SIN COINCIDENCIA: Orlando City SC
[2026-06-03 14:26:12] WARNING: SIN COINCIDENCIA: Orlando Pirates
[2026-06-03 14:26:12] WARNING: SIN COINCIDENCIA: Osasuna
[2026-06-03 14:26:12] WARNING: SIN COINCIDENCIA: Oțelul Galați
[2026-06-03 14:26:12] DEBUG:   [L1-exacto] 'pec zwolle' == 'pec zwolle'
[2026-06-03 14:26:12] INFO: MATCH: PEC Zwolle                                    → https://crests.football-data.org/684.png
[2026-06-03 14:26:12] WARNING: SIN COINCIDENCIA: PFC Turan Tovuz
[2026-06-03 14:26:12] DEBUG:   [L1-exacto] 'psg' == 'paris saint-germain'
[2026-06-03 14:26:12] INFO: MATCH: PSG                                           → https://crests.football-data.org/524.png
[2026-06-03 14:26:12] DEBUG:   [L1-exacto] 'psv' == 'psv'
[2026-06-03 14:26:12] INFO: MATCH: PSV                                           → https://crests.football-data.org/674.png
[2026-06-03 14:26:12] WARNING: SIN COINCIDENCIA: PSV Eindhoven
[2026-06-03 14:26:12] WARNING: SIN COINCIDENCIA: Pafos
[2026-06-03 14:26:12] DEBUG:   [L1-exacto] 'palmeiras' == 'se palmeiras'
[2026-06-03 14:26:12] INFO: MATCH: Palmeiras                                     → https://crests.football-data.org/1769.png
[2026-06-03 14:26:12] WARNING: SIN COINCIDENCIA: Panathinaikos
[2026-06-03 14:26:12] DEBUG:   [L1-exacto] 'paranaense' == 'ca paranaense'
[2026-06-03 14:26:12] INFO: MATCH: Paranaense                                    → https://crests.football-data.org/1768.png
[2026-06-03 14:26:12] DEBUG:   [L2-subset] 'paris' ⊆ 'paris saint-germain'
[2026-06-03 14:26:12] INFO: MATCH: Paris                                         → https://crests.football-data.org/524.png
[2026-06-03 14:26:12] DEBUG:   [L1-exacto] 'paris saint-germain' == 'paris saint-germain'
[2026-06-03 14:26:12] INFO: MATCH: Paris Saint-Germain                           → https://crests.football-data.org/524.png
[2026-06-03 14:26:12] DEBUG:   [L1-exacto] 'parma' == 'parma calcio 1913'
[2026-06-03 14:26:12] INFO: MATCH: Parma                                         → https://crests.football-data.org/112.png
[2026-06-03 14:26:12] WARNING: SIN COINCIDENCIA: Peterborough
[2026-06-03 14:26:12] WARNING: SIN COINCIDENCIA: Philadelphia Union
[2026-06-03 14:26:12] DEBUG:   [L2-subset] 'pisa' ⊆ 'ac pisa 1909'
[2026-06-03 14:26:12] INFO: MATCH: Pisa                                          → https://crests.football-data.org/487.png
[2026-06-03 14:26:12] WARNING: SIN COINCIDENCIA: Plaza Amador
[2026-06-03 14:26:12] WARNING: SIN COINCIDENCIA: Polokwane City
[2026-06-03 14:26:12] WARNING: SIN COINCIDENCIA: Port Vale
[2026-06-03 14:26:12] WARNING: SIN COINCIDENCIA: Portland Timbers
[2026-06-03 14:26:12] DEBUG:   [L1-exacto] 'porto' == 'porto'
[2026-06-03 14:26:12] INFO: MATCH: Porto                                         → https://crests.football-data.org/503.png
[2026-06-03 14:26:12] WARNING: SIN COINCIDENCIA: Pumas
[2026-06-03 14:26:12] WARNING: SIN COINCIDENCIA: Puskás Akadémia
[2026-06-03 14:26:12] WARNING: SIN COINCIDENCIA: Pyramids
[2026-06-03 14:26:12] WARNING: SIN COINCIDENCIA: Pyramids FC
[2026-06-03 14:26:12] DEBUG:   [L1-exacto] 'rb leipzig' == 'rb leipzig'
[2026-06-03 14:26:12] INFO: MATCH: RB Leipzig                                    → https://crests.football-data.org/721.png
[2026-06-03 14:26:12] DEBUG:   [L1-exacto] 'rc lens' == 'racing club lens'
[2026-06-03 14:26:12] INFO: MATCH: RC Lens                                       → https://crests.football-data.org/546.png
[2026-06-03 14:26:12] WARNING: SIN COINCIDENCIA: RKC
[2026-06-03 14:26:12] WARNING: SIN COINCIDENCIA: RKC Waalwijk
[2026-06-03 14:26:12] WARNING: SIN COINCIDENCIA: RS Berkane
[2026-06-03 14:26:12] WARNING: SIN COINCIDENCIA: Racign de Estrasburgo
[2026-06-03 14:26:12] WARNING: SIN COINCIDENCIA: Racing Genk
[2026-06-03 14:26:12] DEBUG:   [L2-subset] 'racing lens' ⊆ 'racing club lens'
[2026-06-03 14:26:12] INFO: MATCH: Racing Lens                                   → https://crests.football-data.org/546.png
[2026-06-03 14:26:12] WARNING: SIN COINCIDENCIA: Racing de Estrasburgo
[2026-06-03 14:26:12] WARNING: SIN COINCIDENCIA: Racing de Santander
[2026-06-03 14:26:12] WARNING: SIN COINCIDENCIA: Raja Casablanca
[2026-06-03 14:26:12] DEBUG:   [L2-subset] 'rangers' ⊆ 'queens park rangers'
[2026-06-03 14:26:12] INFO: MATCH: Rangers                                       → https://crests.football-data.org/69.png
[2026-06-03 14:26:12] WARNING: SIN COINCIDENCIA: Rayo Vallecano
[2026-06-03 14:26:12] WARNING: SIN COINCIDENCIA: Real Betis
[2026-06-03 14:26:12] DEBUG:   [L1-exacto] 'real madrid' == 'real madrid cf'
[2026-06-03 14:26:12] INFO: MATCH: Real Madrid                                   → https://crests.football-data.org/86.png
[2026-06-03 14:26:12] WARNING: SIN COINCIDENCIA: Real Oviedo
[2026-06-03 14:26:12] WARNING: SIN COINCIDENCIA: Real Salt Lake
[2026-06-03 14:26:12] WARNING: SIN COINCIDENCIA: Real Sociedad
[2026-06-03 14:26:12] WARNING: SIN COINCIDENCIA: Red Bull Salzburgo
[2026-06-03 14:26:12] WARNING: SIN COINCIDENCIA: Red Star
[2026-06-03 14:26:12] WARNING: SIN COINCIDENCIA: Rennes
[2026-06-03 14:26:12] WARNING: SIN COINCIDENCIA: River Plate
[2026-06-03 14:26:12] WARNING: SIN COINCIDENCIA: Rizespor
[2026-06-03 14:26:12] DEBUG:   [L1-exacto] 'roma' == 'roma'
[2026-06-03 14:26:12] INFO: MATCH: Roma                                          → https://crests.football-data.org/100.png
[2026-06-03 14:26:12] WARNING: SIN COINCIDENCIA: Rosario Central
[2026-06-03 14:26:12] WARNING: SIN COINCIDENCIA: Rotherham
[2026-06-03 14:26:12] DEBUG:   [L1-exacto] 'royale union saint-gilloise' == 'royale union saint-gilloise'
[2026-06-03 14:26:12] INFO: MATCH: Royale Union Saint-Gilloise                   → https://crests.football-data.org/3929.png
[2026-06-03 14:26:12] DEBUG:   [L1-exacto] 'napoli' == 'ssc napoli'
[2026-06-03 14:26:12] INFO: MATCH: S.S.C. Napoli                                 → https://crests.football-data.org/113.png
[2026-06-03 14:26:12] WARNING: SIN COINCIDENCIA: SC Bastia
[2026-06-03 14:26:12] WARNING: SIN COINCIDENCIA: SJK Seinajoki
[2026-06-03 14:26:12] WARNING: SIN COINCIDENCIA: SK Beveren
[2026-06-03 14:26:12] WARNING: SIN COINCIDENCIA: SV Zulte Waregem
[2026-06-03 14:26:12] WARNING: SIN COINCIDENCIA: Salzburgo
[2026-06-03 14:26:12] WARNING: SIN COINCIDENCIA: Sampdoria
[2026-06-03 14:26:12] WARNING: SIN COINCIDENCIA: Samsunspor
[2026-06-03 14:26:12] WARNING: SIN COINCIDENCIA: San Diego FC
[2026-06-03 14:26:12] WARNING: SIN COINCIDENCIA: Sanfrecce Hiroshima
[2026-06-03 14:26:12] DEBUG:   [L1-exacto] 'santos' == 'santos'
[2026-06-03 14:26:12] INFO: MATCH: Santos                                        → https://crests.football-data.org/6685.png
[2026-06-03 14:26:12] DEBUG:   [L1-exacto] 'sassuolo' == 'us sassuolo calcio'
[2026-06-03 14:26:12] INFO: MATCH: Sassuolo                                      → https://crests.football-data.org/471.png
[2026-06-03 14:26:12] WARNING: SIN COINCIDENCIA: Schalke 04
[2026-06-03 14:26:12] WARNING: SIN COINCIDENCIA: Seattle Sounders
[2026-06-03 14:26:12] WARNING: SIN COINCIDENCIA: Servette
[2026-06-03 14:26:12] WARNING: SIN COINCIDENCIA: Sevilla
[2026-06-03 14:26:12] WARNING: SIN COINCIDENCIA: Shamrock Rovers
[2026-06-03 14:26:12] DEBUG:   [L3-fuzzy] 'sheffield united' ~ 'sheffield wed'  ratio=0.83
[2026-06-03 14:26:12] INFO: MATCH: Sheffield United                              → https://crests.football-data.org/345.png
[2026-06-03 14:26:12] DEBUG:   [L3-fuzzy] 'sheffield united' ~ 'sheffield wed'  ratio=0.83
[2026-06-03 14:26:12] INFO: MATCH: Sheffield United F.C.                         → https://crests.football-data.org/345.png
[2026-06-03 14:26:12] WARNING: SIN COINCIDENCIA: Silkeborg IF
[2026-06-03 14:26:12] WARNING: SIN COINCIDENCIA: Sint Truidense
[2026-06-03 14:26:12] WARNING: SIN COINCIDENCIA: Sint-Truidense
[2026-06-03 14:26:12] DEBUG:   [L3-fuzzy] 'slavia praga' ~ 'slavia praha'  ratio=0.92
[2026-06-03 14:26:12] INFO: MATCH: Slavia Praga                                  → https://crests.football-data.org/930.png
[2026-06-03 14:26:12] WARNING: SIN COINCIDENCIA: Slovan Bratislava
[2026-06-03 14:26:12] WARNING: SIN COINCIDENCIA: Slovan Liberec
[2026-06-03 14:26:12] WARNING: SIN COINCIDENCIA: Smouha SC
[2026-06-03 14:26:12] WARNING: SIN COINCIDENCIA: Sparta Praga
[2026-06-03 14:26:12] DEBUG:   [L1-exacto] 'sparta rotterdam' == 'sparta rotterdam'
[2026-06-03 14:26:12] INFO: MATCH: Sparta Rotterdam                              → https://crests.football-data.org/6806.png
[2026-06-03 14:26:12] WARNING: SIN COINCIDENCIA: Spartak Moscow
[2026-06-03 14:26:12] DEBUG:   [L2-subset] 'sporting' ⊆ 'sporting clube portugal'
[2026-06-03 14:26:12] INFO: MATCH: Sporting                                      → https://crests.football-data.org/498.png
[2026-06-03 14:26:12] DEBUG:   [L2-subset] 'sporting braga' ⊆ 'sporting clube braga'
[2026-06-03 14:26:12] INFO: MATCH: Sporting Braga                                → https://crests.football-data.org/5613.png
[2026-06-03 14:26:12] DEBUG:   [L1-exacto] 'sporting cp' == 'sporting clube portugal'
[2026-06-03 14:26:12] INFO: MATCH: Sporting CP                                   → https://crests.football-data.org/498.png
[2026-06-03 14:26:12] WARNING: SIN COINCIDENCIA: Sporting Lisboa
[2026-06-03 14:26:12] DEBUG:   [L2-subset] 'sporting portugal' ⊆ 'sporting clube portugal'
[2026-06-03 14:26:12] INFO: MATCH: Sporting de Portugal                          → https://crests.football-data.org/498.png
[2026-06-03 14:26:12] DEBUG:   [L3-fuzzy] 'stade nyonnais' ~ 'stade rennais'  ratio=0.81
[2026-06-03 14:26:12] INFO: MATCH: Stade Nyonnais                                → https://crests.football-data.org/529.png
[2026-06-03 14:26:12] DEBUG:   [L1-exacto] 'stade rennais' == 'stade rennais 1901'
[2026-06-03 14:26:12] INFO: MATCH: Stade Rennais                                 → https://crests.football-data.org/529.png
[2026-06-03 14:26:12] DEBUG:   [L3-fuzzy] 'stade reims' ~ 'stade rennais'  ratio=0.83
[2026-06-03 14:26:12] INFO: MATCH: Stade de Reims                                → https://crests.football-data.org/529.png
[2026-06-03 14:26:12] WARNING: SIN COINCIDENCIA: Standard Liege
[2026-06-03 14:26:12] DEBUG:   [L1-exacto] 'stoke city' == 'stoke city'
[2026-06-03 14:26:12] INFO: MATCH: Stoke City                                    → https://crests.football-data.org/70.png
[2026-06-03 14:26:12] DEBUG:   [L1-exacto] 'strasbourg' == 'rc strasbourg alsace'
[2026-06-03 14:26:12] INFO: MATCH: Strasbourg                                    → https://crests.football-data.org/576.png
[2026-06-03 14:26:13] DEBUG:   [L1-exacto] 'stuttgart' == 'vfb stuttgart'
[2026-06-03 14:26:13] INFO: MATCH: Stuttgart                                     → https://crests.football-data.org/10.png
[2026-06-03 14:26:13] DEBUG:   [L1-exacto] 'sunderland' == 'sunderland'
[2026-06-03 14:26:13] INFO: MATCH: Sunderland                                    → https://crests.football-data.org/71.png
[2026-06-03 14:26:13] DEBUG:   [L1-exacto] 'sunderland' == 'sunderland'
[2026-06-03 14:26:13] INFO: MATCH: Sunderland AFC                                → https://crests.football-data.org/71.png
[2026-06-03 14:26:13] DEBUG:   [L1-exacto] 'swansea' == 'swansea city'
[2026-06-03 14:26:13] INFO: MATCH: Swansea                                       → https://crests.football-data.org/72.png
[2026-06-03 14:26:13] DEBUG:   [L1-exacto] 'swansea city' == 'swansea city'
[2026-06-03 14:26:13] INFO: MATCH: Swansea City A.F.C.                           → https://crests.football-data.org/72.png
[2026-06-03 14:26:13] DEBUG:   [L2-subset] 'tsg hoffenheim' ⊆ 'tsg 1899 hoffenheim'
[2026-06-03 14:26:13] INFO: MATCH: TSG Hoffenheim                                → https://crests.football-data.org/2.png
[2026-06-03 14:26:13] DEBUG:   [L1-exacto] 'telstar' == 'telstar 1963'
[2026-06-03 14:26:13] INFO: MATCH: Telstar                                       → https://crests.football-data.org/1912.png
[2026-06-03 14:26:13] WARNING: SIN COINCIDENCIA: Terengganu FC
[2026-06-03 14:26:13] WARNING: SIN COINCIDENCIA: Tigres
[2026-06-03 14:26:13] WARNING: SIN COINCIDENCIA: Tigres UANL
[2026-06-03 14:26:13] DEBUG:   [L1-exacto] 'tondela' == 'cd tondela'
[2026-06-03 14:26:13] INFO: MATCH: Tondela                                       → https://crests.football-data.org/1049.png
[2026-06-03 14:26:13] DEBUG:   [L1-exacto] 'torino' == 'torino'
[2026-06-03 14:26:13] INFO: MATCH: Torino                                        → https://crests.football-data.org/586.png
[2026-06-03 14:26:13] WARNING: SIN COINCIDENCIA: Toronto
[2026-06-03 14:26:13] WARNING: SIN COINCIDENCIA: Toronto FC
[2026-06-03 14:26:13] WARNING: SIN COINCIDENCIA: Torreense
[2026-06-03 14:26:13] DEBUG:   [L1-exacto] 'tottenham' == 'tottenham hotspur'
[2026-06-03 14:26:13] INFO: MATCH: Tottenham                                     → https://crests.football-data.org/73.png
[2026-06-03 14:26:13] DEBUG:   [L1-exacto] 'tottenham hotspur' == 'tottenham hotspur'
[2026-06-03 14:26:13] INFO: MATCH: Tottenham Hotspur                             → https://crests.football-data.org/73.png
[2026-06-03 14:26:13] DEBUG:   [L1-exacto] 'toulouse' == 'toulouse'
[2026-06-03 14:26:13] INFO: MATCH: Toulouse                                      → https://crests.football-data.org/511.png
[2026-06-03 14:26:13] WARNING: SIN COINCIDENCIA: Trabzonspor
[2026-06-03 14:26:13] DEBUG:   [L1-exacto] 'twente' == 'twente '65'
[2026-06-03 14:26:13] INFO: MATCH: Twente                                        → https://crests.football-data.org/666.png
[2026-06-03 14:26:13] WARNING: SIN COINCIDENCIA: U. Católica de Ecuador
[2026-06-03 14:26:13] WARNING: SIN COINCIDENCIA: US Monastir
[2026-06-03 14:26:13] DEBUG:   [L1-exacto] 'us sassuolo calcio' == 'us sassuolo calcio'
[2026-06-03 14:26:13] INFO: MATCH: US Sassuolo Calcio                            → https://crests.football-data.org/471.png
[2026-06-03 14:26:13] WARNING: SIN COINCIDENCIA: USM Alger
[2026-06-03 14:26:13] DEBUG:   [L1-exacto] 'udinese' == 'udinese calcio'
[2026-06-03 14:26:13] INFO: MATCH: Udinese                                       → https://crests.football-data.org/115.png
[2026-06-03 14:26:13] WARNING: SIN COINCIDENCIA: Ulsan
[2026-06-03 14:26:13] DEBUG:   [L1-exacto] 'union berlin' == '1. union berlin'
[2026-06-03 14:26:13] INFO: MATCH: Union Berlin                                  → https://crests.football-data.org/28.png
[2026-06-03 14:26:13] DEBUG:   [L2-subset] 'union saint-gilloise' ⊆ 'royale union saint-gilloise'
[2026-06-03 14:26:13] INFO: MATCH: Union Saint-Gilloise                          → https://crests.football-data.org/3929.png
[2026-06-03 14:26:13] WARNING: SIN COINCIDENCIA: Universidad de Concepción
[2026-06-03 14:26:13] WARNING: SIN COINCIDENCIA: Universitatea Cluj
[2026-06-03 14:26:13] WARNING: SIN COINCIDENCIA: VVV-Venlo
[2026-06-03 14:26:13] WARNING: SIN COINCIDENCIA: Valencia
[2026-06-03 14:26:13] WARNING: SIN COINCIDENCIA: Vancouver Whitecaps
[2026-06-03 14:26:13] DEBUG:   [L1-exacto] 'vasco da gama' == 'cr vasco da gama'
[2026-06-03 14:26:13] INFO: MATCH: Vasco da Gama                                 → https://crests.football-data.org/1780.png
[2026-06-03 14:26:13] WARNING: SIN COINCIDENCIA: Venezia FC
[2026-06-03 14:26:13] WARNING: SIN COINCIDENCIA: Viking
[2026-06-03 14:26:13] WARNING: SIN COINCIDENCIA: Viking FK
[2026-06-03 14:26:13] WARNING: SIN COINCIDENCIA: Viktoria Plzen
[2026-06-03 14:26:13] WARNING: SIN COINCIDENCIA: Viktoria Plzeň
[2026-06-03 14:26:13] DEBUG:   [L3-fuzzy] 'villareal' ~ 'villarreal'  ratio=0.95
[2026-06-03 14:26:13] INFO: MATCH: Villareal                                     → https://crests.football-data.org/94.png
[2026-06-03 14:26:13] DEBUG:   [L1-exacto] 'villarreal' == 'villarreal cf'
[2026-06-03 14:26:13] INFO: MATCH: Villarreal                                    → https://crests.football-data.org/94.png
[2026-06-03 14:26:13] WARNING: SIN COINCIDENCIA: Violette AC
[2026-06-03 14:26:13] DEBUG:   [L1-exacto] 'vitoria' == 'ec vitoria'
[2026-06-03 14:26:13] INFO: MATCH: Vitória                                       → https://crests.football-data.org/1782.png
[2026-06-03 14:26:13] WARNING: SIN COINCIDENCIA: Vélez Sarsfield
[2026-06-03 14:26:13] DEBUG:   [L1-exacto] 'watford' == 'watford'
[2026-06-03 14:26:13] INFO: MATCH: Watford                                       → https://crests.football-data.org/346.png
[2026-06-03 14:26:13] WARNING: SIN COINCIDENCIA: Wellington Phoenix FC
[2026-06-03 14:26:13] DEBUG:   [L2-subset] 'werder bremen' ⊆ 'sv werder bremen'
[2026-06-03 14:26:13] INFO: MATCH: Werder Bremen                                 → https://crests.football-data.org/12.png
[2026-06-03 14:26:13] DEBUG:   [L1-exacto] 'west ham' == 'west ham united'
[2026-06-03 14:26:13] INFO: MATCH: West Ham                                      → https://crests.football-data.org/563.png
[2026-06-03 14:26:13] DEBUG:   [L1-exacto] 'west ham united' == 'west ham united'
[2026-06-03 14:26:13] INFO: MATCH: West Ham United                               → https://crests.football-data.org/563.png
[2026-06-03 14:26:13] DEBUG:   [L1-exacto] 'west ham united' == 'west ham united'
[2026-06-03 14:26:13] INFO: MATCH: West Ham United/Marsella                      → https://crests.football-data.org/563.png
[2026-06-03 14:26:13] WARNING: SIN COINCIDENCIA: Western Sydney Wanderers
[2026-06-03 14:26:13] WARNING: SIN COINCIDENCIA: Widzew Lodz
[2026-06-03 14:26:13] WARNING: SIN COINCIDENCIA: Wolfsberger AC
[2026-06-03 14:26:13] DEBUG:   [L1-exacto] 'wolfsburg' == 'vfl wolfsburg'
[2026-06-03 14:26:13] INFO: MATCH: Wolfsburg                                     → https://crests.football-data.org/11.png
[2026-06-03 14:26:13] DEBUG:   [L3-fuzzy] 'wolfsburgo' ~ 'wolfsburg'  ratio=0.95
[2026-06-03 14:26:13] INFO: MATCH: Wolfsburgo                                    → https://crests.football-data.org/11.png
[2026-06-03 14:26:13] DEBUG:   [L1-exacto] 'wolverhampton' == 'wolverhampton wanderers'
[2026-06-03 14:26:13] INFO: MATCH: Wolverhampton                                 → https://crests.football-data.org/76.png
[2026-06-03 14:26:13] DEBUG:   [L1-exacto] 'wrexham' == 'wrexham'
[2026-06-03 14:26:13] INFO: MATCH: Wrexham                                       → https://crests.football-data.org/404.png
[2026-06-03 14:26:13] WARNING: SIN COINCIDENCIA: Young Boys
[2026-06-03 14:26:13] WARNING: SIN COINCIDENCIA: ZED FC
[2026-06-03 14:26:13] WARNING: SIN COINCIDENCIA: Zamalek
[2026-06-03 14:26:13] WARNING: SIN COINCIDENCIA: Zenit
[2026-06-03 14:26:13] WARNING: SIN COINCIDENCIA: Zhejiang
[2026-06-03 14:26:13] WARNING: SIN COINCIDENCIA: Çaykur Rizespor
[2026-06-03 14:26:13] WARNING: SIN COINCIDENCIA: Étoile du Sahel
[2026-06-03 14:26:13] INFO: Archivo generado exitosamente: C:\Users\Franc\OneDrive\Documentos\ThinkPad\Github\worldcup-app\data\data_frontend\teams.json (163 entradas)
[2026-06-03 14:26:13] INFO: ------------------------------------------------------------
[2026-06-03 14:26:13] INFO: RESUMEN:
[2026-06-03 14:26:13] INFO:   Equipos en lista local : 443
[2026-06-03 14:26:13] INFO:   Matches encontrados    : 163
[2026-06-03 14:26:13] INFO:   Sin coincidencia       : 280
[2026-06-03 14:26:13] INFO: Equipos sin coincidencia en la API:
[2026-06-03 14:26:13] INFO:   - AEL Limassol
[2026-06-03 14:26:13] INFO:   - AIK
[2026-06-03 14:26:13] INFO:   - AS Nancy-Lorraine
[2026-06-03 14:26:13] INFO:   - AS Saint-Étienne
[2026-06-03 14:26:13] INFO:   - Abha Club
[2026-06-03 14:26:13] INFO:   - Academia Puerto Cabello
[2026-06-03 14:26:13] INFO:   - Akron Tolyatti
[2026-06-03 14:26:13] INFO:   - Al Ahli
[2026-06-03 14:26:13] INFO:   - Al Ahly
[2026-06-03 14:26:13] INFO:   - Al Ain
[2026-06-03 14:26:13] INFO:   - Al Bataeh
[2026-06-03 14:26:13] INFO:   - Al Feiha
[2026-06-03 14:26:13] INFO:   - Al Hilal
[2026-06-03 14:26:13] INFO:   - Al Ittihad
[2026-06-03 14:26:13] INFO:   - Al Jazira
[2026-06-03 14:26:13] INFO:   - Al Nasr
[2026-06-03 14:26:13] INFO:   - Al Nassr
[2026-06-03 14:26:13] INFO:   - Al Sharjah
[2026-06-03 14:26:13] INFO:   - Al Wakrah
[2026-06-03 14:26:13] INFO:   - Al-Ahli
[2026-06-03 14:26:13] INFO:   - Al-Ahli Saudi FC
[2026-06-03 14:26:13] INFO:   - Al-Ain FC
[2026-06-03 14:26:13] INFO:   - Al-Duhail
[2026-06-03 14:26:13] INFO:   - Al-Ettifaq
[2026-06-03 14:26:13] INFO:   - Al-Hilal
[2026-06-03 14:26:13] INFO:   - Al-Hilal SFC
[2026-06-03 14:26:13] INFO:   - Al-Ittihad
[2026-06-03 14:26:13] INFO:   - Alanyaspor
[2026-06-03 14:26:13] INFO:   - Almere City FC
[2026-06-03 14:26:13] INFO:   - América de México
[2026-06-03 14:26:13] INFO:   - Anderlecht
[2026-06-03 14:26:13] INFO:   - Apollon Limassol
[2026-06-03 14:26:13] INFO:   - Aris Limassol
[2026-06-03 14:26:13] INFO:   - Astana
[2026-06-03 14:26:13] INFO:   - Athletic de Bilbao
[2026-06-03 14:26:13] INFO:   - Atlas
[2026-06-03 14:26:13] INFO:   - Atlético Nacional
[2026-06-03 14:26:13] INFO:   - Atromitos
[2026-06-03 14:26:13] INFO:   - Auckland FC
[2026-06-03 14:26:13] INFO:   - Austria Viena
[2026-06-03 14:26:13] INFO:   - BSC Young Boys II
[2026-06-03 14:26:13] INFO:   - Basaksehir
[2026-06-03 14:26:13] INFO:   - Besiktas
[2026-06-03 14:26:13] INFO:   - Braintree Town F.C.
[2026-06-03 14:26:13] INFO:   - Brondby IF
[2026-06-03 14:26:13] INFO:   - Brujas
[2026-06-03 14:26:13] INFO:   - Brøndby IF
[2026-06-03 14:26:13] INFO:   - CD Plaza Amador
[2026-06-03 14:26:13] INFO:   - CS Constantine
[2026-06-03 14:26:13] INFO:   - CS Sfaxien
[2026-06-03 14:26:13] INFO:   - Castellon
[2026-06-03 14:26:13] INFO:   - Celta de Vigo
[2026-06-03 14:26:13] INFO:   - Celtic
[2026-06-03 14:26:13] INFO:   - Celtic Glasgow
[2026-06-03 14:26:13] INFO:   - Cercle Brugge
[2026-06-03 14:26:13] INFO:   - Charleroi
[2026-06-03 14:26:13] INFO:   - Charlotte FC
[2026-06-03 14:26:13] INFO:   - Chaves
[2026-06-03 14:26:13] INFO:   - Chicago Fire
[2026-06-03 14:26:13] INFO:   - Cincinatti FC
[2026-06-03 14:26:13] INFO:   - Club Africain
[2026-06-03 14:26:13] INFO:   - Club América
[2026-06-03 14:26:13] INFO:   - Club Deportivo Marathón
[2026-06-03 14:26:13] INFO:   - Club León
[2026-06-03 14:26:13] INFO:   - Cobresal
[2026-06-03 14:26:13] INFO:   - Colorado Springs
[2026-06-03 14:26:13] INFO:   - Columbus Crew
[2026-06-03 14:26:13] INFO:   - Copenhagen
[2026-06-03 14:26:13] INFO:   - Copenhague
[2026-06-03 14:26:13] INFO:   - Cruz Azul
[2026-06-03 14:26:13] INFO:   - Daejeon
[2026-06-03 14:26:13] INFO:   - Deportivo La Guaira
[2026-06-03 14:26:13] INFO:   - Deportivo Saprissa
[2026-06-03 14:26:13] INFO:   - Desconocido
[2026-06-03 14:26:13] INFO:   - Dinamo Zagreb
[2026-06-03 14:26:13] INFO:   - Dynamo Makhachkala
[2026-06-03 14:26:13] INFO:   - ES Tunis
[2026-06-03 14:26:13] INFO:   - El Gouna
[2026-06-03 14:26:13] INFO:   - El Paso Locomotive FC
[2026-06-03 14:26:13] INFO:   - Elche
[2026-06-03 14:26:13] INFO:   - Espanyol
[2026-06-03 14:26:13] INFO:   - Espérance de Tunis
[2026-06-03 14:26:13] INFO:   - Esteghlal FC
[2026-06-03 14:26:13] INFO:   - Estrella Roja
[2026-06-03 14:26:13] INFO:   - Estrella Roja de Belgrado
[2026-06-03 14:26:13] INFO:   - Estudiantes de La Plata
[2026-06-03 14:26:13] INFO:   - F. C. Tokyo
[2026-06-03 14:26:13] INFO:   - FC Barcelona Atlètic
[2026-06-03 14:26:13] INFO:   - FC Cincinnati
[2026-06-03 14:26:13] INFO:   - FC Cosmos Koblenz
[2026-06-03 14:26:13] INFO:   - FC Dallas
[2026-06-03 14:26:13] INFO:   - FC Den Bosch
[2026-06-03 14:26:13] INFO:   - FC Lugano
[2026-06-03 14:26:13] INFO:   - FC Pari Nizhniy Novgorod
[2026-06-03 14:26:13] INFO:   - FC Sochaux
[2026-06-03 14:26:13] INFO:   - FC Tatran Prešov
[2026-06-03 14:26:13] INFO:   - FC Tokio
[2026-06-03 14:26:13] INFO:   - FC Vizela
[2026-06-03 14:26:13] INFO:   - FC Zürich
[2026-06-03 14:26:13] INFO:   - Farense
[2026-06-03 14:26:13] INFO:   - Fenerbahce
[2026-06-03 14:26:13] INFO:   - Fenerbahçe
[2026-06-03 14:26:13] INFO:   - Fenerbahçe SK/Betis
[2026-06-03 14:26:13] INFO:   - Ferencváros TC
[2026-06-03 14:26:13] INFO:   - Fortuna Dusseldorf
[2026-06-03 14:26:13] INFO:   - Frosinone
[2026-06-03 14:26:13] INFO:   - Gangwon
[2026-06-03 14:26:13] INFO:   - Gaziantep
[2026-06-03 14:26:13] INFO:   - Genk
[2026-06-03 14:26:13] INFO:   - Gençlerbirliği
[2026-06-03 14:26:13] INFO:   - Girona
[2026-06-03 14:26:13] INFO:   - Granada
[2026-06-03 14:26:13] INFO:   - Gyor
[2026-06-03 14:26:13] INFO:   - HNK Rijeka
[2026-06-03 14:26:13] INFO:   - Hajduk Split
[2026-06-03 14:26:13] INFO:   - Hamburgo
[2026-06-03 14:26:13] INFO:   - Hannover 96
[2026-06-03 14:26:13] INFO:   - Hapoel Ironi Kiryat Shmona
[2026-06-03 14:26:13] INFO:   - Heart of Midlothian
[2026-06-03 14:26:13] INFO:   - Hibernian
[2026-06-03 14:26:13] INFO:   - Holstein Kiel
[2026-06-03 14:26:13] INFO:   - Hradec Kralove
[2026-06-03 14:26:13] INFO:   - IFK Norrköping
[2026-06-03 14:26:13] INFO:   - Igdir FK
[2026-06-03 14:26:13] INFO:   - Igdır FK
[2026-06-03 14:26:13] INFO:   - Independiente
[2026-06-03 14:26:13] INFO:   - Inter Miami
[2026-06-03 14:26:13] INFO:   - Inter Milan
[2026-06-03 14:26:13] INFO:   - Inter de Milan
[2026-06-03 14:26:13] INFO:   - Inter de Milán
[2026-06-03 14:26:13] INFO:   - Internacional de Porto Alegre
[2026-06-03 14:26:13] INFO:   - JS Kabylie
[2026-06-03 14:26:13] INFO:   - Jagiellonia Bialystok
[2026-06-03 14:26:13] INFO:   - Jeonbuk
[2026-06-03 14:26:13] INFO:   - Juárez FC
[2026-06-03 14:26:13] INFO:   - KAA Gent
[2026-06-03 14:26:13] INFO:   - KRC Genk
[2026-06-03 14:26:13] INFO:   - Kaizer Chiefs
[2026-06-03 14:26:13] INFO:   - Karlsruher
[2026-06-03 14:26:13] INFO:   - Kashima Antlers
[2026-06-03 14:26:13] INFO:   - Kashima Antrlers
[2026-06-03 14:26:13] INFO:   - Kasımpaşa
[2026-06-03 14:26:13] INFO:   - Kayserispor
[2026-06-03 14:26:13] INFO:   - Kifisia
[2026-06-03 14:26:13] INFO:   - Kilmarnock
[2026-06-03 14:26:13] INFO:   - Konyaspor
[2026-06-03 14:26:13] INFO:   - Krasnodar
[2026-06-03 14:26:13] INFO:   - LAFC
[2026-06-03 14:26:13] INFO:   - LASK
[2026-06-03 14:26:13] INFO:   - LDU Quito
[2026-06-03 14:26:13] INFO:   - Larisa
[2026-06-03 14:26:13] INFO:   - Lechia Gdansk
[2026-06-03 14:26:13] INFO:   - Ludogorets
[2026-06-03 14:26:13] INFO:   - Maccabi Haifa
[2026-06-03 14:26:13] INFO:   - Maccabi Tel Aviv
[2026-06-03 14:26:13] INFO:   - Mallorca
[2026-06-03 14:26:13] INFO:   - Malmo FF
[2026-06-03 14:26:13] INFO:   - Mamelodi Sundowns
[2026-06-03 14:26:13] INFO:   - Maribor
[2026-06-03 14:26:13] INFO:   - Mazatlán FC
[2026-06-03 14:26:13] INFO:   - Mechelen
[2026-06-03 14:26:13] INFO:   - Miami FC
[2026-06-03 14:26:13] INFO:   - Midtjylland
[2026-06-03 14:26:13] INFO:   - Minnesota United
[2026-06-03 14:26:13] INFO:   - Minnesota United FC
[2026-06-03 14:26:13] INFO:   - Mjällby AIF
[2026-06-03 14:26:13] INFO:   - Mlada Boleslav
[2026-06-03 14:26:13] INFO:   - Molde
[2026-06-03 14:26:13] INFO:   - Monagas
[2026-06-03 14:26:13] INFO:   - Montana 1921
[2026-06-03 14:26:13] INFO:   - Monterrey
[2026-06-03 14:26:13] INFO:   - Montpellier
[2026-06-03 14:26:13] INFO:   - Motherwell F.C.
[2026-06-03 14:26:13] INFO:   - N.E.C.
[2026-06-03 14:26:13] INFO:   - NEC Nijmegen
[2026-06-03 14:26:13] INFO:   - NK Maribor
[2026-06-03 14:26:13] INFO:   - NK Slaven Belupo
[2026-06-03 14:26:13] INFO:   - New England Revolution
[2026-06-03 14:26:13] INFO:   - New York City FC
[2026-06-03 14:26:13] INFO:   - Newcastle Jets FC
[2026-06-03 14:26:13] INFO:   - Niza
[2026-06-03 14:26:13] INFO:   - Noah
[2026-06-03 14:26:13] INFO:   - Omonia Nicosia
[2026-06-03 14:26:13] INFO:   - Orlando City
[2026-06-03 14:26:13] INFO:   - Orlando City SC
[2026-06-03 14:26:13] INFO:   - Orlando Pirates
[2026-06-03 14:26:13] INFO:   - Osasuna
[2026-06-03 14:26:13] INFO:   - Oțelul Galați
[2026-06-03 14:26:13] INFO:   - PFC Turan Tovuz
[2026-06-03 14:26:13] INFO:   - PSV Eindhoven
[2026-06-03 14:26:13] INFO:   - Pafos
[2026-06-03 14:26:13] INFO:   - Panathinaikos
[2026-06-03 14:26:13] INFO:   - Peterborough
[2026-06-03 14:26:13] INFO:   - Philadelphia Union
[2026-06-03 14:26:13] INFO:   - Plaza Amador
[2026-06-03 14:26:13] INFO:   - Polokwane City
[2026-06-03 14:26:13] INFO:   - Port Vale
[2026-06-03 14:26:13] INFO:   - Portland Timbers
[2026-06-03 14:26:13] INFO:   - Pumas
[2026-06-03 14:26:13] INFO:   - Puskás Akadémia
[2026-06-03 14:26:13] INFO:   - Pyramids
[2026-06-03 14:26:13] INFO:   - Pyramids FC
[2026-06-03 14:26:13] INFO:   - RKC
[2026-06-03 14:26:13] INFO:   - RKC Waalwijk
[2026-06-03 14:26:13] INFO:   - RS Berkane
[2026-06-03 14:26:13] INFO:   - Racign de Estrasburgo
[2026-06-03 14:26:13] INFO:   - Racing Genk
[2026-06-03 14:26:13] INFO:   - Racing de Estrasburgo
[2026-06-03 14:26:13] INFO:   - Racing de Santander
[2026-06-03 14:26:13] INFO:   - Raja Casablanca
[2026-06-03 14:26:13] INFO:   - Rayo Vallecano
[2026-06-03 14:26:13] INFO:   - Real Betis
[2026-06-03 14:26:13] INFO:   - Real Oviedo
[2026-06-03 14:26:13] INFO:   - Real Salt Lake
[2026-06-03 14:26:13] INFO:   - Real Sociedad
[2026-06-03 14:26:13] INFO:   - Red Bull Salzburgo
[2026-06-03 14:26:13] INFO:   - Red Star
[2026-06-03 14:26:13] INFO:   - Rennes
[2026-06-03 14:26:13] INFO:   - River Plate
[2026-06-03 14:26:13] INFO:   - Rizespor
[2026-06-03 14:26:13] INFO:   - Rosario Central
[2026-06-03 14:26:13] INFO:   - Rotherham
[2026-06-03 14:26:13] INFO:   - SC Bastia
[2026-06-03 14:26:13] INFO:   - SJK Seinajoki
[2026-06-03 14:26:13] INFO:   - SK Beveren
[2026-06-03 14:26:13] INFO:   - SV Zulte Waregem
[2026-06-03 14:26:13] INFO:   - Salzburgo
[2026-06-03 14:26:13] INFO:   - Sampdoria
[2026-06-03 14:26:13] INFO:   - Samsunspor
[2026-06-03 14:26:13] INFO:   - San Diego FC
[2026-06-03 14:26:13] INFO:   - Sanfrecce Hiroshima
[2026-06-03 14:26:13] INFO:   - Schalke 04
[2026-06-03 14:26:13] INFO:   - Seattle Sounders
[2026-06-03 14:26:13] INFO:   - Servette
[2026-06-03 14:26:13] INFO:   - Sevilla
[2026-06-03 14:26:13] INFO:   - Shamrock Rovers
[2026-06-03 14:26:13] INFO:   - Silkeborg IF
[2026-06-03 14:26:13] INFO:   - Sint Truidense
[2026-06-03 14:26:13] INFO:   - Sint-Truidense
[2026-06-03 14:26:13] INFO:   - Slovan Bratislava
[2026-06-03 14:26:13] INFO:   - Slovan Liberec
[2026-06-03 14:26:13] INFO:   - Smouha SC
[2026-06-03 14:26:13] INFO:   - Sparta Praga
[2026-06-03 14:26:13] INFO:   - Spartak Moscow
[2026-06-03 14:26:13] INFO:   - Sporting Lisboa
[2026-06-03 14:26:13] INFO:   - Standard Liege
[2026-06-03 14:26:13] INFO:   - Terengganu FC
[2026-06-03 14:26:13] INFO:   - Tigres
[2026-06-03 14:26:13] INFO:   - Tigres UANL
[2026-06-03 14:26:13] INFO:   - Toronto
[2026-06-03 14:26:13] INFO:   - Toronto FC
[2026-06-03 14:26:13] INFO:   - Torreense
[2026-06-03 14:26:13] INFO:   - Trabzonspor
[2026-06-03 14:26:13] INFO:   - U. Católica de Ecuador
[2026-06-03 14:26:13] INFO:   - US Monastir
[2026-06-03 14:26:13] INFO:   - USM Alger
[2026-06-03 14:26:13] INFO:   - Ulsan
[2026-06-03 14:26:13] INFO:   - Universidad de Concepción
[2026-06-03 14:26:13] INFO:   - Universitatea Cluj
[2026-06-03 14:26:13] INFO:   - VVV-Venlo
[2026-06-03 14:26:13] INFO:   - Valencia
[2026-06-03 14:26:13] INFO:   - Vancouver Whitecaps
[2026-06-03 14:26:13] INFO:   - Venezia FC
[2026-06-03 14:26:13] INFO:   - Viking
[2026-06-03 14:26:13] INFO:   - Viking FK
[2026-06-03 14:26:13] INFO:   - Viktoria Plzen
[2026-06-03 14:26:13] INFO:   - Viktoria Plzeň
[2026-06-03 14:26:13] INFO:   - Violette AC
[2026-06-03 14:26:13] INFO:   - Vélez Sarsfield
[2026-06-03 14:26:13] INFO:   - Wellington Phoenix FC
[2026-06-03 14:26:13] INFO:   - Western Sydney Wanderers
[2026-06-03 14:26:13] INFO:   - Widzew Lodz
[2026-06-03 14:26:13] INFO:   - Wolfsberger AC
[2026-06-03 14:26:13] INFO:   - Young Boys
[2026-06-03 14:26:13] INFO:   - ZED FC
[2026-06-03 14:26:13] INFO:   - Zamalek
[2026-06-03 14:26:13] INFO:   - Zenit
[2026-06-03 14:26:13] INFO:   - Zhejiang
[2026-06-03 14:26:13] INFO:   - Çaykur Rizespor
[2026-06-03 14:26:13] INFO:   - Étoile du Sahel
[2026-06-03 14:26:13] INFO: ============================================================
[2026-06-03 14:26:13] INFO: Script finalizado.
[2026-06-03 14:39:36] INFO: ============================================================
[2026-06-03 14:39:36] INFO: Inicio de fetch_footballdata_crests.py
[2026-06-03 14:39:36] INFO: Threshold Jaccard: 0.60 | Threshold Fuzzy: 0.80
[2026-06-03 14:39:36] INFO: ============================================================
[2026-06-03 14:39:36] INFO: Cargados 443 equipos desde convocados_equipos.json
[2026-06-03 14:39:41] INFO: Competición 'Campeonato Brasileiro Série A': 20 equipos.
[2026-06-03 14:39:45] INFO: Competición 'Championship': 24 equipos.
[2026-06-03 14:39:47] INFO: Competición 'Premier League': 20 equipos.
[2026-06-03 14:39:52] INFO: Competición 'UEFA Champions League': 36 equipos.
[2026-06-03 14:39:54] INFO: Competición 'European Championship': 24 equipos.
[2026-06-03 14:39:57] INFO: Competición 'Ligue 1': 18 equipos.
[2026-06-03 14:40:00] INFO: Competición 'Bundesliga': 18 equipos.
[2026-06-03 14:40:07] INFO: Competición 'Serie A': 20 equipos.
[2026-06-03 14:40:11] INFO: Competición 'Eredivisie': 18 equipos.
[2026-06-03 14:40:14] INFO: Competición 'Primeira Liga': 18 equipos.
[2026-06-03 14:40:16] WARNING: No se pudieron obtener equipos de 'Copa Libertadores': 429 Client Error:  for url: https://api.football-data.org/v4/competitions/2152/teams
[2026-06-03 14:40:18] WARNING: No se pudieron obtener equipos de 'Primera Division': 429 Client Error:  for url: https://api.football-data.org/v4/competitions/2014/teams
[2026-06-03 14:40:21] WARNING: No se pudieron obtener equipos de 'FIFA World Cup': 429 Client Error:  for url: https://api.football-data.org/v4/competitions/2000/teams
[2026-06-03 14:40:23] WARNING: Paginación detenida en offset 0: 429 Client Error:  for url: https://api.football-data.org/v4/teams?limit=200&offset=0
[2026-06-03 14:40:23] INFO: Total equipos únicos recopilados: 195
[2026-06-03 14:40:23] DEBUG:   [L1-exacto] 'ac milan' == 'ac milan'
[2026-06-03 14:40:23] INFO: MATCH: AC Milan                                      [Serie A] → https://crests.football-data.org/98.png
[2026-06-03 14:40:23] WARNING: SIN COINCIDENCIA: AEL Limassol
[2026-06-03 14:40:23] DEBUG:   [L1-exacto] 'bournemouth' == 'bournemouth'
[2026-06-03 14:40:23] INFO: MATCH: AFC Bournemouth                               [Premier League] → https://crests.football-data.org/bournemouth.png
[2026-06-03 14:40:23] WARNING: SIN COINCIDENCIA: AIK
[2026-06-03 14:40:23] DEBUG:   [L1-exacto] 'aj auxerre' == 'aj auxerre'
[2026-06-03 14:40:23] INFO: MATCH: AJ Auxerre                                    [Ligue 1] → https://crests.football-data.org/519.png
[2026-06-03 14:40:23] DEBUG:   [L1-exacto] 'monaco' == 'monaco'
[2026-06-03 14:40:23] INFO: MATCH: AS Monaco                                     [UEFA Champions League] → https://crests.football-data.org/548.png
[2026-06-03 14:40:23] WARNING: SIN COINCIDENCIA: AS Nancy-Lorraine
[2026-06-03 14:40:23] DEBUG:   [L1-exacto] 'roma' == 'roma'
[2026-06-03 14:40:23] INFO: MATCH: AS Roma                                       [Serie A] → https://crests.football-data.org/100.png
[2026-06-03 14:40:23] WARNING: SIN COINCIDENCIA: AS Saint-Étienne
[2026-06-03 14:40:23] WARNING: SIN COINCIDENCIA: Abha Club
[2026-06-03 14:40:23] WARNING: SIN COINCIDENCIA: Academia Puerto Cabello
[2026-06-03 14:40:23] DEBUG:   [L1-exacto] 'ajax' == 'ajax'
[2026-06-03 14:40:23] INFO: MATCH: Ajax                                          [UEFA Champions League] → https://crests.football-data.org/678.png
[2026-06-03 14:40:23] WARNING: SIN COINCIDENCIA: Akron Tolyatti
[2026-06-03 14:40:23] WARNING: SIN COINCIDENCIA: Al Ahli
[2026-06-03 14:40:23] WARNING: SIN COINCIDENCIA: Al Ahly
[2026-06-03 14:40:23] WARNING: SIN COINCIDENCIA: Al Ain
[2026-06-03 14:40:23] WARNING: SIN COINCIDENCIA: Al Bataeh
[2026-06-03 14:40:23] WARNING: SIN COINCIDENCIA: Al Feiha
[2026-06-03 14:40:23] WARNING: SIN COINCIDENCIA: Al Hilal
[2026-06-03 14:40:23] WARNING: SIN COINCIDENCIA: Al Ittihad
[2026-06-03 14:40:43] INFO: ============================================================
[2026-06-03 14:40:43] INFO: Inicio de fetch_footballdata_crests.py
[2026-06-03 14:40:43] INFO: Threshold Jaccard: 0.60 | Threshold Fuzzy: 0.80
[2026-06-03 14:40:43] INFO: ============================================================
[2026-06-03 14:40:43] INFO: Cargados 443 equipos desde convocados_equipos.json
[2026-06-03 14:40:47] INFO: Competición 'Campeonato Brasileiro Série A': 20 equipos.
[2026-06-03 14:40:50] INFO: Competición 'Championship': 24 equipos.
[2026-06-03 14:40:53] INFO: Competición 'Premier League': 20 equipos.
[2026-06-03 14:40:56] INFO: Competición 'UEFA Champions League': 36 equipos.
[2026-06-03 14:40:59] INFO: Competición 'European Championship': 24 equipos.
[2026-06-03 14:41:03] INFO: Competición 'Ligue 1': 18 equipos.
[2026-06-03 14:41:05] INFO: Competición 'Bundesliga': 18 equipos.
[2026-06-03 14:41:08] INFO: Competición 'Serie A': 20 equipos.
[2026-06-03 14:41:10] INFO: Competición 'Eredivisie': 18 equipos.
[2026-06-03 14:41:13] INFO: Competición 'Primeira Liga': 18 equipos.
[2026-06-03 14:41:15] WARNING: No se pudieron obtener equipos de 'Copa Libertadores': 429 Client Error:  for url: https://api.football-data.org/v4/competitions/2152/teams
[2026-06-03 14:41:17] WARNING: No se pudieron obtener equipos de 'Primera Division': 429 Client Error:  for url: https://api.football-data.org/v4/competitions/2014/teams
[2026-06-03 14:41:19] WARNING: No se pudieron obtener equipos de 'FIFA World Cup': 429 Client Error:  for url: https://api.football-data.org/v4/competitions/2000/teams
[2026-06-03 14:41:21] WARNING: Paginación detenida en offset 0: 429 Client Error:  for url: https://api.football-data.org/v4/teams?limit=200&offset=0
[2026-06-03 14:41:21] INFO: Total equipos únicos recopilados: 195
[2026-06-03 14:41:21] DEBUG:   [L1-exacto] 'ac milan' == 'ac milan'
[2026-06-03 14:41:21] INFO: MATCH: AC Milan                                      [Serie A] → https://crests.football-data.org/98.png
[2026-06-03 14:41:21] WARNING: SIN COINCIDENCIA: AEL Limassol
[2026-06-03 14:41:21] DEBUG:   [L1-exacto] 'bournemouth' == 'bournemouth'
[2026-06-03 14:41:21] INFO: MATCH: AFC Bournemouth                               [Premier League] → https://crests.football-data.org/bournemouth.png
[2026-06-03 14:41:21] WARNING: SIN COINCIDENCIA: AIK
[2026-06-03 14:41:21] DEBUG:   [L1-exacto] 'aj auxerre' == 'aj auxerre'
[2026-06-03 14:41:21] INFO: MATCH: AJ Auxerre                                    [Ligue 1] → https://crests.football-data.org/519.png
[2026-06-03 14:41:21] DEBUG:   [L1-exacto] 'monaco' == 'monaco'
[2026-06-03 14:41:21] INFO: MATCH: AS Monaco                                     [UEFA Champions League] → https://crests.football-data.org/548.png
[2026-06-03 14:41:21] WARNING: SIN COINCIDENCIA: AS Nancy-Lorraine
[2026-06-03 14:41:21] DEBUG:   [L1-exacto] 'roma' == 'roma'
[2026-06-03 14:41:21] INFO: MATCH: AS Roma                                       [Serie A] → https://crests.football-data.org/100.png
[2026-06-03 14:41:21] WARNING: SIN COINCIDENCIA: AS Saint-Étienne
[2026-06-03 14:41:21] WARNING: SIN COINCIDENCIA: Abha Club
[2026-06-03 14:41:21] WARNING: SIN COINCIDENCIA: Academia Puerto Cabello
[2026-06-03 14:41:21] DEBUG:   [L1-exacto] 'ajax' == 'ajax'
[2026-06-03 14:41:21] INFO: MATCH: Ajax                                          [UEFA Champions League] → https://crests.football-data.org/678.png
[2026-06-03 14:41:21] WARNING: SIN COINCIDENCIA: Akron Tolyatti
[2026-06-03 14:41:21] WARNING: SIN COINCIDENCIA: Al Ahli
[2026-06-03 14:41:21] WARNING: SIN COINCIDENCIA: Al Ahly
[2026-06-03 14:41:21] WARNING: SIN COINCIDENCIA: Al Ain
[2026-06-03 14:41:21] WARNING: SIN COINCIDENCIA: Al Bataeh
[2026-06-03 14:41:21] WARNING: SIN COINCIDENCIA: Al Feiha
[2026-06-03 14:41:21] WARNING: SIN COINCIDENCIA: Al Hilal
[2026-06-03 14:41:21] WARNING: SIN COINCIDENCIA: Al Ittihad
[2026-06-03 14:41:21] WARNING: SIN COINCIDENCIA: Al Jazira
[2026-06-03 14:41:21] WARNING: SIN COINCIDENCIA: Al Nasr
[2026-06-03 14:41:21] WARNING: SIN COINCIDENCIA: Al Nassr
[2026-06-03 14:41:21] WARNING: SIN COINCIDENCIA: Al Sharjah
[2026-06-03 14:41:21] WARNING: SIN COINCIDENCIA: Al Wakrah
[2026-06-03 14:41:21] WARNING: SIN COINCIDENCIA: Al-Ahli
[2026-06-03 14:41:21] WARNING: SIN COINCIDENCIA: Al-Ahli Saudi FC
[2026-06-03 14:41:21] WARNING: SIN COINCIDENCIA: Al-Ain FC
[2026-06-03 14:41:22] WARNING: SIN COINCIDENCIA: Al-Duhail
[2026-06-03 14:41:22] WARNING: SIN COINCIDENCIA: Al-Ettifaq
[2026-06-03 14:41:22] WARNING: SIN COINCIDENCIA: Al-Hilal
[2026-06-03 14:41:22] WARNING: SIN COINCIDENCIA: Al-Hilal SFC
[2026-06-03 14:41:22] WARNING: SIN COINCIDENCIA: Al-Ittihad
[2026-06-03 14:41:22] WARNING: SIN COINCIDENCIA: Alanyaspor
[2026-06-03 14:41:22] WARNING: SIN COINCIDENCIA: Almere City FC
[2026-06-03 14:41:22] WARNING: SIN COINCIDENCIA: América de México
[2026-06-03 14:41:22] WARNING: SIN COINCIDENCIA: Anderlecht
[2026-06-03 14:41:22] DEBUG:   [L1-exacto] 'angers sco' == 'angers sco'
[2026-06-03 14:41:22] INFO: MATCH: Angers SCO                                    [Ligue 1] → https://crests.football-data.org/532.png
[2026-06-03 14:41:22] WARNING: SIN COINCIDENCIA: Apollon Limassol
[2026-06-03 14:41:22] WARNING: SIN COINCIDENCIA: Aris Limassol
[2026-06-03 14:41:22] DEBUG:   [L1-exacto] 'arsenal' == 'arsenal'
[2026-06-03 14:41:22] INFO: MATCH: Arsenal                                       [Premier League] → https://crests.football-data.org/57.png
[2026-06-03 14:41:22] WARNING: SIN COINCIDENCIA: Astana
[2026-06-03 14:41:22] DEBUG:   [L1-exacto] 'aston villa' == 'aston villa'
[2026-06-03 14:41:22] INFO: MATCH: Aston Villa                                   [Premier League] → https://crests.football-data.org/58.png
[2026-06-03 14:41:22] DEBUG:   [L1-exacto] 'atalanta' == 'atalanta bc'
[2026-06-03 14:41:22] INFO: MATCH: Atalanta                                      [UEFA Champions League] → https://crests.football-data.org/102.png
[2026-06-03 14:41:22] WARNING: SIN COINCIDENCIA: Athletic de Bilbao
[2026-06-03 14:41:22] WARNING: SIN COINCIDENCIA: Atlas
[2026-06-03 14:41:22] DEBUG:   [L2-subset] 'atletico madrid' ⊆ 'club atletico madrid'
[2026-06-03 14:41:22] INFO: MATCH: Atlético Madrid                               [UEFA Champions League] → https://crests.football-data.org/78.png
[2026-06-03 14:41:22] WARNING: SIN COINCIDENCIA: Atlético Nacional
[2026-06-03 14:41:22] DEBUG:   [L2-subset] 'atletico madrid' ⊆ 'club atletico madrid'
[2026-06-03 14:41:22] INFO: MATCH: Atlético de Madrid                            [UEFA Champions League] → https://crests.football-data.org/78.png
[2026-06-03 14:41:22] WARNING: SIN COINCIDENCIA: Atromitos
[2026-06-03 14:41:22] WARNING: SIN COINCIDENCIA: Auckland FC
[2026-06-03 14:41:22] DEBUG:   [L3-fuzzy] 'augsburgo' ~ 'augsburg'  ratio=0.94
[2026-06-03 14:41:22] INFO: MATCH: Augsburgo                                     [Bundesliga] → https://crests.football-data.org/16.png
[2026-06-03 14:41:22] WARNING: SIN COINCIDENCIA: Austria Viena
[2026-06-03 14:41:22] DEBUG:   [L1-exacto] 'auxerre' == 'aj auxerre'
[2026-06-03 14:41:22] INFO: MATCH: Auxerre                                       [Ligue 1] → https://crests.football-data.org/519.png
[2026-06-03 14:41:22] WARNING: SIN COINCIDENCIA: BSC Young Boys II
[2026-06-03 14:41:22] DEBUG:   [L1-exacto] 'barcelona' == 'barcelona'
[2026-06-03 14:41:22] INFO: MATCH: Barcelona                                     [UEFA Champions League] → https://crests.football-data.org/81.png
[2026-06-03 14:41:22] DEBUG:   [L3-fuzzy] 'barnsley' ~ 'burnley'  ratio=0.80
[2026-06-03 14:41:22] INFO: MATCH: Barnsley                                      [Premier League] → https://crests.football-data.org/328.png
[2026-06-03 14:41:22] WARNING: SIN COINCIDENCIA: Basaksehir
[2026-06-03 14:41:22] DEBUG:   [L2-subset] 'bayer leverkusen' ⊆ 'bayer 04 leverkusen'
[2026-06-03 14:41:22] INFO: MATCH: Bayer Leverkusen                              [UEFA Champions League] → https://crests.football-data.org/3.png
[2026-06-03 14:41:22] DEBUG:   [L3-fuzzy] 'bayern munich' ~ 'bayern munchen'  ratio=0.89
[2026-06-03 14:41:22] INFO: MATCH: Bayern Munich                                 [UEFA Champions League] → https://crests.football-data.org/5.png
[2026-06-03 14:41:22] DEBUG:   [L3-fuzzy] 'bayern munich' ~ 'bayern munchen'  ratio=0.89
[2026-06-03 14:41:22] INFO: MATCH: Bayern Múnich                                 [UEFA Champions League] → https://crests.football-data.org/5.png
[2026-06-03 14:41:22] DEBUG:   [L2-subset] 'benfica' ⊆ 'sport lisboa e benfica'
[2026-06-03 14:41:22] INFO: MATCH: Benfica                                       [UEFA Champions League] → https://crests.football-data.org/1903.png
[2026-06-03 14:41:22] WARNING: SIN COINCIDENCIA: Besiktas
[2026-06-03 14:41:22] DEBUG:   [L1-exacto] 'birmingham' == 'birmingham city'
[2026-06-03 14:41:22] INFO: MATCH: Birmingham                                    [Championship] → https://crests.football-data.org/332.png
[2026-06-03 14:41:22] DEBUG:   [L3-fuzzy] 'bodo glimt' ~ 'bodø/glimt'  ratio=0.80
[2026-06-03 14:41:22] INFO: MATCH: Bodo Glimt                                    [UEFA Champions League] → https://crests.football-data.org/5721.png
[2026-06-03 14:41:22] DEBUG:   [L1-exacto] 'bologna' == 'bologna 1909'
[2026-06-03 14:41:22] INFO: MATCH: Bologna                                       [Serie A] → https://crests.football-data.org/103.png
[2026-06-03 14:41:22] DEBUG:   [L1-exacto] 'borussia dortmund' == 'borussia dortmund'
[2026-06-03 14:41:22] INFO: MATCH: Borussia Dortmund                             [UEFA Champions League] → https://crests.football-data.org/4.png
[2026-06-03 14:41:22] DEBUG:   [L1-exacto] 'borussia monchengladbach' == 'borussia monchengladbach'
[2026-06-03 14:41:22] INFO: MATCH: Borussia Mönchengladbach                      [Bundesliga] → https://crests.football-data.org/18.png
[2026-06-03 14:41:22] DEBUG:   [L1-exacto] 'botafogo' == 'botafogo fr'
[2026-06-03 14:41:22] INFO: MATCH: Botafogo                                      [Campeonato Brasileiro Série A] → https://crests.football-data.org/1770.png
[2026-06-03 14:41:22] DEBUG:   [L1-exacto] 'bournemouth' == 'bournemouth'
[2026-06-03 14:41:22] INFO: MATCH: Bournemouth                                   [Premier League] → https://crests.football-data.org/bournemouth.png
[2026-06-03 14:41:22] DEBUG:   [L1-exacto] 'braga' == 'sporting clube braga'
[2026-06-03 14:41:22] INFO: MATCH: Braga                                         [Primeira Liga] → https://crests.football-data.org/5613.png
[2026-06-03 14:41:22] WARNING: SIN COINCIDENCIA: Braintree Town F.C.
[2026-06-03 14:41:22] DEBUG:   [L1-exacto] 'brentford' == 'brentford'
[2026-06-03 14:41:22] INFO: MATCH: Brentford                                     [Premier League] → https://crests.football-data.org/402.png
[2026-06-03 14:41:22] DEBUG:   [L2-subset] 'brighton' ⊆ 'brighton & hove albion'
[2026-06-03 14:41:22] INFO: MATCH: Brighton                                      [Premier League] → https://crests.football-data.org/397.png
[2026-06-03 14:41:22] WARNING: SIN COINCIDENCIA: Brondby IF
[2026-06-03 14:41:22] WARNING: SIN COINCIDENCIA: Brujas
[2026-06-03 14:41:22] WARNING: SIN COINCIDENCIA: Brøndby IF
[2026-06-03 14:41:22] DEBUG:   [L1-exacto] 'burnley' == 'burnley'
[2026-06-03 14:41:22] INFO: MATCH: Burnley                                       [Premier League] → https://crests.football-data.org/328.png
[2026-06-03 14:41:22] WARNING: SIN COINCIDENCIA: CD Plaza Amador
[2026-06-03 14:41:22] WARNING: SIN COINCIDENCIA: CS Constantine
[2026-06-03 14:41:22] WARNING: SIN COINCIDENCIA: CS Sfaxien
[2026-06-03 14:41:22] DEBUG:   [L1-exacto] 'cagliari' == 'cagliari calcio'
[2026-06-03 14:41:22] INFO: MATCH: Cagliari                                      [Serie A] → https://crests.football-data.org/104.png
[2026-06-03 14:41:22] DEBUG:   [L1-exacto] 'casa pia' == 'casa pia ac'
[2026-06-03 14:41:22] INFO: MATCH: Casa Pia                                      [Primeira Liga] → https://crests.football-data.org/6618.png
[2026-06-03 14:41:22] WARNING: SIN COINCIDENCIA: Castellon
[2026-06-03 14:41:22] WARNING: SIN COINCIDENCIA: Celta de Vigo
[2026-06-03 14:41:22] WARNING: SIN COINCIDENCIA: Celtic
[2026-06-03 14:41:22] WARNING: SIN COINCIDENCIA: Celtic Glasgow
[2026-06-03 14:41:22] WARNING: SIN COINCIDENCIA: Cercle Brugge
[2026-06-03 14:41:22] WARNING: SIN COINCIDENCIA: Charleroi
[2026-06-03 14:41:22] WARNING: SIN COINCIDENCIA: Charlotte FC
[2026-06-03 14:41:22] DEBUG:   [L1-exacto] 'charlton athletic' == 'charlton athletic'
[2026-06-03 14:41:22] INFO: MATCH: Charlton Athletic                             [Championship] → https://crests.football-data.org/348.png
[2026-06-03 14:41:22] WARNING: SIN COINCIDENCIA: Chaves
[2026-06-03 14:41:22] DEBUG:   [L1-exacto] 'chelsea' == 'chelsea'
[2026-06-03 14:41:22] INFO: MATCH: Chelsea                                       [Premier League] → https://crests.football-data.org/61.png
[2026-06-03 14:41:22] WARNING: SIN COINCIDENCIA: Chicago Fire
[2026-06-03 14:41:22] WARNING: SIN COINCIDENCIA: Cincinatti FC
[2026-06-03 14:41:22] WARNING: SIN COINCIDENCIA: Club Africain
[2026-06-03 14:41:22] WARNING: SIN COINCIDENCIA: Club América
[2026-06-03 14:41:22] WARNING: SIN COINCIDENCIA: Club Deportivo Marathón
[2026-06-03 14:41:22] WARNING: SIN COINCIDENCIA: Club León
[2026-06-03 14:41:22] WARNING: SIN COINCIDENCIA: Cobresal
[2026-06-03 14:41:22] WARNING: SIN COINCIDENCIA: Colorado Springs
[2026-06-03 14:41:22] WARNING: SIN COINCIDENCIA: Columbus Crew
[2026-06-03 14:41:22] DEBUG:   [L2-subset] 'como' ⊆ 'como 1907'
[2026-06-03 14:41:22] INFO: MATCH: Como                                          [Serie A] → https://crests.football-data.org/7397.png
[2026-06-03 14:41:22] WARNING: SIN COINCIDENCIA: Copenhagen
[2026-06-03 14:41:22] WARNING: SIN COINCIDENCIA: Copenhague
[2026-06-03 14:41:22] DEBUG:   [L1-exacto] 'corinthians' == 'corinthians paulista'
[2026-06-03 14:41:22] INFO: MATCH: Corinthians                                   [Campeonato Brasileiro Série A] → https://crests.football-data.org/1779.png
[2026-06-03 14:41:22] DEBUG:   [L1-exacto] 'coventry city' == 'coventry city'
[2026-06-03 14:41:22] INFO: MATCH: Coventry City                                 [Championship] → https://crests.football-data.org/1076.png
[2026-06-03 14:41:22] DEBUG:   [L1-exacto] 'cremonese' == 'us cremonese'
[2026-06-03 14:41:22] INFO: MATCH: Cremonese                                     [Serie A] → https://crests.football-data.org/457.png
[2026-06-03 14:41:22] WARNING: SIN COINCIDENCIA: Cruz Azul
[2026-06-03 14:41:22] DEBUG:   [L1-exacto] 'crystal palace' == 'crystal palace'
[2026-06-03 14:41:22] INFO: MATCH: Crystal Palace                                [Premier League] → https://crests.football-data.org/354.png
[2026-06-03 14:41:22] WARNING: SIN COINCIDENCIA: Daejeon
[2026-06-03 14:41:22] WARNING: SIN COINCIDENCIA: Deportivo La Guaira
[2026-06-03 14:41:22] WARNING: SIN COINCIDENCIA: Deportivo Saprissa
[2026-06-03 14:41:22] DEBUG:   [L1-exacto] 'derby county' == 'derby county'
[2026-06-03 14:41:22] INFO: MATCH: Derby County                                  [Championship] → https://crests.football-data.org/342.png
[2026-06-03 14:41:22] WARNING: SIN COINCIDENCIA: Desconocido
[2026-06-03 14:41:22] WARNING: SIN COINCIDENCIA: Dinamo Zagreb
[2026-06-03 14:41:22] WARNING: SIN COINCIDENCIA: Dynamo Makhachkala
[2026-06-03 14:41:22] WARNING: SIN COINCIDENCIA: ES Tunis
[2026-06-03 14:41:22] DEBUG:   [L1-exacto] 'eintracht frankfurt' == 'eintracht frankfurt'
[2026-06-03 14:41:22] INFO: MATCH: Eintracht Frankfurt                           [UEFA Champions League] → https://crests.football-data.org/19.png
[2026-06-03 14:41:22] WARNING: SIN COINCIDENCIA: El Gouna
[2026-06-03 14:41:22] WARNING: SIN COINCIDENCIA: El Paso Locomotive FC
[2026-06-03 14:41:22] WARNING: SIN COINCIDENCIA: Elche
[2026-06-03 14:41:22] WARNING: SIN COINCIDENCIA: Espanyol
[2026-06-03 14:41:22] WARNING: SIN COINCIDENCIA: Espérance de Tunis
[2026-06-03 14:41:22] WARNING: SIN COINCIDENCIA: Esteghlal FC
[2026-06-03 14:41:22] DEBUG:   [L3-fuzzy] 'estrasburgo' ~ 'strasbourg'  ratio=0.86
[2026-06-03 14:41:22] INFO: MATCH: Estrasburgo                                   [Ligue 1] → https://crests.football-data.org/576.png
[2026-06-03 14:41:22] DEBUG:   [L2-subset] 'estrela da amadora' ⊆ 'cf estrela da amadora'
[2026-06-03 14:41:22] INFO: MATCH: Estrela da Amadora                            [Primeira Liga] → https://crests.football-data.org/9136.png
[2026-06-03 14:41:22] WARNING: SIN COINCIDENCIA: Estrella Roja
[2026-06-03 14:41:22] WARNING: SIN COINCIDENCIA: Estrella Roja de Belgrado
[2026-06-03 14:41:22] WARNING: SIN COINCIDENCIA: Estudiantes de La Plata
[2026-06-03 14:41:22] DEBUG:   [L1-exacto] 'everton' == 'everton'
[2026-06-03 14:41:22] INFO: MATCH: Everton                                       [Premier League] → https://crests.football-data.org/62.png
[2026-06-03 14:41:22] WARNING: SIN COINCIDENCIA: F. C. Tokyo
[2026-06-03 14:41:22] DEBUG:   [L1-exacto] 'augsburg' == 'augsburg'
[2026-06-03 14:41:22] INFO: MATCH: FC Augsburg                                   [Bundesliga] → https://crests.football-data.org/16.png
[2026-06-03 14:41:22] DEBUG:   [L1-exacto] 'barcelona' == 'barcelona'
[2026-06-03 14:41:22] INFO: MATCH: FC Barcelona                                  [UEFA Champions League] → https://crests.football-data.org/81.png
[2026-06-03 14:41:22] WARNING: SIN COINCIDENCIA: FC Barcelona Atlètic
[2026-06-03 14:41:22] WARNING: SIN COINCIDENCIA: FC Cincinnati
[2026-06-03 14:41:22] WARNING: SIN COINCIDENCIA: FC Cosmos Koblenz
[2026-06-03 14:41:22] WARNING: SIN COINCIDENCIA: FC Dallas
[2026-06-03 14:41:22] WARNING: SIN COINCIDENCIA: FC Den Bosch
[2026-06-03 14:41:22] WARNING: SIN COINCIDENCIA: FC Lugano
[2026-06-03 14:41:22] DEBUG:   [L1-exacto] 'nantes' == 'nantes'
[2026-06-03 14:41:22] INFO: MATCH: FC Nantes                                     [Ligue 1] → https://crests.football-data.org/543.png
[2026-06-03 14:41:22] WARNING: SIN COINCIDENCIA: FC Pari Nizhniy Novgorod
[2026-06-03 14:41:22] WARNING: SIN COINCIDENCIA: FC Sochaux
[2026-06-03 14:41:22] DEBUG:   [L1-exacto] 'st. pauli' == 'st. pauli 1910'
[2026-06-03 14:41:22] INFO: MATCH: FC St. Pauli                                  [Bundesliga] → https://crests.football-data.org/20.png
[2026-06-03 14:41:22] WARNING: SIN COINCIDENCIA: FC Tatran Prešov
[2026-06-03 14:41:22] WARNING: SIN COINCIDENCIA: FC Tokio
[2026-06-03 14:41:22] DEBUG:   [L1-exacto] 'twente' == 'twente '65'
[2026-06-03 14:41:22] INFO: MATCH: FC Twente                                     [Eredivisie] → https://crests.football-data.org/666.png
[2026-06-03 14:41:22] WARNING: SIN COINCIDENCIA: FC Vizela
[2026-06-03 14:41:22] DEBUG:   [L1-exacto] 'volendam' == 'volendam'
[2026-06-03 14:41:22] INFO: MATCH: FC Volendam                                   [Eredivisie] → https://crests.football-data.org/1919.png
[2026-06-03 14:41:22] WARNING: SIN COINCIDENCIA: FC Zürich
[2026-06-03 14:41:22] WARNING: SIN COINCIDENCIA: Farense
[2026-06-03 14:41:22] WARNING: SIN COINCIDENCIA: Fenerbahce
[2026-06-03 14:41:22] WARNING: SIN COINCIDENCIA: Fenerbahçe
[2026-06-03 14:41:22] WARNING: SIN COINCIDENCIA: Fenerbahçe SK/Betis
[2026-06-03 14:41:22] WARNING: SIN COINCIDENCIA: Ferencváros TC
[2026-06-03 14:41:22] DEBUG:   [L1-exacto] 'feyenoord' == 'feyenoord rotterdam'
[2026-06-03 14:41:22] INFO: MATCH: Feyenoord                                     [Eredivisie] → https://crests.football-data.org/675.png
[2026-06-03 14:41:22] DEBUG:   [L1-exacto] 'fiorentina' == 'acf fiorentina'
[2026-06-03 14:41:22] INFO: MATCH: Fiorentina                                    [Serie A] → https://crests.football-data.org/99.png
[2026-06-03 14:41:22] DEBUG:   [L1-exacto] 'flamengo' == 'cr flamengo'
[2026-06-03 14:41:22] INFO: MATCH: Flamengo                                      [Campeonato Brasileiro Série A] → https://crests.football-data.org/1783.png
[2026-06-03 14:41:22] DEBUG:   [L1-exacto] 'fluminense' == 'fluminense'
[2026-06-03 14:41:22] INFO: MATCH: Fluminense                                    [Campeonato Brasileiro Série A] → https://crests.football-data.org/1765.png
[2026-06-03 14:41:22] WARNING: SIN COINCIDENCIA: Fortuna Dusseldorf
[2026-06-03 14:41:22] DEBUG:   [L3-fuzzy] 'friburgo' ~ 'freiburg'  ratio=0.88
[2026-06-03 14:41:22] INFO: MATCH: Friburgo                                      [Bundesliga] → https://crests.football-data.org/17.png
[2026-06-03 14:41:22] WARNING: SIN COINCIDENCIA: Frosinone
[2026-06-03 14:41:22] DEBUG:   [L1-exacto] 'fulham' == 'fulham'
[2026-06-03 14:41:22] INFO: MATCH: Fulham                                        [Premier League] → https://crests.football-data.org/63.png
[2026-06-03 14:41:22] DEBUG:   [L1-exacto] 'galatasaray' == 'galatasaray'
[2026-06-03 14:41:22] INFO: MATCH: Galatasaray                                   [UEFA Champions League] → https://crests.football-data.org/610.png
[2026-06-03 14:41:22] WARNING: SIN COINCIDENCIA: Gangwon
[2026-06-03 14:41:22] WARNING: SIN COINCIDENCIA: Gaziantep
[2026-06-03 14:41:22] WARNING: SIN COINCIDENCIA: Genk
[2026-06-03 14:41:22] DEBUG:   [L1-exacto] 'genoa' == 'genoa'
[2026-06-03 14:41:22] INFO: MATCH: Genoa                                         [Serie A] → https://crests.football-data.org/107.png
[2026-06-03 14:41:22] WARNING: SIN COINCIDENCIA: Gençlerbirliği
[2026-06-03 14:41:22] DEBUG:   [L1-exacto] 'gil vicente' == 'gil vicente'
[2026-06-03 14:41:22] INFO: MATCH: Gil Vicente                                   [Primeira Liga] → https://crests.football-data.org/5533.png
[2026-06-03 14:41:22] WARNING: SIN COINCIDENCIA: Girona
[2026-06-03 14:41:22] WARNING: SIN COINCIDENCIA: Granada
[2026-06-03 14:41:22] DEBUG:   [L1-exacto] 'gremio' == 'gremio fbpa'
[2026-06-03 14:41:22] INFO: MATCH: Gremio                                        [Campeonato Brasileiro Série A] → https://crests.football-data.org/1767.png
[2026-06-03 14:41:22] WARNING: SIN COINCIDENCIA: Gyor
[2026-06-03 14:41:22] WARNING: SIN COINCIDENCIA: HNK Rijeka
[2026-06-03 14:41:22] WARNING: SIN COINCIDENCIA: Hajduk Split
[2026-06-03 14:41:22] DEBUG:   [L1-exacto] 'hamburger sv' == 'hamburger sv'
[2026-06-03 14:41:22] INFO: MATCH: Hamburger SV                                  [Bundesliga] → https://crests.football-data.org/7.png
[2026-06-03 14:41:22] WARNING: SIN COINCIDENCIA: Hamburgo
[2026-06-03 14:41:22] WARNING: SIN COINCIDENCIA: Hannover 96
[2026-06-03 14:41:22] WARNING: SIN COINCIDENCIA: Hapoel Ironi Kiryat Shmona
[2026-06-03 14:41:22] WARNING: SIN COINCIDENCIA: Heart of Midlothian
[2026-06-03 14:41:22] DEBUG:   [L1-exacto] 'hellas verona' == 'hellas verona'
[2026-06-03 14:41:22] INFO: MATCH: Hellas Verona                                 [Serie A] → https://crests.football-data.org/450.png
[2026-06-03 14:41:22] WARNING: SIN COINCIDENCIA: Hibernian
[2026-06-03 14:41:22] DEBUG:   [L1-exacto] 'hoffenheim' == 'tsg 1899 hoffenheim'
[2026-06-03 14:41:22] INFO: MATCH: Hoffenheim                                    [Bundesliga] → https://crests.football-data.org/2.png
[2026-06-03 14:41:22] WARNING: SIN COINCIDENCIA: Holstein Kiel
[2026-06-03 14:41:22] WARNING: SIN COINCIDENCIA: Hradec Kralove
[2026-06-03 14:41:22] DEBUG:   [L1-exacto] 'hull city' == 'hull city'
[2026-06-03 14:41:22] INFO: MATCH: Hull City                                     [Championship] → https://crests.football-data.org/322.png
[2026-06-03 14:41:22] WARNING: SIN COINCIDENCIA: IFK Norrköping
[2026-06-03 14:41:22] WARNING: SIN COINCIDENCIA: Igdir FK
[2026-06-03 14:41:22] WARNING: SIN COINCIDENCIA: Igdır FK
[2026-06-03 14:41:22] WARNING: SIN COINCIDENCIA: Independiente
[2026-06-03 14:41:22] DEBUG:   [L1-exacto] 'inter' == 'internazionale milano'
[2026-06-03 14:41:22] INFO: MATCH: Inter                                         [UEFA Champions League] → https://crests.football-data.org/108.png
[2026-06-03 14:41:22] WARNING: SIN COINCIDENCIA: Inter Miami
[2026-06-03 14:41:22] WARNING: SIN COINCIDENCIA: Inter Milan
[2026-06-03 14:41:22] WARNING: SIN COINCIDENCIA: Inter de Milan
[2026-06-03 14:41:22] WARNING: SIN COINCIDENCIA: Inter de Milán
[2026-06-03 14:41:22] WARNING: SIN COINCIDENCIA: Internacional de Porto Alegre
[2026-06-03 14:41:22] DEBUG:   [L1-exacto] 'ipswich town' == 'ipswich town'
[2026-06-03 14:41:22] INFO: MATCH: Ipswich Town                                  [Championship] → https://crests.football-data.org/349.png
[2026-06-03 14:41:22] WARNING: SIN COINCIDENCIA: JS Kabylie
[2026-06-03 14:41:22] WARNING: SIN COINCIDENCIA: Jagiellonia Bialystok
[2026-06-03 14:41:22] WARNING: SIN COINCIDENCIA: Jeonbuk
[2026-06-03 14:41:22] DEBUG:   [L1-exacto] 'juventus' == 'juventus'
[2026-06-03 14:41:22] INFO: MATCH: Juventus                                      [UEFA Champions League] → https://crests.football-data.org/109.png
[2026-06-03 14:41:22] WARNING: SIN COINCIDENCIA: Juárez FC
[2026-06-03 14:41:22] WARNING: SIN COINCIDENCIA: KAA Gent
[2026-06-03 14:41:22] WARNING: SIN COINCIDENCIA: KRC Genk
[2026-06-03 14:41:22] WARNING: SIN COINCIDENCIA: Kaizer Chiefs
[2026-06-03 14:41:22] WARNING: SIN COINCIDENCIA: Karlsruher
[2026-06-03 14:41:22] WARNING: SIN COINCIDENCIA: Kashima Antlers
[2026-06-03 14:41:22] WARNING: SIN COINCIDENCIA: Kashima Antrlers
[2026-06-03 14:41:22] WARNING: SIN COINCIDENCIA: Kasımpaşa
[2026-06-03 14:41:22] WARNING: SIN COINCIDENCIA: Kayserispor
[2026-06-03 14:41:22] WARNING: SIN COINCIDENCIA: Kifisia
[2026-06-03 14:41:22] WARNING: SIN COINCIDENCIA: Kilmarnock
[2026-06-03 14:41:22] WARNING: SIN COINCIDENCIA: Konyaspor
[2026-06-03 14:41:22] WARNING: SIN COINCIDENCIA: Krasnodar
[2026-06-03 14:41:22] WARNING: SIN COINCIDENCIA: LAFC
[2026-06-03 14:41:22] WARNING: SIN COINCIDENCIA: LASK
[2026-06-03 14:41:22] WARNING: SIN COINCIDENCIA: LDU Quito
[2026-06-03 14:41:22] WARNING: SIN COINCIDENCIA: Larisa
[2026-06-03 14:41:22] DEBUG:   [L1-exacto] 'havre' == 'havre ac'
[2026-06-03 14:41:22] INFO: MATCH: Le Havre                                      [Ligue 1] → https://crests.football-data.org/533.png
[2026-06-03 14:41:22] WARNING: SIN COINCIDENCIA: Lechia Gdansk
[2026-06-03 14:41:22] DEBUG:   [L2-subset] 'leeds' ⊆ 'leeds united'
[2026-06-03 14:41:22] INFO: MATCH: Leeds                                         [Premier League] → https://crests.football-data.org/341.png
[2026-06-03 14:41:22] DEBUG:   [L1-exacto] 'leeds united' == 'leeds united'
[2026-06-03 14:41:22] INFO: MATCH: Leeds United                                  [Premier League] → https://crests.football-data.org/341.png
[2026-06-03 14:41:22] DEBUG:   [L2-subset] 'leipzig' ⊆ 'rb leipzig'
[2026-06-03 14:41:22] INFO: MATCH: Leipzig                                       [Bundesliga] → https://crests.football-data.org/721.png
[2026-06-03 14:41:22] DEBUG:   [L2-subset] 'lens' ⊆ 'racing club lens'
[2026-06-03 14:41:22] INFO: MATCH: Lens                                          [Ligue 1] → https://crests.football-data.org/546.png
[2026-06-03 14:41:22] DEBUG:   [L1-exacto] 'lille' == 'lille osc'
[2026-06-03 14:41:22] INFO: MATCH: Lille                                         [Ligue 1] → https://crests.football-data.org/521.png
[2026-06-03 14:41:22] DEBUG:   [L1-exacto] 'liverpool' == 'liverpool'
[2026-06-03 14:41:22] INFO: MATCH: Liverpool                                     [Premier League] → https://crests.football-data.org/64.png
[2026-06-03 14:41:22] DEBUG:   [L1-exacto] 'lorient' == 'lorient'
[2026-06-03 14:41:22] INFO: MATCH: Lorient                                       [Ligue 1] → https://crests.football-data.org/525.png
[2026-06-03 14:41:22] WARNING: SIN COINCIDENCIA: Ludogorets
[2026-06-03 14:41:22] WARNING: SIN COINCIDENCIA: Maccabi Haifa
[2026-06-03 14:41:22] WARNING: SIN COINCIDENCIA: Maccabi Tel Aviv
[2026-06-03 14:41:22] DEBUG:   [L1-exacto] 'mainz' == '1. fsv mainz 05'
[2026-06-03 14:41:22] INFO: MATCH: Mainz                                         [Bundesliga] → https://crests.football-data.org/15.png
[2026-06-03 14:41:22] DEBUG:   [L2-subset] 'mainz 05' ⊆ '1. fsv mainz 05'
[2026-06-03 14:41:22] INFO: MATCH: Mainz 05                                      [Bundesliga] → https://crests.football-data.org/15.png
[2026-06-03 14:41:22] WARNING: SIN COINCIDENCIA: Mallorca
[2026-06-03 14:41:22] WARNING: SIN COINCIDENCIA: Malmo FF
[2026-06-03 14:41:22] WARNING: SIN COINCIDENCIA: Mamelodi Sundowns
[2026-06-03 14:41:22] DEBUG:   [L1-exacto] 'manchester city' == 'manchester city'
[2026-06-03 14:41:22] INFO: MATCH: Manchester City                               [Premier League] → https://crests.football-data.org/65.png
[2026-06-03 14:41:22] DEBUG:   [L3-fuzzy] 'manchester united' ~ 'manchester city'  ratio=0.81
[2026-06-03 14:41:22] INFO: MATCH: Manchester United                             [Premier League] → https://crests.football-data.org/65.png
[2026-06-03 14:41:22] WARNING: SIN COINCIDENCIA: Maribor
[2026-06-03 14:41:22] DEBUG:   [L1-exacto] 'marseille' == 'olympique marseille'
[2026-06-03 14:41:22] INFO: MATCH: Marseille                                     [UEFA Champions League] → https://crests.football-data.org/516.png
[2026-06-03 14:41:22] DEBUG:   [L3-fuzzy] 'marsella' ~ 'marseille'  ratio=0.82
[2026-06-03 14:41:22] INFO: MATCH: Marsella                                      [UEFA Champions League] → https://crests.football-data.org/516.png
[2026-06-03 14:41:23] WARNING: SIN COINCIDENCIA: Mazatlán FC
[2026-06-03 14:41:23] WARNING: SIN COINCIDENCIA: Mechelen
[2026-06-03 14:41:23] WARNING: SIN COINCIDENCIA: Miami FC
[2026-06-03 14:41:23] DEBUG:   [L1-exacto] 'middlesbrough' == 'middlesbrough'
[2026-06-03 14:41:23] INFO: MATCH: Middlesbrough                                 [Championship] → https://crests.football-data.org/343.png
[2026-06-03 14:41:23] WARNING: SIN COINCIDENCIA: Midtjylland
[2026-06-03 14:41:23] DEBUG:   [L1-exacto] 'milan' == 'ac milan'
[2026-06-03 14:41:23] INFO: MATCH: Milan                                         [Serie A] → https://crests.football-data.org/98.png
[2026-06-03 14:41:23] DEBUG:   [L1-exacto] 'millwall' == 'millwall'
[2026-06-03 14:41:23] INFO: MATCH: Millwall                                      [Championship] → https://crests.football-data.org/384.png
[2026-06-03 14:41:23] WARNING: SIN COINCIDENCIA: Minnesota United
[2026-06-03 14:41:23] WARNING: SIN COINCIDENCIA: Minnesota United FC
[2026-06-03 14:41:23] WARNING: SIN COINCIDENCIA: Mjällby AIF
[2026-06-03 14:41:23] WARNING: SIN COINCIDENCIA: Mlada Boleslav
[2026-06-03 14:41:23] WARNING: SIN COINCIDENCIA: Molde
[2026-06-03 14:41:23] DEBUG:   [L1-exacto] 'monaco' == 'monaco'
[2026-06-03 14:41:23] INFO: MATCH: Monaco                                        [UEFA Champions League] → https://crests.football-data.org/548.png
[2026-06-03 14:41:23] WARNING: SIN COINCIDENCIA: Monagas
[2026-06-03 14:41:23] WARNING: SIN COINCIDENCIA: Montana 1921
[2026-06-03 14:41:23] WARNING: SIN COINCIDENCIA: Monterrey
[2026-06-03 14:41:23] WARNING: SIN COINCIDENCIA: Montpellier
[2026-06-03 14:41:23] WARNING: SIN COINCIDENCIA: Motherwell F.C.
[2026-06-03 14:41:23] DEBUG:   [L1-exacto] 'monaco' == 'monaco'
[2026-06-03 14:41:23] INFO: MATCH: Mónaco                                        [UEFA Champions League] → https://crests.football-data.org/548.png
[2026-06-03 14:41:23] WARNING: SIN COINCIDENCIA: N.E.C.
[2026-06-03 14:41:23] WARNING: SIN COINCIDENCIA: NEC Nijmegen
[2026-06-03 14:41:23] WARNING: SIN COINCIDENCIA: NK Maribor
[2026-06-03 14:41:23] WARNING: SIN COINCIDENCIA: NK Slaven Belupo
[2026-06-03 14:41:23] DEBUG:   [L2-subset] 'nacional' ⊆ 'cd nacional'
[2026-06-03 14:41:23] INFO: MATCH: Nacional                                      [Primeira Liga] → https://crests.football-data.org/5529.png
[2026-06-03 14:41:23] DEBUG:   [L1-exacto] 'napoli' == 'ssc napoli'
[2026-06-03 14:41:23] INFO: MATCH: Napoli                                        [UEFA Champions League] → https://crests.football-data.org/113.png
[2026-06-03 14:41:23] WARNING: SIN COINCIDENCIA: New England Revolution
[2026-06-03 14:41:23] WARNING: SIN COINCIDENCIA: New York City FC
[2026-06-03 14:41:23] DEBUG:   [L1-exacto] 'newcastle' == 'newcastle united'
[2026-06-03 14:41:23] INFO: MATCH: Newcastle                                     [Premier League] → https://crests.football-data.org/67.png
[2026-06-03 14:41:23] WARNING: SIN COINCIDENCIA: Newcastle Jets FC
[2026-06-03 14:41:23] DEBUG:   [L1-exacto] 'newcastle united' == 'newcastle united'
[2026-06-03 14:41:23] INFO: MATCH: Newcastle United                              [Premier League] → https://crests.football-data.org/67.png
[2026-06-03 14:41:23] DEBUG:   [L1-exacto] 'nice' == 'ogc nice'
[2026-06-03 14:41:23] INFO: MATCH: Nice                                          [Ligue 1] → https://crests.football-data.org/522.png
[2026-06-03 14:41:23] WARNING: SIN COINCIDENCIA: Niza
[2026-06-03 14:41:23] WARNING: SIN COINCIDENCIA: Noah
[2026-06-03 14:41:23] DEBUG:   [L1-exacto] 'norwich city' == 'norwich city'
[2026-06-03 14:41:23] INFO: MATCH: Norwich City                                  [Championship] → https://crests.football-data.org/68.png
[2026-06-03 14:41:23] DEBUG:   [L1-exacto] 'nottingham forest' == 'nottingham forest'
[2026-06-03 14:41:23] INFO: MATCH: Nottingham Forest                             [Premier League] → https://crests.football-data.org/351.png
[2026-06-03 14:41:23] DEBUG:   [L1-exacto] 'nottingham forest' == 'nottingham forest'
[2026-06-03 14:41:23] INFO: MATCH: Nottingham Forest F.C.                        [Premier League] → https://crests.football-data.org/351.png
[2026-06-03 14:41:23] DEBUG:   [L1-exacto] 'ogc nice' == 'ogc nice'
[2026-06-03 14:41:23] INFO: MATCH: OGC Nice                                      [Ligue 1] → https://crests.football-data.org/522.png
[2026-06-03 14:41:23] DEBUG:   [L3-fuzzy] 'olympiacos' ~ 'olympiakos'  ratio=0.90
[2026-06-03 14:41:23] INFO: MATCH: Olympiacos FC                                 [UEFA Champions League] → https://crests.football-data.org/654.png
[2026-06-03 14:41:23] DEBUG:   [L1-exacto] 'olympique lyon' == 'olympique lyonnais'
[2026-06-03 14:41:23] INFO: MATCH: Olympique de Lyon                             [Ligue 1] → https://crests.football-data.org/523.png
[2026-06-03 14:41:23] DEBUG:   [L1-exacto] 'olympique marseille' == 'olympique marseille'
[2026-06-03 14:41:23] INFO: MATCH: Olympique de Marseille                        [UEFA Champions League] → https://crests.football-data.org/516.png
[2026-06-03 14:41:23] DEBUG:   [L3-fuzzy] 'olympique marsella' ~ 'olympique marseille'  ratio=0.92
[2026-06-03 14:41:23] INFO: MATCH: Olympique de Marsella                         [UEFA Champions League] → https://crests.football-data.org/516.png
[2026-06-03 14:41:23] WARNING: SIN COINCIDENCIA: Omonia Nicosia
[2026-06-03 14:41:23] WARNING: SIN COINCIDENCIA: Orlando City
[2026-06-03 14:41:23] WARNING: SIN COINCIDENCIA: Orlando City SC
[2026-06-03 14:41:23] WARNING: SIN COINCIDENCIA: Orlando Pirates
[2026-06-03 14:41:23] WARNING: SIN COINCIDENCIA: Osasuna
[2026-06-03 14:41:23] WARNING: SIN COINCIDENCIA: Oțelul Galați
[2026-06-03 14:41:23] DEBUG:   [L1-exacto] 'pec zwolle' == 'pec zwolle'
[2026-06-03 14:41:23] INFO: MATCH: PEC Zwolle                                    [Eredivisie] → https://crests.football-data.org/684.png
[2026-06-03 14:41:23] WARNING: SIN COINCIDENCIA: PFC Turan Tovuz
[2026-06-03 14:41:23] DEBUG:   [L1-exacto] 'psg' == 'paris saint-germain'
[2026-06-03 14:41:23] INFO: MATCH: PSG                                           [UEFA Champions League] → https://crests.football-data.org/524.png
[2026-06-03 14:41:23] DEBUG:   [L1-exacto] 'psv' == 'psv'
[2026-06-03 14:41:23] INFO: MATCH: PSV                                           [UEFA Champions League] → https://crests.football-data.org/674.png
[2026-06-03 14:41:23] WARNING: SIN COINCIDENCIA: PSV Eindhoven
[2026-06-03 14:41:23] WARNING: SIN COINCIDENCIA: Pafos
[2026-06-03 14:41:23] DEBUG:   [L1-exacto] 'palmeiras' == 'se palmeiras'
[2026-06-03 14:41:23] INFO: MATCH: Palmeiras                                     [Campeonato Brasileiro Série A] → https://crests.football-data.org/1769.png
[2026-06-03 14:41:23] WARNING: SIN COINCIDENCIA: Panathinaikos
[2026-06-03 14:41:23] DEBUG:   [L1-exacto] 'paranaense' == 'ca paranaense'
[2026-06-03 14:41:23] INFO: MATCH: Paranaense                                    [Campeonato Brasileiro Série A] → https://crests.football-data.org/1768.png
[2026-06-03 14:41:23] DEBUG:   [L2-subset] 'paris' ⊆ 'paris saint-germain'
[2026-06-03 14:41:23] INFO: MATCH: Paris                                         [UEFA Champions League] → https://crests.football-data.org/524.png
[2026-06-03 14:41:23] DEBUG:   [L1-exacto] 'paris saint-germain' == 'paris saint-germain'
[2026-06-03 14:41:23] INFO: MATCH: Paris Saint-Germain                           [UEFA Champions League] → https://crests.football-data.org/524.png
[2026-06-03 14:41:23] DEBUG:   [L1-exacto] 'parma' == 'parma calcio 1913'
[2026-06-03 14:41:23] INFO: MATCH: Parma                                         [Serie A] → https://crests.football-data.org/112.png
[2026-06-03 14:41:23] WARNING: SIN COINCIDENCIA: Peterborough
[2026-06-03 14:41:23] WARNING: SIN COINCIDENCIA: Philadelphia Union
[2026-06-03 14:41:23] DEBUG:   [L2-subset] 'pisa' ⊆ 'ac pisa 1909'
[2026-06-03 14:41:23] INFO: MATCH: Pisa                                          [Serie A] → https://crests.football-data.org/487.png
[2026-06-03 14:41:23] WARNING: SIN COINCIDENCIA: Plaza Amador
[2026-06-03 14:41:23] WARNING: SIN COINCIDENCIA: Polokwane City
[2026-06-03 14:41:23] WARNING: SIN COINCIDENCIA: Port Vale
[2026-06-03 14:41:23] WARNING: SIN COINCIDENCIA: Portland Timbers
[2026-06-03 14:41:23] DEBUG:   [L1-exacto] 'porto' == 'porto'
[2026-06-03 14:41:23] INFO: MATCH: Porto                                         [Primeira Liga] → https://crests.football-data.org/503.png
[2026-06-03 14:41:23] WARNING: SIN COINCIDENCIA: Pumas
[2026-06-03 14:41:23] WARNING: SIN COINCIDENCIA: Puskás Akadémia
[2026-06-03 14:41:23] WARNING: SIN COINCIDENCIA: Pyramids
[2026-06-03 14:41:23] WARNING: SIN COINCIDENCIA: Pyramids FC
[2026-06-03 14:41:23] DEBUG:   [L1-exacto] 'rb leipzig' == 'rb leipzig'
[2026-06-03 14:41:23] INFO: MATCH: RB Leipzig                                    [Bundesliga] → https://crests.football-data.org/721.png
[2026-06-03 14:41:23] DEBUG:   [L1-exacto] 'rc lens' == 'racing club lens'
[2026-06-03 14:41:23] INFO: MATCH: RC Lens                                       [Ligue 1] → https://crests.football-data.org/546.png
[2026-06-03 14:41:23] WARNING: SIN COINCIDENCIA: RKC
[2026-06-03 14:41:23] WARNING: SIN COINCIDENCIA: RKC Waalwijk
[2026-06-03 14:41:23] WARNING: SIN COINCIDENCIA: RS Berkane
[2026-06-03 14:41:23] WARNING: SIN COINCIDENCIA: Racign de Estrasburgo
[2026-06-03 14:41:23] WARNING: SIN COINCIDENCIA: Racing Genk
[2026-06-03 14:41:23] DEBUG:   [L2-subset] 'racing lens' ⊆ 'racing club lens'
[2026-06-03 14:41:23] INFO: MATCH: Racing Lens                                   [Ligue 1] → https://crests.football-data.org/546.png
[2026-06-03 14:41:23] WARNING: SIN COINCIDENCIA: Racing de Estrasburgo
[2026-06-03 14:41:23] WARNING: SIN COINCIDENCIA: Racing de Santander
[2026-06-03 14:41:23] WARNING: SIN COINCIDENCIA: Raja Casablanca
[2026-06-03 14:41:23] DEBUG:   [L2-subset] 'rangers' ⊆ 'queens park rangers'
[2026-06-03 14:41:23] INFO: MATCH: Rangers                                       [Championship] → https://crests.football-data.org/69.png
[2026-06-03 14:41:23] WARNING: SIN COINCIDENCIA: Rayo Vallecano
[2026-06-03 14:41:23] WARNING: SIN COINCIDENCIA: Real Betis
[2026-06-03 14:41:23] DEBUG:   [L1-exacto] 'real madrid' == 'real madrid cf'
[2026-06-03 14:41:23] INFO: MATCH: Real Madrid                                   [UEFA Champions League] → https://crests.football-data.org/86.png
[2026-06-03 14:41:23] WARNING: SIN COINCIDENCIA: Real Oviedo
[2026-06-03 14:41:23] WARNING: SIN COINCIDENCIA: Real Salt Lake
[2026-06-03 14:41:23] WARNING: SIN COINCIDENCIA: Real Sociedad
[2026-06-03 14:41:23] WARNING: SIN COINCIDENCIA: Red Bull Salzburgo
[2026-06-03 14:41:23] WARNING: SIN COINCIDENCIA: Red Star
[2026-06-03 14:41:23] WARNING: SIN COINCIDENCIA: Rennes
[2026-06-03 14:41:23] WARNING: SIN COINCIDENCIA: River Plate
[2026-06-03 14:41:23] WARNING: SIN COINCIDENCIA: Rizespor
[2026-06-03 14:41:23] DEBUG:   [L1-exacto] 'roma' == 'roma'
[2026-06-03 14:41:23] INFO: MATCH: Roma                                          [Serie A] → https://crests.football-data.org/100.png
[2026-06-03 14:41:23] WARNING: SIN COINCIDENCIA: Rosario Central
[2026-06-03 14:41:23] WARNING: SIN COINCIDENCIA: Rotherham
[2026-06-03 14:41:23] DEBUG:   [L1-exacto] 'royale union saint-gilloise' == 'royale union saint-gilloise'
[2026-06-03 14:41:23] INFO: MATCH: Royale Union Saint-Gilloise                   [UEFA Champions League] → https://crests.football-data.org/3929.png
[2026-06-03 14:41:23] DEBUG:   [L1-exacto] 'napoli' == 'ssc napoli'
[2026-06-03 14:41:23] INFO: MATCH: S.S.C. Napoli                                 [UEFA Champions League] → https://crests.football-data.org/113.png
[2026-06-03 14:41:23] WARNING: SIN COINCIDENCIA: SC Bastia
[2026-06-03 14:41:23] WARNING: SIN COINCIDENCIA: SJK Seinajoki
[2026-06-03 14:41:23] WARNING: SIN COINCIDENCIA: SK Beveren
[2026-06-03 14:41:23] WARNING: SIN COINCIDENCIA: SV Zulte Waregem
[2026-06-03 14:41:23] WARNING: SIN COINCIDENCIA: Salzburgo
[2026-06-03 14:41:23] WARNING: SIN COINCIDENCIA: Sampdoria
[2026-06-03 14:41:23] WARNING: SIN COINCIDENCIA: Samsunspor
[2026-06-03 14:41:23] WARNING: SIN COINCIDENCIA: San Diego FC
[2026-06-03 14:41:23] WARNING: SIN COINCIDENCIA: Sanfrecce Hiroshima
[2026-06-03 14:41:23] DEBUG:   [L1-exacto] 'santos' == 'santos'
[2026-06-03 14:41:23] INFO: MATCH: Santos                                        [Campeonato Brasileiro Série A] → https://crests.football-data.org/6685.png
[2026-06-03 14:41:23] DEBUG:   [L1-exacto] 'sassuolo' == 'us sassuolo calcio'
[2026-06-03 14:41:23] INFO: MATCH: Sassuolo                                      [Serie A] → https://crests.football-data.org/471.png
[2026-06-03 14:41:23] WARNING: SIN COINCIDENCIA: Schalke 04
[2026-06-03 14:41:23] WARNING: SIN COINCIDENCIA: Seattle Sounders
[2026-06-03 14:41:23] WARNING: SIN COINCIDENCIA: Servette
[2026-06-03 14:41:23] WARNING: SIN COINCIDENCIA: Sevilla
[2026-06-03 14:41:23] WARNING: SIN COINCIDENCIA: Shamrock Rovers
[2026-06-03 14:41:23] DEBUG:   [L3-fuzzy] 'sheffield united' ~ 'sheffield wed'  ratio=0.83
[2026-06-03 14:41:23] INFO: MATCH: Sheffield United                              [Championship] → https://crests.football-data.org/345.png
[2026-06-03 14:41:23] DEBUG:   [L3-fuzzy] 'sheffield united' ~ 'sheffield wed'  ratio=0.83
[2026-06-03 14:41:23] INFO: MATCH: Sheffield United F.C.                         [Championship] → https://crests.football-data.org/345.png
[2026-06-03 14:41:23] WARNING: SIN COINCIDENCIA: Silkeborg IF
[2026-06-03 14:41:23] WARNING: SIN COINCIDENCIA: Sint Truidense
[2026-06-03 14:41:23] WARNING: SIN COINCIDENCIA: Sint-Truidense
[2026-06-03 14:41:23] DEBUG:   [L3-fuzzy] 'slavia praga' ~ 'slavia praha'  ratio=0.92
[2026-06-03 14:41:23] INFO: MATCH: Slavia Praga                                  [UEFA Champions League] → https://crests.football-data.org/930.png
[2026-06-03 14:41:23] WARNING: SIN COINCIDENCIA: Slovan Bratislava
[2026-06-03 14:41:23] WARNING: SIN COINCIDENCIA: Slovan Liberec
[2026-06-03 14:41:23] WARNING: SIN COINCIDENCIA: Smouha SC
[2026-06-03 14:41:23] WARNING: SIN COINCIDENCIA: Sparta Praga
[2026-06-03 14:41:23] DEBUG:   [L1-exacto] 'sparta rotterdam' == 'sparta rotterdam'
[2026-06-03 14:41:23] INFO: MATCH: Sparta Rotterdam                              [Eredivisie] → https://crests.football-data.org/6806.png
[2026-06-03 14:41:23] WARNING: SIN COINCIDENCIA: Spartak Moscow
[2026-06-03 14:41:23] DEBUG:   [L2-subset] 'sporting' ⊆ 'sporting clube portugal'
[2026-06-03 14:41:23] INFO: MATCH: Sporting                                      [UEFA Champions League] → https://crests.football-data.org/498.png
[2026-06-03 14:41:23] DEBUG:   [L2-subset] 'sporting braga' ⊆ 'sporting clube braga'
[2026-06-03 14:41:23] INFO: MATCH: Sporting Braga                                [Primeira Liga] → https://crests.football-data.org/5613.png
[2026-06-03 14:41:23] DEBUG:   [L1-exacto] 'sporting cp' == 'sporting clube portugal'
[2026-06-03 14:41:23] INFO: MATCH: Sporting CP                                   [UEFA Champions League] → https://crests.football-data.org/498.png
[2026-06-03 14:41:23] WARNING: SIN COINCIDENCIA: Sporting Lisboa
[2026-06-03 14:41:23] DEBUG:   [L2-subset] 'sporting portugal' ⊆ 'sporting clube portugal'
[2026-06-03 14:41:23] INFO: MATCH: Sporting de Portugal                          [UEFA Champions League] → https://crests.football-data.org/498.png
[2026-06-03 14:41:23] DEBUG:   [L3-fuzzy] 'stade nyonnais' ~ 'stade rennais'  ratio=0.81
[2026-06-03 14:41:23] INFO: MATCH: Stade Nyonnais                                [Ligue 1] → https://crests.football-data.org/529.png
[2026-06-03 14:41:23] DEBUG:   [L1-exacto] 'stade rennais' == 'stade rennais 1901'
[2026-06-03 14:41:23] INFO: MATCH: Stade Rennais                                 [Ligue 1] → https://crests.football-data.org/529.png
[2026-06-03 14:41:23] DEBUG:   [L3-fuzzy] 'stade reims' ~ 'stade rennais'  ratio=0.83
[2026-06-03 14:41:23] INFO: MATCH: Stade de Reims                                [Ligue 1] → https://crests.football-data.org/529.png
[2026-06-03 14:41:23] WARNING: SIN COINCIDENCIA: Standard Liege
[2026-06-03 14:41:23] DEBUG:   [L1-exacto] 'stoke city' == 'stoke city'
[2026-06-03 14:41:23] INFO: MATCH: Stoke City                                    [Championship] → https://crests.football-data.org/70.png
[2026-06-03 14:41:23] DEBUG:   [L1-exacto] 'strasbourg' == 'rc strasbourg alsace'
[2026-06-03 14:41:23] INFO: MATCH: Strasbourg                                    [Ligue 1] → https://crests.football-data.org/576.png
[2026-06-03 14:41:23] DEBUG:   [L1-exacto] 'stuttgart' == 'vfb stuttgart'
[2026-06-03 14:41:23] INFO: MATCH: Stuttgart                                     [Bundesliga] → https://crests.football-data.org/10.png
[2026-06-03 14:41:23] DEBUG:   [L1-exacto] 'sunderland' == 'sunderland'
[2026-06-03 14:41:23] INFO: MATCH: Sunderland                                    [Premier League] → https://crests.football-data.org/71.png
[2026-06-03 14:41:23] DEBUG:   [L1-exacto] 'sunderland' == 'sunderland'
[2026-06-03 14:41:23] INFO: MATCH: Sunderland AFC                                [Premier League] → https://crests.football-data.org/71.png
[2026-06-03 14:41:23] DEBUG:   [L1-exacto] 'swansea' == 'swansea city'
[2026-06-03 14:41:23] INFO: MATCH: Swansea                                       [Championship] → https://crests.football-data.org/72.png
[2026-06-03 14:41:23] DEBUG:   [L1-exacto] 'swansea city' == 'swansea city'
[2026-06-03 14:41:23] INFO: MATCH: Swansea City A.F.C.                           [Championship] → https://crests.football-data.org/72.png
[2026-06-03 14:41:23] DEBUG:   [L2-subset] 'tsg hoffenheim' ⊆ 'tsg 1899 hoffenheim'
[2026-06-03 14:41:23] INFO: MATCH: TSG Hoffenheim                                [Bundesliga] → https://crests.football-data.org/2.png
[2026-06-03 14:41:23] DEBUG:   [L1-exacto] 'telstar' == 'telstar 1963'
[2026-06-03 14:41:23] INFO: MATCH: Telstar                                       [Eredivisie] → https://crests.football-data.org/1912.png
[2026-06-03 14:41:23] WARNING: SIN COINCIDENCIA: Terengganu FC
[2026-06-03 14:41:23] WARNING: SIN COINCIDENCIA: Tigres
[2026-06-03 14:41:23] WARNING: SIN COINCIDENCIA: Tigres UANL
[2026-06-03 14:41:23] DEBUG:   [L1-exacto] 'tondela' == 'cd tondela'
[2026-06-03 14:41:23] INFO: MATCH: Tondela                                       [Primeira Liga] → https://crests.football-data.org/1049.png
[2026-06-03 14:41:23] DEBUG:   [L1-exacto] 'torino' == 'torino'
[2026-06-03 14:41:23] INFO: MATCH: Torino                                        [Serie A] → https://crests.football-data.org/586.png
[2026-06-03 14:41:23] WARNING: SIN COINCIDENCIA: Toronto
[2026-06-03 14:41:23] WARNING: SIN COINCIDENCIA: Toronto FC
[2026-06-03 14:41:23] WARNING: SIN COINCIDENCIA: Torreense
[2026-06-03 14:41:23] DEBUG:   [L1-exacto] 'tottenham' == 'tottenham hotspur'
[2026-06-03 14:41:23] INFO: MATCH: Tottenham                                     [Premier League] → https://crests.football-data.org/73.png
[2026-06-03 14:41:23] DEBUG:   [L1-exacto] 'tottenham hotspur' == 'tottenham hotspur'
[2026-06-03 14:41:23] INFO: MATCH: Tottenham Hotspur                             [Premier League] → https://crests.football-data.org/73.png
[2026-06-03 14:41:23] DEBUG:   [L1-exacto] 'toulouse' == 'toulouse'
[2026-06-03 14:41:23] INFO: MATCH: Toulouse                                      [Ligue 1] → https://crests.football-data.org/511.png
[2026-06-03 14:41:23] WARNING: SIN COINCIDENCIA: Trabzonspor
[2026-06-03 14:41:23] DEBUG:   [L1-exacto] 'twente' == 'twente '65'
[2026-06-03 14:41:23] INFO: MATCH: Twente                                        [Eredivisie] → https://crests.football-data.org/666.png
[2026-06-03 14:41:23] WARNING: SIN COINCIDENCIA: U. Católica de Ecuador
[2026-06-03 14:41:23] WARNING: SIN COINCIDENCIA: US Monastir
[2026-06-03 14:41:23] DEBUG:   [L1-exacto] 'us sassuolo calcio' == 'us sassuolo calcio'
[2026-06-03 14:41:23] INFO: MATCH: US Sassuolo Calcio                            [Serie A] → https://crests.football-data.org/471.png
[2026-06-03 14:41:23] WARNING: SIN COINCIDENCIA: USM Alger
[2026-06-03 14:41:23] DEBUG:   [L1-exacto] 'udinese' == 'udinese calcio'
[2026-06-03 14:41:23] INFO: MATCH: Udinese                                       [Serie A] → https://crests.football-data.org/115.png
[2026-06-03 14:41:23] WARNING: SIN COINCIDENCIA: Ulsan
[2026-06-03 14:41:23] DEBUG:   [L1-exacto] 'union berlin' == '1. union berlin'
[2026-06-03 14:41:23] INFO: MATCH: Union Berlin                                  [Bundesliga] → https://crests.football-data.org/28.png
[2026-06-03 14:41:23] DEBUG:   [L2-subset] 'union saint-gilloise' ⊆ 'royale union saint-gilloise'
[2026-06-03 14:41:23] INFO: MATCH: Union Saint-Gilloise                          [UEFA Champions League] → https://crests.football-data.org/3929.png
[2026-06-03 14:41:23] WARNING: SIN COINCIDENCIA: Universidad de Concepción
[2026-06-03 14:41:23] WARNING: SIN COINCIDENCIA: Universitatea Cluj
[2026-06-03 14:41:23] WARNING: SIN COINCIDENCIA: VVV-Venlo
[2026-06-03 14:41:23] WARNING: SIN COINCIDENCIA: Valencia
[2026-06-03 14:41:23] WARNING: SIN COINCIDENCIA: Vancouver Whitecaps
[2026-06-03 14:41:23] DEBUG:   [L1-exacto] 'vasco da gama' == 'cr vasco da gama'
[2026-06-03 14:41:23] INFO: MATCH: Vasco da Gama                                 [Campeonato Brasileiro Série A] → https://crests.football-data.org/1780.png
[2026-06-03 14:41:23] WARNING: SIN COINCIDENCIA: Venezia FC
[2026-06-03 14:41:23] WARNING: SIN COINCIDENCIA: Viking
[2026-06-03 14:41:23] WARNING: SIN COINCIDENCIA: Viking FK
[2026-06-03 14:41:23] WARNING: SIN COINCIDENCIA: Viktoria Plzen
[2026-06-03 14:41:23] WARNING: SIN COINCIDENCIA: Viktoria Plzeň
[2026-06-03 14:41:23] DEBUG:   [L3-fuzzy] 'villareal' ~ 'villarreal'  ratio=0.95
[2026-06-03 14:41:23] INFO: MATCH: Villareal                                     [UEFA Champions League] → https://crests.football-data.org/94.png
[2026-06-03 14:41:23] DEBUG:   [L1-exacto] 'villarreal' == 'villarreal cf'
[2026-06-03 14:41:23] INFO: MATCH: Villarreal                                    [UEFA Champions League] → https://crests.football-data.org/94.png
[2026-06-03 14:41:24] WARNING: SIN COINCIDENCIA: Violette AC
[2026-06-03 14:41:24] DEBUG:   [L1-exacto] 'vitoria' == 'ec vitoria'
[2026-06-03 14:41:24] INFO: MATCH: Vitória                                       [Campeonato Brasileiro Série A] → https://crests.football-data.org/1782.png
[2026-06-03 14:41:24] WARNING: SIN COINCIDENCIA: Vélez Sarsfield
[2026-06-03 14:41:24] DEBUG:   [L1-exacto] 'watford' == 'watford'
[2026-06-03 14:41:24] INFO: MATCH: Watford                                       [Championship] → https://crests.football-data.org/346.png
[2026-06-03 14:41:24] WARNING: SIN COINCIDENCIA: Wellington Phoenix FC
[2026-06-03 14:41:24] DEBUG:   [L2-subset] 'werder bremen' ⊆ 'sv werder bremen'
[2026-06-03 14:41:24] INFO: MATCH: Werder Bremen                                 [Bundesliga] → https://crests.football-data.org/12.png
[2026-06-03 14:41:24] DEBUG:   [L1-exacto] 'west ham' == 'west ham united'
[2026-06-03 14:41:24] INFO: MATCH: West Ham                                      [Premier League] → https://crests.football-data.org/563.png
[2026-06-03 14:41:24] DEBUG:   [L1-exacto] 'west ham united' == 'west ham united'
[2026-06-03 14:41:24] INFO: MATCH: West Ham United                               [Premier League] → https://crests.football-data.org/563.png
[2026-06-03 14:41:24] DEBUG:   [L1-exacto] 'west ham united' == 'west ham united'
[2026-06-03 14:41:24] INFO: MATCH: West Ham United/Marsella                      [Premier League] → https://crests.football-data.org/563.png
[2026-06-03 14:41:24] WARNING: SIN COINCIDENCIA: Western Sydney Wanderers
[2026-06-03 14:41:24] WARNING: SIN COINCIDENCIA: Widzew Lodz
[2026-06-03 14:41:24] WARNING: SIN COINCIDENCIA: Wolfsberger AC
[2026-06-03 14:41:24] DEBUG:   [L1-exacto] 'wolfsburg' == 'vfl wolfsburg'
[2026-06-03 14:41:24] INFO: MATCH: Wolfsburg                                     [Bundesliga] → https://crests.football-data.org/11.png
[2026-06-03 14:41:24] DEBUG:   [L3-fuzzy] 'wolfsburgo' ~ 'wolfsburg'  ratio=0.95
[2026-06-03 14:41:24] INFO: MATCH: Wolfsburgo                                    [Bundesliga] → https://crests.football-data.org/11.png
[2026-06-03 14:41:24] DEBUG:   [L1-exacto] 'wolverhampton' == 'wolverhampton wanderers'
[2026-06-03 14:41:24] INFO: MATCH: Wolverhampton                                 [Premier League] → https://crests.football-data.org/76.png
[2026-06-03 14:41:24] DEBUG:   [L1-exacto] 'wrexham' == 'wrexham'
[2026-06-03 14:41:24] INFO: MATCH: Wrexham                                       [Championship] → https://crests.football-data.org/404.png
[2026-06-03 14:41:24] WARNING: SIN COINCIDENCIA: Young Boys
[2026-06-03 14:41:24] WARNING: SIN COINCIDENCIA: ZED FC
[2026-06-03 14:41:24] WARNING: SIN COINCIDENCIA: Zamalek
[2026-06-03 14:41:24] WARNING: SIN COINCIDENCIA: Zenit
[2026-06-03 14:41:24] WARNING: SIN COINCIDENCIA: Zhejiang
[2026-06-03 14:41:24] WARNING: SIN COINCIDENCIA: Çaykur Rizespor
[2026-06-03 14:41:24] WARNING: SIN COINCIDENCIA: Étoile du Sahel
[2026-06-03 14:41:24] INFO: Archivo generado exitosamente: C:\Users\Franc\OneDrive\Documentos\ThinkPad\Github\worldcup-app\data\data_frontend\teams.json (163 entradas)
[2026-06-03 14:41:24] INFO: ------------------------------------------------------------
[2026-06-03 14:41:24] INFO: RESUMEN:
[2026-06-03 14:41:24] INFO:   Equipos en lista local : 443
[2026-06-03 14:41:24] INFO:   Matches encontrados    : 163
[2026-06-03 14:41:24] INFO:   Sin coincidencia       : 280
[2026-06-03 14:41:24] INFO: Equipos sin coincidencia en la API:
[2026-06-03 14:41:24] INFO:   - AEL Limassol
[2026-06-03 14:41:24] INFO:   - AIK
[2026-06-03 14:41:24] INFO:   - AS Nancy-Lorraine
[2026-06-03 14:41:24] INFO:   - AS Saint-Étienne
[2026-06-03 14:41:24] INFO:   - Abha Club
[2026-06-03 14:41:24] INFO:   - Academia Puerto Cabello
[2026-06-03 14:41:24] INFO:   - Akron Tolyatti
[2026-06-03 14:41:24] INFO:   - Al Ahli
[2026-06-03 14:41:24] INFO:   - Al Ahly
[2026-06-03 14:41:24] INFO:   - Al Ain
[2026-06-03 14:41:24] INFO:   - Al Bataeh
[2026-06-03 14:41:24] INFO:   - Al Feiha
[2026-06-03 14:41:24] INFO:   - Al Hilal
[2026-06-03 14:41:24] INFO:   - Al Ittihad
[2026-06-03 14:41:24] INFO:   - Al Jazira
[2026-06-03 14:41:24] INFO:   - Al Nasr
[2026-06-03 14:41:24] INFO:   - Al Nassr
[2026-06-03 14:41:24] INFO:   - Al Sharjah
[2026-06-03 14:41:24] INFO:   - Al Wakrah
[2026-06-03 14:41:24] INFO:   - Al-Ahli
[2026-06-03 14:41:24] INFO:   - Al-Ahli Saudi FC
[2026-06-03 14:41:24] INFO:   - Al-Ain FC
[2026-06-03 14:41:24] INFO:   - Al-Duhail
[2026-06-03 14:41:24] INFO:   - Al-Ettifaq
[2026-06-03 14:41:24] INFO:   - Al-Hilal
[2026-06-03 14:41:24] INFO:   - Al-Hilal SFC
[2026-06-03 14:41:24] INFO:   - Al-Ittihad
[2026-06-03 14:41:24] INFO:   - Alanyaspor
[2026-06-03 14:41:24] INFO:   - Almere City FC
[2026-06-03 14:41:24] INFO:   - América de México
[2026-06-03 14:41:24] INFO:   - Anderlecht
[2026-06-03 14:41:24] INFO:   - Apollon Limassol
[2026-06-03 14:41:24] INFO:   - Aris Limassol
[2026-06-03 14:41:24] INFO:   - Astana
[2026-06-03 14:41:24] INFO:   - Athletic de Bilbao
[2026-06-03 14:41:24] INFO:   - Atlas
[2026-06-03 14:41:24] INFO:   - Atlético Nacional
[2026-06-03 14:41:24] INFO:   - Atromitos
[2026-06-03 14:41:24] INFO:   - Auckland FC
[2026-06-03 14:41:24] INFO:   - Austria Viena
[2026-06-03 14:41:24] INFO:   - BSC Young Boys II
[2026-06-03 14:41:24] INFO:   - Basaksehir
[2026-06-03 14:41:24] INFO:   - Besiktas
[2026-06-03 14:41:24] INFO:   - Braintree Town F.C.
[2026-06-03 14:41:24] INFO:   - Brondby IF
[2026-06-03 14:41:24] INFO:   - Brujas
[2026-06-03 14:41:24] INFO:   - Brøndby IF
[2026-06-03 14:41:24] INFO:   - CD Plaza Amador
[2026-06-03 14:41:24] INFO:   - CS Constantine
[2026-06-03 14:41:24] INFO:   - CS Sfaxien
[2026-06-03 14:41:24] INFO:   - Castellon
[2026-06-03 14:41:24] INFO:   - Celta de Vigo
[2026-06-03 14:41:24] INFO:   - Celtic
[2026-06-03 14:41:24] INFO:   - Celtic Glasgow
[2026-06-03 14:41:24] INFO:   - Cercle Brugge
[2026-06-03 14:41:24] INFO:   - Charleroi
[2026-06-03 14:41:24] INFO:   - Charlotte FC
[2026-06-03 14:41:24] INFO:   - Chaves
[2026-06-03 14:41:24] INFO:   - Chicago Fire
[2026-06-03 14:41:24] INFO:   - Cincinatti FC
[2026-06-03 14:41:24] INFO:   - Club Africain
[2026-06-03 14:41:24] INFO:   - Club América
[2026-06-03 14:41:24] INFO:   - Club Deportivo Marathón
[2026-06-03 14:41:24] INFO:   - Club León
[2026-06-03 14:41:24] INFO:   - Cobresal
[2026-06-03 14:41:24] INFO:   - Colorado Springs
[2026-06-03 14:41:24] INFO:   - Columbus Crew
[2026-06-03 14:41:24] INFO:   - Copenhagen
[2026-06-03 14:41:24] INFO:   - Copenhague
[2026-06-03 14:41:24] INFO:   - Cruz Azul
[2026-06-03 14:41:24] INFO:   - Daejeon
[2026-06-03 14:41:24] INFO:   - Deportivo La Guaira
[2026-06-03 14:41:24] INFO:   - Deportivo Saprissa
[2026-06-03 14:41:24] INFO:   - Desconocido
[2026-06-03 14:41:24] INFO:   - Dinamo Zagreb
[2026-06-03 14:41:24] INFO:   - Dynamo Makhachkala
[2026-06-03 14:41:24] INFO:   - ES Tunis
[2026-06-03 14:41:24] INFO:   - El Gouna
[2026-06-03 14:41:24] INFO:   - El Paso Locomotive FC
[2026-06-03 14:41:24] INFO:   - Elche
[2026-06-03 14:41:24] INFO:   - Espanyol
[2026-06-03 14:41:24] INFO:   - Espérance de Tunis
[2026-06-03 14:41:24] INFO:   - Esteghlal FC
[2026-06-03 14:41:24] INFO:   - Estrella Roja
[2026-06-03 14:41:24] INFO:   - Estrella Roja de Belgrado
[2026-06-03 14:41:24] INFO:   - Estudiantes de La Plata
[2026-06-03 14:41:24] INFO:   - F. C. Tokyo
[2026-06-03 14:41:24] INFO:   - FC Barcelona Atlètic
[2026-06-03 14:41:24] INFO:   - FC Cincinnati
[2026-06-03 14:41:24] INFO:   - FC Cosmos Koblenz
[2026-06-03 14:41:24] INFO:   - FC Dallas
[2026-06-03 14:41:24] INFO:   - FC Den Bosch
[2026-06-03 14:41:24] INFO:   - FC Lugano
[2026-06-03 14:41:24] INFO:   - FC Pari Nizhniy Novgorod
[2026-06-03 14:41:24] INFO:   - FC Sochaux
[2026-06-03 14:41:24] INFO:   - FC Tatran Prešov
[2026-06-03 14:41:24] INFO:   - FC Tokio
[2026-06-03 14:41:24] INFO:   - FC Vizela
[2026-06-03 14:41:24] INFO:   - FC Zürich
[2026-06-03 14:41:24] INFO:   - Farense
[2026-06-03 14:41:24] INFO:   - Fenerbahce
[2026-06-03 14:41:24] INFO:   - Fenerbahçe
[2026-06-03 14:41:24] INFO:   - Fenerbahçe SK/Betis
[2026-06-03 14:41:24] INFO:   - Ferencváros TC
[2026-06-03 14:41:24] INFO:   - Fortuna Dusseldorf
[2026-06-03 14:41:24] INFO:   - Frosinone
[2026-06-03 14:41:24] INFO:   - Gangwon
[2026-06-03 14:41:24] INFO:   - Gaziantep
[2026-06-03 14:41:24] INFO:   - Genk
[2026-06-03 14:41:24] INFO:   - Gençlerbirliği
[2026-06-03 14:41:24] INFO:   - Girona
[2026-06-03 14:41:24] INFO:   - Granada
[2026-06-03 14:41:24] INFO:   - Gyor
[2026-06-03 14:41:24] INFO:   - HNK Rijeka
[2026-06-03 14:41:24] INFO:   - Hajduk Split
[2026-06-03 14:41:24] INFO:   - Hamburgo
[2026-06-03 14:41:24] INFO:   - Hannover 96
[2026-06-03 14:41:24] INFO:   - Hapoel Ironi Kiryat Shmona
[2026-06-03 14:41:24] INFO:   - Heart of Midlothian
[2026-06-03 14:41:24] INFO:   - Hibernian
[2026-06-03 14:41:24] INFO:   - Holstein Kiel
[2026-06-03 14:41:24] INFO:   - Hradec Kralove
[2026-06-03 14:41:24] INFO:   - IFK Norrköping
[2026-06-03 14:41:24] INFO:   - Igdir FK
[2026-06-03 14:41:24] INFO:   - Igdır FK
[2026-06-03 14:41:24] INFO:   - Independiente
[2026-06-03 14:41:24] INFO:   - Inter Miami
[2026-06-03 14:41:24] INFO:   - Inter Milan
[2026-06-03 14:41:24] INFO:   - Inter de Milan
[2026-06-03 14:41:24] INFO:   - Inter de Milán
[2026-06-03 14:41:24] INFO:   - Internacional de Porto Alegre
[2026-06-03 14:41:24] INFO:   - JS Kabylie
[2026-06-03 14:41:24] INFO:   - Jagiellonia Bialystok
[2026-06-03 14:41:24] INFO:   - Jeonbuk
[2026-06-03 14:41:24] INFO:   - Juárez FC
[2026-06-03 14:41:24] INFO:   - KAA Gent
[2026-06-03 14:41:24] INFO:   - KRC Genk
[2026-06-03 14:41:24] INFO:   - Kaizer Chiefs
[2026-06-03 14:41:24] INFO:   - Karlsruher
[2026-06-03 14:41:24] INFO:   - Kashima Antlers
[2026-06-03 14:41:24] INFO:   - Kashima Antrlers
[2026-06-03 14:41:24] INFO:   - Kasımpaşa
[2026-06-03 14:41:24] INFO:   - Kayserispor
[2026-06-03 14:41:24] INFO:   - Kifisia
[2026-06-03 14:41:24] INFO:   - Kilmarnock
[2026-06-03 14:41:24] INFO:   - Konyaspor
[2026-06-03 14:41:24] INFO:   - Krasnodar
[2026-06-03 14:41:24] INFO:   - LAFC
[2026-06-03 14:41:24] INFO:   - LASK
[2026-06-03 14:41:24] INFO:   - LDU Quito
[2026-06-03 14:41:24] INFO:   - Larisa
[2026-06-03 14:41:24] INFO:   - Lechia Gdansk
[2026-06-03 14:41:24] INFO:   - Ludogorets
[2026-06-03 14:41:24] INFO:   - Maccabi Haifa
[2026-06-03 14:41:24] INFO:   - Maccabi Tel Aviv
[2026-06-03 14:41:24] INFO:   - Mallorca
[2026-06-03 14:41:24] INFO:   - Malmo FF
[2026-06-03 14:41:24] INFO:   - Mamelodi Sundowns
[2026-06-03 14:41:24] INFO:   - Maribor
[2026-06-03 14:41:24] INFO:   - Mazatlán FC
[2026-06-03 14:41:24] INFO:   - Mechelen
[2026-06-03 14:41:24] INFO:   - Miami FC
[2026-06-03 14:41:24] INFO:   - Midtjylland
[2026-06-03 14:41:24] INFO:   - Minnesota United
[2026-06-03 14:41:24] INFO:   - Minnesota United FC
[2026-06-03 14:41:24] INFO:   - Mjällby AIF
[2026-06-03 14:41:24] INFO:   - Mlada Boleslav
[2026-06-03 14:41:24] INFO:   - Molde
[2026-06-03 14:41:24] INFO:   - Monagas
[2026-06-03 14:41:24] INFO:   - Montana 1921
[2026-06-03 14:41:24] INFO:   - Monterrey
[2026-06-03 14:41:24] INFO:   - Montpellier
[2026-06-03 14:41:24] INFO:   - Motherwell F.C.
[2026-06-03 14:41:24] INFO:   - N.E.C.
[2026-06-03 14:41:24] INFO:   - NEC Nijmegen
[2026-06-03 14:41:24] INFO:   - NK Maribor
[2026-06-03 14:41:24] INFO:   - NK Slaven Belupo
[2026-06-03 14:41:24] INFO:   - New England Revolution
[2026-06-03 14:41:24] INFO:   - New York City FC
[2026-06-03 14:41:24] INFO:   - Newcastle Jets FC
[2026-06-03 14:41:24] INFO:   - Niza
[2026-06-03 14:41:24] INFO:   - Noah
[2026-06-03 14:41:24] INFO:   - Omonia Nicosia
[2026-06-03 14:41:24] INFO:   - Orlando City
[2026-06-03 14:41:24] INFO:   - Orlando City SC
[2026-06-03 14:41:24] INFO:   - Orlando Pirates
[2026-06-03 14:41:24] INFO:   - Osasuna
[2026-06-03 14:41:24] INFO:   - Oțelul Galați
[2026-06-03 14:41:24] INFO:   - PFC Turan Tovuz
[2026-06-03 14:41:24] INFO:   - PSV Eindhoven
[2026-06-03 14:41:24] INFO:   - Pafos
[2026-06-03 14:41:24] INFO:   - Panathinaikos
[2026-06-03 14:41:24] INFO:   - Peterborough
[2026-06-03 14:41:24] INFO:   - Philadelphia Union
[2026-06-03 14:41:24] INFO:   - Plaza Amador
[2026-06-03 14:41:24] INFO:   - Polokwane City
[2026-06-03 14:41:24] INFO:   - Port Vale
[2026-06-03 14:41:24] INFO:   - Portland Timbers
[2026-06-03 14:41:24] INFO:   - Pumas
[2026-06-03 14:41:24] INFO:   - Puskás Akadémia
[2026-06-03 14:41:24] INFO:   - Pyramids
[2026-06-03 14:41:24] INFO:   - Pyramids FC
[2026-06-03 14:41:24] INFO:   - RKC
[2026-06-03 14:41:24] INFO:   - RKC Waalwijk
[2026-06-03 14:41:24] INFO:   - RS Berkane
[2026-06-03 14:41:24] INFO:   - Racign de Estrasburgo
[2026-06-03 14:41:24] INFO:   - Racing Genk
[2026-06-03 14:41:24] INFO:   - Racing de Estrasburgo
[2026-06-03 14:41:24] INFO:   - Racing de Santander
[2026-06-03 14:41:24] INFO:   - Raja Casablanca
[2026-06-03 14:41:24] INFO:   - Rayo Vallecano
[2026-06-03 14:41:24] INFO:   - Real Betis
[2026-06-03 14:41:24] INFO:   - Real Oviedo
[2026-06-03 14:41:24] INFO:   - Real Salt Lake
[2026-06-03 14:41:24] INFO:   - Real Sociedad
[2026-06-03 14:41:24] INFO:   - Red Bull Salzburgo
[2026-06-03 14:41:24] INFO:   - Red Star
[2026-06-03 14:41:24] INFO:   - Rennes
[2026-06-03 14:41:24] INFO:   - River Plate
[2026-06-03 14:41:24] INFO:   - Rizespor
[2026-06-03 14:41:24] INFO:   - Rosario Central
[2026-06-03 14:41:24] INFO:   - Rotherham
[2026-06-03 14:41:24] INFO:   - SC Bastia
[2026-06-03 14:41:24] INFO:   - SJK Seinajoki
[2026-06-03 14:41:24] INFO:   - SK Beveren
[2026-06-03 14:41:24] INFO:   - SV Zulte Waregem
[2026-06-03 14:41:24] INFO:   - Salzburgo
[2026-06-03 14:41:24] INFO:   - Sampdoria
[2026-06-03 14:41:24] INFO:   - Samsunspor
[2026-06-03 14:41:24] INFO:   - San Diego FC
[2026-06-03 14:41:24] INFO:   - Sanfrecce Hiroshima
[2026-06-03 14:41:24] INFO:   - Schalke 04
[2026-06-03 14:41:24] INFO:   - Seattle Sounders
[2026-06-03 14:41:24] INFO:   - Servette
[2026-06-03 14:41:24] INFO:   - Sevilla
[2026-06-03 14:41:24] INFO:   - Shamrock Rovers
[2026-06-03 14:41:24] INFO:   - Silkeborg IF
[2026-06-03 14:41:24] INFO:   - Sint Truidense
[2026-06-03 14:41:24] INFO:   - Sint-Truidense
[2026-06-03 14:41:24] INFO:   - Slovan Bratislava
[2026-06-03 14:41:24] INFO:   - Slovan Liberec
[2026-06-03 14:41:24] INFO:   - Smouha SC
[2026-06-03 14:41:24] INFO:   - Sparta Praga
[2026-06-03 14:41:24] INFO:   - Spartak Moscow
[2026-06-03 14:41:24] INFO:   - Sporting Lisboa
[2026-06-03 14:41:24] INFO:   - Standard Liege
[2026-06-03 14:41:24] INFO:   - Terengganu FC
[2026-06-03 14:41:24] INFO:   - Tigres
[2026-06-03 14:41:24] INFO:   - Tigres UANL
[2026-06-03 14:41:24] INFO:   - Toronto
[2026-06-03 14:41:24] INFO:   - Toronto FC
[2026-06-03 14:41:24] INFO:   - Torreense
[2026-06-03 14:41:24] INFO:   - Trabzonspor
[2026-06-03 14:41:24] INFO:   - U. Católica de Ecuador
[2026-06-03 14:41:24] INFO:   - US Monastir
[2026-06-03 14:41:24] INFO:   - USM Alger
[2026-06-03 14:41:24] INFO:   - Ulsan
[2026-06-03 14:41:24] INFO:   - Universidad de Concepción
[2026-06-03 14:41:24] INFO:   - Universitatea Cluj
[2026-06-03 14:41:24] INFO:   - VVV-Venlo
[2026-06-03 14:41:24] INFO:   - Valencia
[2026-06-03 14:41:24] INFO:   - Vancouver Whitecaps
[2026-06-03 14:41:24] INFO:   - Venezia FC
[2026-06-03 14:41:24] INFO:   - Viking
[2026-06-03 14:41:24] INFO:   - Viking FK
[2026-06-03 14:41:24] INFO:   - Viktoria Plzen
[2026-06-03 14:41:24] INFO:   - Viktoria Plzeň
[2026-06-03 14:41:24] INFO:   - Violette AC
[2026-06-03 14:41:24] INFO:   - Vélez Sarsfield
[2026-06-03 14:41:24] INFO:   - Wellington Phoenix FC
[2026-06-03 14:41:24] INFO:   - Western Sydney Wanderers
[2026-06-03 14:41:24] INFO:   - Widzew Lodz
[2026-06-03 14:41:24] INFO:   - Wolfsberger AC
[2026-06-03 14:41:24] INFO:   - Young Boys
[2026-06-03 14:41:24] INFO:   - ZED FC
[2026-06-03 14:41:24] INFO:   - Zamalek
[2026-06-03 14:41:24] INFO:   - Zenit
[2026-06-03 14:41:24] INFO:   - Zhejiang
[2026-06-03 14:41:24] INFO:   - Çaykur Rizespor
[2026-06-03 14:41:24] INFO:   - Étoile du Sahel
[2026-06-03 14:41:24] INFO: ============================================================
[2026-06-03 14:41:24] INFO: Script finalizado.
[2026-06-03 14:44:40] INFO: ============================================================
[2026-06-03 14:44:40] INFO: Inicio de fetch_footballdata_crests.py
[2026-06-03 14:44:40] INFO: Threshold Jaccard: 0.60 | Threshold Fuzzy: 0.80
[2026-06-03 14:44:40] INFO: ============================================================
[2026-06-03 14:44:40] INFO: Cargados 443 equipos desde convocados_equipos.json
[2026-06-03 14:44:42] ERROR: Error al obtener competiciones: 400 Client Error:  for url: https://api.football-data.org/v4/competitions
[2026-06-03 14:44:55] INFO: ============================================================
[2026-06-03 14:44:55] INFO: Inicio de fetch_footballdata_crests.py
[2026-06-03 14:44:55] INFO: Threshold Jaccard: 0.60 | Threshold Fuzzy: 0.80
[2026-06-03 14:44:55] INFO: ============================================================
[2026-06-03 14:44:55] INFO: Cargados 443 equipos desde convocados_equipos.json
[2026-06-03 14:45:00] INFO: Competición 'Campeonato Brasileiro Série A': 20 equipos.
[2026-06-03 14:45:05] INFO: Competición 'Championship': 24 equipos.
[2026-06-03 14:45:09] INFO: Competición 'Premier League': 20 equipos.
[2026-06-03 14:45:12] INFO: Competición 'UEFA Champions League': 36 equipos.
[2026-06-03 14:45:15] INFO: Competición 'European Championship': 24 equipos.
[2026-06-03 14:45:17] INFO: Competición 'Ligue 1': 18 equipos.
[2026-06-03 14:45:19] INFO: Competición 'Bundesliga': 18 equipos.
[2026-06-03 14:45:22] INFO: Competición 'Serie A': 20 equipos.
[2026-06-03 14:45:24] INFO: Competición 'Eredivisie': 18 equipos.
[2026-06-03 14:45:27] INFO: Competición 'Primeira Liga': 18 equipos.
[2026-06-03 14:45:28] WARNING: No se pudieron obtener equipos de 'Copa Libertadores': 429 Client Error:  for url: https://api.football-data.org/v4/competitions/2152/teams
[2026-06-03 14:45:30] WARNING: No se pudieron obtener equipos de 'Primera Division': 429 Client Error:  for url: https://api.football-data.org/v4/competitions/2014/teams
[2026-06-03 14:45:33] WARNING: No se pudieron obtener equipos de 'FIFA World Cup': 429 Client Error:  for url: https://api.football-data.org/v4/competitions/2000/teams
[2026-06-03 14:45:35] WARNING: Paginación detenida en offset 0: 429 Client Error:  for url: https://api.football-data.org/v4/teams?limit=200&offset=0
[2026-06-03 14:45:35] INFO: Total equipos únicos recopilados: 195
[2026-06-03 14:45:35] DEBUG:   [L1-exacto] 'ac milan' == 'ac milan'
[2026-06-03 14:45:35] INFO: MATCH: AC Milan                                      [Serie A] → https://crests.football-data.org/98.png
[2026-06-03 14:45:35] WARNING: SIN COINCIDENCIA: AEL Limassol
[2026-06-03 14:45:35] DEBUG:   [L1-exacto] 'bournemouth' == 'bournemouth'
[2026-06-03 14:45:35] INFO: MATCH: AFC Bournemouth                               [Premier League] → https://crests.football-data.org/bournemouth.png
[2026-06-03 14:45:35] WARNING: SIN COINCIDENCIA: AIK
[2026-06-03 14:45:35] DEBUG:   [L1-exacto] 'aj auxerre' == 'aj auxerre'
[2026-06-03 14:45:35] INFO: MATCH: AJ Auxerre                                    [Ligue 1] → https://crests.football-data.org/519.png
[2026-06-03 14:45:35] DEBUG:   [L1-exacto] 'monaco' == 'monaco'
[2026-06-03 14:45:35] INFO: MATCH: AS Monaco                                     [UEFA Champions League] → https://crests.football-data.org/548.png
[2026-06-03 14:45:35] WARNING: SIN COINCIDENCIA: AS Nancy-Lorraine
[2026-06-03 14:45:35] DEBUG:   [L1-exacto] 'roma' == 'roma'
[2026-06-03 14:45:35] INFO: MATCH: AS Roma                                       [Serie A] → https://crests.football-data.org/100.png
[2026-06-03 14:45:35] WARNING: SIN COINCIDENCIA: AS Saint-Étienne
[2026-06-03 14:45:35] WARNING: SIN COINCIDENCIA: Abha Club
[2026-06-03 14:45:35] WARNING: SIN COINCIDENCIA: Academia Puerto Cabello
[2026-06-03 14:45:35] DEBUG:   [L1-exacto] 'ajax' == 'ajax'
[2026-06-03 14:45:35] INFO: MATCH: Ajax                                          [UEFA Champions League] → https://crests.football-data.org/678.png
[2026-06-03 14:45:35] WARNING: SIN COINCIDENCIA: Akron Tolyatti
[2026-06-03 14:45:35] WARNING: SIN COINCIDENCIA: Al Ahli
[2026-06-03 14:45:35] WARNING: SIN COINCIDENCIA: Al Ahly
[2026-06-03 14:45:35] WARNING: SIN COINCIDENCIA: Al Ain
[2026-06-03 14:45:35] WARNING: SIN COINCIDENCIA: Al Bataeh
[2026-06-03 14:45:35] WARNING: SIN COINCIDENCIA: Al Feiha
[2026-06-03 14:45:35] WARNING: SIN COINCIDENCIA: Al Hilal
[2026-06-03 14:45:35] WARNING: SIN COINCIDENCIA: Al Ittihad
[2026-06-03 14:45:35] WARNING: SIN COINCIDENCIA: Al Jazira
[2026-06-03 14:45:35] WARNING: SIN COINCIDENCIA: Al Nasr
[2026-06-03 14:45:35] WARNING: SIN COINCIDENCIA: Al Nassr
[2026-06-03 14:45:35] WARNING: SIN COINCIDENCIA: Al Sharjah
[2026-06-03 14:45:35] WARNING: SIN COINCIDENCIA: Al Wakrah
[2026-06-03 14:45:35] WARNING: SIN COINCIDENCIA: Al-Ahli
[2026-06-03 14:45:35] WARNING: SIN COINCIDENCIA: Al-Ahli Saudi FC
[2026-06-03 14:45:35] WARNING: SIN COINCIDENCIA: Al-Ain FC
[2026-06-03 14:45:35] WARNING: SIN COINCIDENCIA: Al-Duhail
[2026-06-03 14:45:35] WARNING: SIN COINCIDENCIA: Al-Ettifaq
[2026-06-03 14:45:35] WARNING: SIN COINCIDENCIA: Al-Hilal
[2026-06-03 14:45:35] WARNING: SIN COINCIDENCIA: Al-Hilal SFC
[2026-06-03 14:45:35] WARNING: SIN COINCIDENCIA: Al-Ittihad
[2026-06-03 14:45:35] WARNING: SIN COINCIDENCIA: Alanyaspor
[2026-06-03 14:45:35] WARNING: SIN COINCIDENCIA: Almere City FC
[2026-06-03 14:45:35] WARNING: SIN COINCIDENCIA: América de México
[2026-06-03 14:45:35] WARNING: SIN COINCIDENCIA: Anderlecht
[2026-06-03 14:45:35] DEBUG:   [L1-exacto] 'angers sco' == 'angers sco'
[2026-06-03 14:45:35] INFO: MATCH: Angers SCO                                    [Ligue 1] → https://crests.football-data.org/532.png
[2026-06-03 14:45:35] WARNING: SIN COINCIDENCIA: Apollon Limassol
[2026-06-03 14:45:35] WARNING: SIN COINCIDENCIA: Aris Limassol
[2026-06-03 14:45:35] DEBUG:   [L1-exacto] 'arsenal' == 'arsenal'
[2026-06-03 14:45:35] INFO: MATCH: Arsenal                                       [Premier League] → https://crests.football-data.org/57.png
[2026-06-03 14:45:35] WARNING: SIN COINCIDENCIA: Astana
[2026-06-03 14:45:35] DEBUG:   [L1-exacto] 'aston villa' == 'aston villa'
[2026-06-03 14:45:35] INFO: MATCH: Aston Villa                                   [Premier League] → https://crests.football-data.org/58.png
[2026-06-03 14:45:35] DEBUG:   [L1-exacto] 'atalanta' == 'atalanta bc'
[2026-06-03 14:45:35] INFO: MATCH: Atalanta                                      [UEFA Champions League] → https://crests.football-data.org/102.png
[2026-06-03 14:45:35] WARNING: SIN COINCIDENCIA: Athletic de Bilbao
[2026-06-03 14:45:35] WARNING: SIN COINCIDENCIA: Atlas
[2026-06-03 14:45:35] DEBUG:   [L2-subset] 'atletico madrid' ⊆ 'club atletico madrid'
[2026-06-03 14:45:35] INFO: MATCH: Atlético Madrid                               [UEFA Champions League] → https://crests.football-data.org/78.png
[2026-06-03 14:45:35] WARNING: SIN COINCIDENCIA: Atlético Nacional
[2026-06-03 14:45:35] DEBUG:   [L2-subset] 'atletico madrid' ⊆ 'club atletico madrid'
[2026-06-03 14:45:35] INFO: MATCH: Atlético de Madrid                            [UEFA Champions League] → https://crests.football-data.org/78.png
[2026-06-03 14:45:35] WARNING: SIN COINCIDENCIA: Atromitos
[2026-06-03 14:45:35] WARNING: SIN COINCIDENCIA: Auckland FC
[2026-06-03 14:45:35] DEBUG:   [L3-fuzzy] 'augsburgo' ~ 'augsburg'  ratio=0.94
[2026-06-03 14:45:35] INFO: MATCH: Augsburgo                                     [Bundesliga] → https://crests.football-data.org/16.png
[2026-06-03 14:45:35] WARNING: SIN COINCIDENCIA: Austria Viena
[2026-06-03 14:45:35] DEBUG:   [L1-exacto] 'auxerre' == 'aj auxerre'
[2026-06-03 14:45:35] INFO: MATCH: Auxerre                                       [Ligue 1] → https://crests.football-data.org/519.png
[2026-06-03 14:45:35] WARNING: SIN COINCIDENCIA: BSC Young Boys II
[2026-06-03 14:45:35] DEBUG:   [L1-exacto] 'barcelona' == 'barcelona'
[2026-06-03 14:45:35] INFO: MATCH: Barcelona                                     [UEFA Champions League] → https://crests.football-data.org/81.png
[2026-06-03 14:45:35] DEBUG:   [L3-fuzzy] 'barnsley' ~ 'burnley'  ratio=0.80
[2026-06-03 14:45:35] INFO: MATCH: Barnsley                                      [Premier League] → https://crests.football-data.org/328.png
[2026-06-03 14:45:35] WARNING: SIN COINCIDENCIA: Basaksehir
[2026-06-03 14:45:35] DEBUG:   [L2-subset] 'bayer leverkusen' ⊆ 'bayer 04 leverkusen'
[2026-06-03 14:45:35] INFO: MATCH: Bayer Leverkusen                              [UEFA Champions League] → https://crests.football-data.org/3.png
[2026-06-03 14:45:35] DEBUG:   [L3-fuzzy] 'bayern munich' ~ 'bayern munchen'  ratio=0.89
[2026-06-03 14:45:35] INFO: MATCH: Bayern Munich                                 [UEFA Champions League] → https://crests.football-data.org/5.png
[2026-06-03 14:45:35] DEBUG:   [L3-fuzzy] 'bayern munich' ~ 'bayern munchen'  ratio=0.89
[2026-06-03 14:45:35] INFO: MATCH: Bayern Múnich                                 [UEFA Champions League] → https://crests.football-data.org/5.png
[2026-06-03 14:45:35] DEBUG:   [L2-subset] 'benfica' ⊆ 'sport lisboa e benfica'
[2026-06-03 14:45:35] INFO: MATCH: Benfica                                       [UEFA Champions League] → https://crests.football-data.org/1903.png
[2026-06-03 14:45:35] WARNING: SIN COINCIDENCIA: Besiktas
[2026-06-03 14:45:35] DEBUG:   [L1-exacto] 'birmingham' == 'birmingham city'
[2026-06-03 14:45:35] INFO: MATCH: Birmingham                                    [Championship] → https://crests.football-data.org/332.png
[2026-06-03 14:45:35] DEBUG:   [L3-fuzzy] 'bodo glimt' ~ 'bodø/glimt'  ratio=0.80
[2026-06-03 14:45:35] INFO: MATCH: Bodo Glimt                                    [UEFA Champions League] → https://crests.football-data.org/5721.png
[2026-06-03 14:45:35] DEBUG:   [L1-exacto] 'bologna' == 'bologna 1909'
[2026-06-03 14:45:35] INFO: MATCH: Bologna                                       [Serie A] → https://crests.football-data.org/103.png
[2026-06-03 14:45:35] DEBUG:   [L1-exacto] 'borussia dortmund' == 'borussia dortmund'
[2026-06-03 14:45:35] INFO: MATCH: Borussia Dortmund                             [UEFA Champions League] → https://crests.football-data.org/4.png
[2026-06-03 14:45:35] DEBUG:   [L1-exacto] 'borussia monchengladbach' == 'borussia monchengladbach'
[2026-06-03 14:45:35] INFO: MATCH: Borussia Mönchengladbach                      [Bundesliga] → https://crests.football-data.org/18.png
[2026-06-03 14:45:35] DEBUG:   [L1-exacto] 'botafogo' == 'botafogo fr'
[2026-06-03 14:45:35] INFO: MATCH: Botafogo                                      [Campeonato Brasileiro Série A] → https://crests.football-data.org/1770.png
[2026-06-03 14:45:35] DEBUG:   [L1-exacto] 'bournemouth' == 'bournemouth'
[2026-06-03 14:45:35] INFO: MATCH: Bournemouth                                   [Premier League] → https://crests.football-data.org/bournemouth.png
[2026-06-03 14:45:35] DEBUG:   [L1-exacto] 'braga' == 'sporting clube braga'
[2026-06-03 14:45:35] INFO: MATCH: Braga                                         [Primeira Liga] → https://crests.football-data.org/5613.png
[2026-06-03 14:45:35] WARNING: SIN COINCIDENCIA: Braintree Town F.C.
[2026-06-03 14:45:35] DEBUG:   [L1-exacto] 'brentford' == 'brentford'
[2026-06-03 14:45:35] INFO: MATCH: Brentford                                     [Premier League] → https://crests.football-data.org/402.png
[2026-06-03 14:45:35] DEBUG:   [L2-subset] 'brighton' ⊆ 'brighton & hove albion'
[2026-06-03 14:45:35] INFO: MATCH: Brighton                                      [Premier League] → https://crests.football-data.org/397.png
[2026-06-03 14:45:35] WARNING: SIN COINCIDENCIA: Brondby IF
[2026-06-03 14:45:35] WARNING: SIN COINCIDENCIA: Brujas
[2026-06-03 14:45:35] WARNING: SIN COINCIDENCIA: Brøndby IF
[2026-06-03 14:45:35] DEBUG:   [L1-exacto] 'burnley' == 'burnley'
[2026-06-03 14:45:35] INFO: MATCH: Burnley                                       [Premier League] → https://crests.football-data.org/328.png
[2026-06-03 14:45:35] WARNING: SIN COINCIDENCIA: CD Plaza Amador
[2026-06-03 14:45:35] WARNING: SIN COINCIDENCIA: CS Constantine
[2026-06-03 14:45:35] WARNING: SIN COINCIDENCIA: CS Sfaxien
[2026-06-03 14:45:35] DEBUG:   [L1-exacto] 'cagliari' == 'cagliari calcio'
[2026-06-03 14:45:35] INFO: MATCH: Cagliari                                      [Serie A] → https://crests.football-data.org/104.png
[2026-06-03 14:45:35] DEBUG:   [L1-exacto] 'casa pia' == 'casa pia ac'
[2026-06-03 14:45:35] INFO: MATCH: Casa Pia                                      [Primeira Liga] → https://crests.football-data.org/6618.png
[2026-06-03 14:45:35] WARNING: SIN COINCIDENCIA: Castellon
[2026-06-03 14:45:36] WARNING: SIN COINCIDENCIA: Celta de Vigo
[2026-06-03 14:45:36] WARNING: SIN COINCIDENCIA: Celtic
[2026-06-03 14:45:36] WARNING: SIN COINCIDENCIA: Celtic Glasgow
[2026-06-03 14:45:36] WARNING: SIN COINCIDENCIA: Cercle Brugge
[2026-06-03 14:45:36] WARNING: SIN COINCIDENCIA: Charleroi
[2026-06-03 14:45:36] WARNING: SIN COINCIDENCIA: Charlotte FC
[2026-06-03 14:45:36] DEBUG:   [L1-exacto] 'charlton athletic' == 'charlton athletic'
[2026-06-03 14:45:36] INFO: MATCH: Charlton Athletic                             [Championship] → https://crests.football-data.org/348.png
[2026-06-03 14:45:36] WARNING: SIN COINCIDENCIA: Chaves
[2026-06-03 14:45:36] DEBUG:   [L1-exacto] 'chelsea' == 'chelsea'
[2026-06-03 14:45:36] INFO: MATCH: Chelsea                                       [Premier League] → https://crests.football-data.org/61.png
[2026-06-03 14:45:36] WARNING: SIN COINCIDENCIA: Chicago Fire
[2026-06-03 14:45:36] WARNING: SIN COINCIDENCIA: Cincinatti FC
[2026-06-03 14:45:36] WARNING: SIN COINCIDENCIA: Club Africain
[2026-06-03 14:45:36] WARNING: SIN COINCIDENCIA: Club América
[2026-06-03 14:45:36] WARNING: SIN COINCIDENCIA: Club Deportivo Marathón
[2026-06-03 14:45:36] WARNING: SIN COINCIDENCIA: Club León
[2026-06-03 14:45:36] WARNING: SIN COINCIDENCIA: Cobresal
[2026-06-03 14:45:36] WARNING: SIN COINCIDENCIA: Colorado Springs
[2026-06-03 14:45:36] WARNING: SIN COINCIDENCIA: Columbus Crew
[2026-06-03 14:45:36] DEBUG:   [L2-subset] 'como' ⊆ 'como 1907'
[2026-06-03 14:45:36] INFO: MATCH: Como                                          [Serie A] → https://crests.football-data.org/7397.png
[2026-06-03 14:45:36] WARNING: SIN COINCIDENCIA: Copenhagen
[2026-06-03 14:45:36] WARNING: SIN COINCIDENCIA: Copenhague
[2026-06-03 14:45:36] DEBUG:   [L1-exacto] 'corinthians' == 'corinthians paulista'
[2026-06-03 14:45:36] INFO: MATCH: Corinthians                                   [Campeonato Brasileiro Série A] → https://crests.football-data.org/1779.png
[2026-06-03 14:45:36] DEBUG:   [L1-exacto] 'coventry city' == 'coventry city'
[2026-06-03 14:45:36] INFO: MATCH: Coventry City                                 [Championship] → https://crests.football-data.org/1076.png
[2026-06-03 14:45:36] DEBUG:   [L1-exacto] 'cremonese' == 'us cremonese'
[2026-06-03 14:45:36] INFO: MATCH: Cremonese                                     [Serie A] → https://crests.football-data.org/457.png
[2026-06-03 14:45:36] WARNING: SIN COINCIDENCIA: Cruz Azul
[2026-06-03 14:45:36] DEBUG:   [L1-exacto] 'crystal palace' == 'crystal palace'
[2026-06-03 14:45:36] INFO: MATCH: Crystal Palace                                [Premier League] → https://crests.football-data.org/354.png
[2026-06-03 14:45:36] WARNING: SIN COINCIDENCIA: Daejeon
[2026-06-03 14:45:36] WARNING: SIN COINCIDENCIA: Deportivo La Guaira
[2026-06-03 14:45:36] WARNING: SIN COINCIDENCIA: Deportivo Saprissa
[2026-06-03 14:45:36] DEBUG:   [L1-exacto] 'derby county' == 'derby county'
[2026-06-03 14:45:36] INFO: MATCH: Derby County                                  [Championship] → https://crests.football-data.org/342.png
[2026-06-03 14:45:36] WARNING: SIN COINCIDENCIA: Desconocido
[2026-06-03 14:45:36] WARNING: SIN COINCIDENCIA: Dinamo Zagreb
[2026-06-03 14:45:36] WARNING: SIN COINCIDENCIA: Dynamo Makhachkala
[2026-06-03 14:45:36] WARNING: SIN COINCIDENCIA: ES Tunis
[2026-06-03 14:45:36] DEBUG:   [L1-exacto] 'eintracht frankfurt' == 'eintracht frankfurt'
[2026-06-03 14:45:36] INFO: MATCH: Eintracht Frankfurt                           [UEFA Champions League] → https://crests.football-data.org/19.png
[2026-06-03 14:45:36] WARNING: SIN COINCIDENCIA: El Gouna
[2026-06-03 14:45:36] WARNING: SIN COINCIDENCIA: El Paso Locomotive FC
[2026-06-03 14:45:36] WARNING: SIN COINCIDENCIA: Elche
[2026-06-03 14:45:36] WARNING: SIN COINCIDENCIA: Espanyol
[2026-06-03 14:45:36] WARNING: SIN COINCIDENCIA: Espérance de Tunis
[2026-06-03 14:45:36] WARNING: SIN COINCIDENCIA: Esteghlal FC
[2026-06-03 14:45:36] DEBUG:   [L3-fuzzy] 'estrasburgo' ~ 'strasbourg'  ratio=0.86
[2026-06-03 14:45:36] INFO: MATCH: Estrasburgo                                   [Ligue 1] → https://crests.football-data.org/576.png
[2026-06-03 14:45:36] DEBUG:   [L2-subset] 'estrela da amadora' ⊆ 'cf estrela da amadora'
[2026-06-03 14:45:36] INFO: MATCH: Estrela da Amadora                            [Primeira Liga] → https://crests.football-data.org/9136.png
[2026-06-03 14:45:36] WARNING: SIN COINCIDENCIA: Estrella Roja
[2026-06-03 14:45:36] WARNING: SIN COINCIDENCIA: Estrella Roja de Belgrado
[2026-06-03 14:45:36] WARNING: SIN COINCIDENCIA: Estudiantes de La Plata
[2026-06-03 14:45:36] DEBUG:   [L1-exacto] 'everton' == 'everton'
[2026-06-03 14:45:36] INFO: MATCH: Everton                                       [Premier League] → https://crests.football-data.org/62.png
[2026-06-03 14:45:36] WARNING: SIN COINCIDENCIA: F. C. Tokyo
[2026-06-03 14:45:36] DEBUG:   [L1-exacto] 'augsburg' == 'augsburg'
[2026-06-03 14:45:36] INFO: MATCH: FC Augsburg                                   [Bundesliga] → https://crests.football-data.org/16.png
[2026-06-03 14:45:36] DEBUG:   [L1-exacto] 'barcelona' == 'barcelona'
[2026-06-03 14:45:36] INFO: MATCH: FC Barcelona                                  [UEFA Champions League] → https://crests.football-data.org/81.png
[2026-06-03 14:45:36] WARNING: SIN COINCIDENCIA: FC Barcelona Atlètic
[2026-06-03 14:45:36] WARNING: SIN COINCIDENCIA: FC Cincinnati
[2026-06-03 14:45:36] WARNING: SIN COINCIDENCIA: FC Cosmos Koblenz
[2026-06-03 14:45:36] WARNING: SIN COINCIDENCIA: FC Dallas
[2026-06-03 14:45:36] WARNING: SIN COINCIDENCIA: FC Den Bosch
[2026-06-03 14:45:36] WARNING: SIN COINCIDENCIA: FC Lugano
[2026-06-03 14:45:36] DEBUG:   [L1-exacto] 'nantes' == 'nantes'
[2026-06-03 14:45:36] INFO: MATCH: FC Nantes                                     [Ligue 1] → https://crests.football-data.org/543.png
[2026-06-03 14:45:36] WARNING: SIN COINCIDENCIA: FC Pari Nizhniy Novgorod
[2026-06-03 14:45:36] WARNING: SIN COINCIDENCIA: FC Sochaux
[2026-06-03 14:45:36] DEBUG:   [L1-exacto] 'st. pauli' == 'st. pauli 1910'
[2026-06-03 14:45:36] INFO: MATCH: FC St. Pauli                                  [Bundesliga] → https://crests.football-data.org/20.png
[2026-06-03 14:45:36] WARNING: SIN COINCIDENCIA: FC Tatran Prešov
[2026-06-03 14:45:36] WARNING: SIN COINCIDENCIA: FC Tokio
[2026-06-03 14:45:36] DEBUG:   [L1-exacto] 'twente' == 'twente '65'
[2026-06-03 14:45:36] INFO: MATCH: FC Twente                                     [Eredivisie] → https://crests.football-data.org/666.png
[2026-06-03 14:45:36] WARNING: SIN COINCIDENCIA: FC Vizela
[2026-06-03 14:45:36] DEBUG:   [L1-exacto] 'volendam' == 'volendam'
[2026-06-03 14:45:36] INFO: MATCH: FC Volendam                                   [Eredivisie] → https://crests.football-data.org/1919.png
[2026-06-03 14:45:36] WARNING: SIN COINCIDENCIA: FC Zürich
[2026-06-03 14:45:36] WARNING: SIN COINCIDENCIA: Farense
[2026-06-03 14:45:36] WARNING: SIN COINCIDENCIA: Fenerbahce
[2026-06-03 14:45:36] WARNING: SIN COINCIDENCIA: Fenerbahçe
[2026-06-03 14:45:36] WARNING: SIN COINCIDENCIA: Fenerbahçe SK/Betis
[2026-06-03 14:45:36] WARNING: SIN COINCIDENCIA: Ferencváros TC
[2026-06-03 14:45:36] DEBUG:   [L1-exacto] 'feyenoord' == 'feyenoord rotterdam'
[2026-06-03 14:45:36] INFO: MATCH: Feyenoord                                     [Eredivisie] → https://crests.football-data.org/675.png
[2026-06-03 14:45:36] DEBUG:   [L1-exacto] 'fiorentina' == 'acf fiorentina'
[2026-06-03 14:45:36] INFO: MATCH: Fiorentina                                    [Serie A] → https://crests.football-data.org/99.png
[2026-06-03 14:45:36] DEBUG:   [L1-exacto] 'flamengo' == 'cr flamengo'
[2026-06-03 14:45:36] INFO: MATCH: Flamengo                                      [Campeonato Brasileiro Série A] → https://crests.football-data.org/1783.png
[2026-06-03 14:45:36] DEBUG:   [L1-exacto] 'fluminense' == 'fluminense'
[2026-06-03 14:45:36] INFO: MATCH: Fluminense                                    [Campeonato Brasileiro Série A] → https://crests.football-data.org/1765.png
[2026-06-03 14:45:36] WARNING: SIN COINCIDENCIA: Fortuna Dusseldorf
[2026-06-03 14:45:36] DEBUG:   [L3-fuzzy] 'friburgo' ~ 'freiburg'  ratio=0.88
[2026-06-03 14:45:36] INFO: MATCH: Friburgo                                      [Bundesliga] → https://crests.football-data.org/17.png
[2026-06-03 14:45:36] WARNING: SIN COINCIDENCIA: Frosinone
[2026-06-03 14:45:36] DEBUG:   [L1-exacto] 'fulham' == 'fulham'
[2026-06-03 14:45:36] INFO: MATCH: Fulham                                        [Premier League] → https://crests.football-data.org/63.png
[2026-06-03 14:45:36] DEBUG:   [L1-exacto] 'galatasaray' == 'galatasaray'
[2026-06-03 14:45:36] INFO: MATCH: Galatasaray                                   [UEFA Champions League] → https://crests.football-data.org/610.png
[2026-06-03 14:45:36] WARNING: SIN COINCIDENCIA: Gangwon
[2026-06-03 14:45:36] WARNING: SIN COINCIDENCIA: Gaziantep
[2026-06-03 14:45:36] WARNING: SIN COINCIDENCIA: Genk
[2026-06-03 14:45:36] DEBUG:   [L1-exacto] 'genoa' == 'genoa'
[2026-06-03 14:45:36] INFO: MATCH: Genoa                                         [Serie A] → https://crests.football-data.org/107.png
[2026-06-03 14:45:36] WARNING: SIN COINCIDENCIA: Gençlerbirliği
[2026-06-03 14:45:36] DEBUG:   [L1-exacto] 'gil vicente' == 'gil vicente'
[2026-06-03 14:45:36] INFO: MATCH: Gil Vicente                                   [Primeira Liga] → https://crests.football-data.org/5533.png
[2026-06-03 14:45:36] WARNING: SIN COINCIDENCIA: Girona
[2026-06-03 14:45:36] WARNING: SIN COINCIDENCIA: Granada
[2026-06-03 14:45:36] DEBUG:   [L1-exacto] 'gremio' == 'gremio fbpa'
[2026-06-03 14:45:36] INFO: MATCH: Gremio                                        [Campeonato Brasileiro Série A] → https://crests.football-data.org/1767.png
[2026-06-03 14:45:36] WARNING: SIN COINCIDENCIA: Gyor
[2026-06-03 14:45:36] WARNING: SIN COINCIDENCIA: HNK Rijeka
[2026-06-03 14:45:36] WARNING: SIN COINCIDENCIA: Hajduk Split
[2026-06-03 14:45:36] DEBUG:   [L1-exacto] 'hamburger sv' == 'hamburger sv'
[2026-06-03 14:45:36] INFO: MATCH: Hamburger SV                                  [Bundesliga] → https://crests.football-data.org/7.png
[2026-06-03 14:45:36] WARNING: SIN COINCIDENCIA: Hamburgo
[2026-06-03 14:45:36] WARNING: SIN COINCIDENCIA: Hannover 96
[2026-06-03 14:45:36] WARNING: SIN COINCIDENCIA: Hapoel Ironi Kiryat Shmona
[2026-06-03 14:45:36] WARNING: SIN COINCIDENCIA: Heart of Midlothian
[2026-06-03 14:45:36] DEBUG:   [L1-exacto] 'hellas verona' == 'hellas verona'
[2026-06-03 14:45:36] INFO: MATCH: Hellas Verona                                 [Serie A] → https://crests.football-data.org/450.png
[2026-06-03 14:45:36] WARNING: SIN COINCIDENCIA: Hibernian
[2026-06-03 14:45:36] DEBUG:   [L1-exacto] 'hoffenheim' == 'tsg 1899 hoffenheim'
[2026-06-03 14:45:36] INFO: MATCH: Hoffenheim                                    [Bundesliga] → https://crests.football-data.org/2.png
[2026-06-03 14:45:36] WARNING: SIN COINCIDENCIA: Holstein Kiel
[2026-06-03 14:45:36] WARNING: SIN COINCIDENCIA: Hradec Kralove
[2026-06-03 14:45:36] DEBUG:   [L1-exacto] 'hull city' == 'hull city'
[2026-06-03 14:45:36] INFO: MATCH: Hull City                                     [Championship] → https://crests.football-data.org/322.png
[2026-06-03 14:45:36] WARNING: SIN COINCIDENCIA: IFK Norrköping
[2026-06-03 14:45:36] WARNING: SIN COINCIDENCIA: Igdir FK
[2026-06-03 14:45:36] WARNING: SIN COINCIDENCIA: Igdır FK
[2026-06-03 14:45:36] WARNING: SIN COINCIDENCIA: Independiente
[2026-06-03 14:45:36] DEBUG:   [L1-exacto] 'inter' == 'internazionale milano'
[2026-06-03 14:45:36] INFO: MATCH: Inter                                         [UEFA Champions League] → https://crests.football-data.org/108.png
[2026-06-03 14:45:36] WARNING: SIN COINCIDENCIA: Inter Miami
[2026-06-03 14:45:36] WARNING: SIN COINCIDENCIA: Inter Milan
[2026-06-03 14:45:36] WARNING: SIN COINCIDENCIA: Inter de Milan
[2026-06-03 14:45:36] WARNING: SIN COINCIDENCIA: Inter de Milán
[2026-06-03 14:45:36] WARNING: SIN COINCIDENCIA: Internacional de Porto Alegre
[2026-06-03 14:45:36] DEBUG:   [L1-exacto] 'ipswich town' == 'ipswich town'
[2026-06-03 14:45:36] INFO: MATCH: Ipswich Town                                  [Championship] → https://crests.football-data.org/349.png
[2026-06-03 14:45:36] WARNING: SIN COINCIDENCIA: JS Kabylie
[2026-06-03 14:45:36] WARNING: SIN COINCIDENCIA: Jagiellonia Bialystok
[2026-06-03 14:45:36] WARNING: SIN COINCIDENCIA: Jeonbuk
[2026-06-03 14:45:36] DEBUG:   [L1-exacto] 'juventus' == 'juventus'
[2026-06-03 14:45:36] INFO: MATCH: Juventus                                      [UEFA Champions League] → https://crests.football-data.org/109.png
[2026-06-03 14:45:36] WARNING: SIN COINCIDENCIA: Juárez FC
[2026-06-03 14:45:36] WARNING: SIN COINCIDENCIA: KAA Gent
[2026-06-03 14:45:36] WARNING: SIN COINCIDENCIA: KRC Genk
[2026-06-03 14:45:36] WARNING: SIN COINCIDENCIA: Kaizer Chiefs
[2026-06-03 14:45:36] WARNING: SIN COINCIDENCIA: Karlsruher
[2026-06-03 14:45:36] WARNING: SIN COINCIDENCIA: Kashima Antlers
[2026-06-03 14:45:36] WARNING: SIN COINCIDENCIA: Kashima Antrlers
[2026-06-03 14:45:36] WARNING: SIN COINCIDENCIA: Kasımpaşa
[2026-06-03 14:45:36] WARNING: SIN COINCIDENCIA: Kayserispor
[2026-06-03 14:45:36] WARNING: SIN COINCIDENCIA: Kifisia
[2026-06-03 14:45:36] WARNING: SIN COINCIDENCIA: Kilmarnock
[2026-06-03 14:45:36] WARNING: SIN COINCIDENCIA: Konyaspor
[2026-06-03 14:45:36] WARNING: SIN COINCIDENCIA: Krasnodar
[2026-06-03 14:45:36] WARNING: SIN COINCIDENCIA: LAFC
[2026-06-03 14:45:36] WARNING: SIN COINCIDENCIA: LASK
[2026-06-03 14:45:36] WARNING: SIN COINCIDENCIA: LDU Quito
[2026-06-03 14:45:36] WARNING: SIN COINCIDENCIA: Larisa
[2026-06-03 14:45:36] DEBUG:   [L1-exacto] 'havre' == 'havre ac'
[2026-06-03 14:45:36] INFO: MATCH: Le Havre                                      [Ligue 1] → https://crests.football-data.org/533.png
[2026-06-03 14:45:36] WARNING: SIN COINCIDENCIA: Lechia Gdansk
[2026-06-03 14:45:36] DEBUG:   [L2-subset] 'leeds' ⊆ 'leeds united'
[2026-06-03 14:45:36] INFO: MATCH: Leeds                                         [Premier League] → https://crests.football-data.org/341.png
[2026-06-03 14:45:36] DEBUG:   [L1-exacto] 'leeds united' == 'leeds united'
[2026-06-03 14:45:36] INFO: MATCH: Leeds United                                  [Premier League] → https://crests.football-data.org/341.png
[2026-06-03 14:45:36] DEBUG:   [L2-subset] 'leipzig' ⊆ 'rb leipzig'
[2026-06-03 14:45:36] INFO: MATCH: Leipzig                                       [Bundesliga] → https://crests.football-data.org/721.png
[2026-06-03 14:45:36] DEBUG:   [L2-subset] 'lens' ⊆ 'racing club lens'
[2026-06-03 14:45:36] INFO: MATCH: Lens                                          [Ligue 1] → https://crests.football-data.org/546.png
[2026-06-03 14:45:36] DEBUG:   [L1-exacto] 'lille' == 'lille osc'
[2026-06-03 14:45:36] INFO: MATCH: Lille                                         [Ligue 1] → https://crests.football-data.org/521.png
[2026-06-03 14:45:36] DEBUG:   [L1-exacto] 'liverpool' == 'liverpool'
[2026-06-03 14:45:36] INFO: MATCH: Liverpool                                     [Premier League] → https://crests.football-data.org/64.png
[2026-06-03 14:45:36] DEBUG:   [L1-exacto] 'lorient' == 'lorient'
[2026-06-03 14:45:36] INFO: MATCH: Lorient                                       [Ligue 1] → https://crests.football-data.org/525.png
[2026-06-03 14:45:36] WARNING: SIN COINCIDENCIA: Ludogorets
[2026-06-03 14:45:36] WARNING: SIN COINCIDENCIA: Maccabi Haifa
[2026-06-03 14:45:36] WARNING: SIN COINCIDENCIA: Maccabi Tel Aviv
[2026-06-03 14:45:36] DEBUG:   [L1-exacto] 'mainz' == '1. fsv mainz 05'
[2026-06-03 14:45:36] INFO: MATCH: Mainz                                         [Bundesliga] → https://crests.football-data.org/15.png
[2026-06-03 14:45:36] DEBUG:   [L2-subset] 'mainz 05' ⊆ '1. fsv mainz 05'
[2026-06-03 14:45:36] INFO: MATCH: Mainz 05                                      [Bundesliga] → https://crests.football-data.org/15.png
[2026-06-03 14:45:36] WARNING: SIN COINCIDENCIA: Mallorca
[2026-06-03 14:45:36] WARNING: SIN COINCIDENCIA: Malmo FF
[2026-06-03 14:45:36] WARNING: SIN COINCIDENCIA: Mamelodi Sundowns
[2026-06-03 14:45:36] DEBUG:   [L1-exacto] 'manchester city' == 'manchester city'
[2026-06-03 14:45:36] INFO: MATCH: Manchester City                               [Premier League] → https://crests.football-data.org/65.png
[2026-06-03 14:45:36] DEBUG:   [L3-fuzzy] 'manchester united' ~ 'manchester city'  ratio=0.81
[2026-06-03 14:45:36] INFO: MATCH: Manchester United                             [Premier League] → https://crests.football-data.org/65.png
[2026-06-03 14:45:36] WARNING: SIN COINCIDENCIA: Maribor
[2026-06-03 14:45:36] DEBUG:   [L1-exacto] 'marseille' == 'olympique marseille'
[2026-06-03 14:45:36] INFO: MATCH: Marseille                                     [UEFA Champions League] → https://crests.football-data.org/516.png
[2026-06-03 14:45:36] DEBUG:   [L3-fuzzy] 'marsella' ~ 'marseille'  ratio=0.82
[2026-06-03 14:45:36] INFO: MATCH: Marsella                                      [UEFA Champions League] → https://crests.football-data.org/516.png
[2026-06-03 14:45:36] WARNING: SIN COINCIDENCIA: Mazatlán FC
[2026-06-03 14:45:36] WARNING: SIN COINCIDENCIA: Mechelen
[2026-06-03 14:45:36] WARNING: SIN COINCIDENCIA: Miami FC
[2026-06-03 14:45:36] DEBUG:   [L1-exacto] 'middlesbrough' == 'middlesbrough'
[2026-06-03 14:45:36] INFO: MATCH: Middlesbrough                                 [Championship] → https://crests.football-data.org/343.png
[2026-06-03 14:45:36] WARNING: SIN COINCIDENCIA: Midtjylland
[2026-06-03 14:45:36] DEBUG:   [L1-exacto] 'milan' == 'ac milan'
[2026-06-03 14:45:36] INFO: MATCH: Milan                                         [Serie A] → https://crests.football-data.org/98.png
[2026-06-03 14:45:36] DEBUG:   [L1-exacto] 'millwall' == 'millwall'
[2026-06-03 14:45:36] INFO: MATCH: Millwall                                      [Championship] → https://crests.football-data.org/384.png
[2026-06-03 14:45:36] WARNING: SIN COINCIDENCIA: Minnesota United
[2026-06-03 14:45:36] WARNING: SIN COINCIDENCIA: Minnesota United FC
[2026-06-03 14:45:36] WARNING: SIN COINCIDENCIA: Mjällby AIF
[2026-06-03 14:45:36] WARNING: SIN COINCIDENCIA: Mlada Boleslav
[2026-06-03 14:45:36] WARNING: SIN COINCIDENCIA: Molde
[2026-06-03 14:45:36] DEBUG:   [L1-exacto] 'monaco' == 'monaco'
[2026-06-03 14:45:36] INFO: MATCH: Monaco                                        [UEFA Champions League] → https://crests.football-data.org/548.png
[2026-06-03 14:45:36] WARNING: SIN COINCIDENCIA: Monagas
[2026-06-03 14:45:37] WARNING: SIN COINCIDENCIA: Montana 1921
[2026-06-03 14:45:37] WARNING: SIN COINCIDENCIA: Monterrey
[2026-06-03 14:45:37] WARNING: SIN COINCIDENCIA: Montpellier
[2026-06-03 14:45:37] WARNING: SIN COINCIDENCIA: Motherwell F.C.
[2026-06-03 14:45:37] DEBUG:   [L1-exacto] 'monaco' == 'monaco'
[2026-06-03 14:45:37] INFO: MATCH: Mónaco                                        [UEFA Champions League] → https://crests.football-data.org/548.png
[2026-06-03 14:45:37] WARNING: SIN COINCIDENCIA: N.E.C.
[2026-06-03 14:45:37] WARNING: SIN COINCIDENCIA: NEC Nijmegen
[2026-06-03 14:45:37] WARNING: SIN COINCIDENCIA: NK Maribor
[2026-06-03 14:45:37] WARNING: SIN COINCIDENCIA: NK Slaven Belupo
[2026-06-03 14:45:37] DEBUG:   [L2-subset] 'nacional' ⊆ 'cd nacional'
[2026-06-03 14:45:37] INFO: MATCH: Nacional                                      [Primeira Liga] → https://crests.football-data.org/5529.png
[2026-06-03 14:45:37] DEBUG:   [L1-exacto] 'napoli' == 'ssc napoli'
[2026-06-03 14:45:37] INFO: MATCH: Napoli                                        [UEFA Champions League] → https://crests.football-data.org/113.png
[2026-06-03 14:45:37] WARNING: SIN COINCIDENCIA: New England Revolution
[2026-06-03 14:45:37] WARNING: SIN COINCIDENCIA: New York City FC
[2026-06-03 14:45:37] DEBUG:   [L1-exacto] 'newcastle' == 'newcastle united'
[2026-06-03 14:45:37] INFO: MATCH: Newcastle                                     [Premier League] → https://crests.football-data.org/67.png
[2026-06-03 14:45:37] WARNING: SIN COINCIDENCIA: Newcastle Jets FC
[2026-06-03 14:45:37] DEBUG:   [L1-exacto] 'newcastle united' == 'newcastle united'
[2026-06-03 14:45:37] INFO: MATCH: Newcastle United                              [Premier League] → https://crests.football-data.org/67.png
[2026-06-03 14:45:37] DEBUG:   [L1-exacto] 'nice' == 'ogc nice'
[2026-06-03 14:45:37] INFO: MATCH: Nice                                          [Ligue 1] → https://crests.football-data.org/522.png
[2026-06-03 14:45:37] WARNING: SIN COINCIDENCIA: Niza
[2026-06-03 14:45:37] WARNING: SIN COINCIDENCIA: Noah
[2026-06-03 14:45:37] DEBUG:   [L1-exacto] 'norwich city' == 'norwich city'
[2026-06-03 14:45:37] INFO: MATCH: Norwich City                                  [Championship] → https://crests.football-data.org/68.png
[2026-06-03 14:45:37] DEBUG:   [L1-exacto] 'nottingham forest' == 'nottingham forest'
[2026-06-03 14:45:37] INFO: MATCH: Nottingham Forest                             [Premier League] → https://crests.football-data.org/351.png
[2026-06-03 14:45:37] DEBUG:   [L1-exacto] 'nottingham forest' == 'nottingham forest'
[2026-06-03 14:45:37] INFO: MATCH: Nottingham Forest F.C.                        [Premier League] → https://crests.football-data.org/351.png
[2026-06-03 14:45:37] DEBUG:   [L1-exacto] 'ogc nice' == 'ogc nice'
[2026-06-03 14:45:37] INFO: MATCH: OGC Nice                                      [Ligue 1] → https://crests.football-data.org/522.png
[2026-06-03 14:45:37] DEBUG:   [L3-fuzzy] 'olympiacos' ~ 'olympiakos'  ratio=0.90
[2026-06-03 14:45:37] INFO: MATCH: Olympiacos FC                                 [UEFA Champions League] → https://crests.football-data.org/654.png
[2026-06-03 14:45:37] DEBUG:   [L1-exacto] 'olympique lyon' == 'olympique lyonnais'
[2026-06-03 14:45:37] INFO: MATCH: Olympique de Lyon                             [Ligue 1] → https://crests.football-data.org/523.png
[2026-06-03 14:45:37] DEBUG:   [L1-exacto] 'olympique marseille' == 'olympique marseille'
[2026-06-03 14:45:37] INFO: MATCH: Olympique de Marseille                        [UEFA Champions League] → https://crests.football-data.org/516.png
[2026-06-03 14:45:37] DEBUG:   [L3-fuzzy] 'olympique marsella' ~ 'olympique marseille'  ratio=0.92
[2026-06-03 14:45:37] INFO: MATCH: Olympique de Marsella                         [UEFA Champions League] → https://crests.football-data.org/516.png
[2026-06-03 14:45:37] WARNING: SIN COINCIDENCIA: Omonia Nicosia
[2026-06-03 14:45:37] WARNING: SIN COINCIDENCIA: Orlando City
[2026-06-03 14:45:37] WARNING: SIN COINCIDENCIA: Orlando City SC
[2026-06-03 14:45:37] WARNING: SIN COINCIDENCIA: Orlando Pirates
[2026-06-03 14:45:37] WARNING: SIN COINCIDENCIA: Osasuna
[2026-06-03 14:45:37] WARNING: SIN COINCIDENCIA: Oțelul Galați
[2026-06-03 14:45:37] DEBUG:   [L1-exacto] 'pec zwolle' == 'pec zwolle'
[2026-06-03 14:45:37] INFO: MATCH: PEC Zwolle                                    [Eredivisie] → https://crests.football-data.org/684.png
[2026-06-03 14:45:37] WARNING: SIN COINCIDENCIA: PFC Turan Tovuz
[2026-06-03 14:45:37] DEBUG:   [L1-exacto] 'psg' == 'paris saint-germain'
[2026-06-03 14:45:37] INFO: MATCH: PSG                                           [UEFA Champions League] → https://crests.football-data.org/524.png
[2026-06-03 14:45:37] DEBUG:   [L1-exacto] 'psv' == 'psv'
[2026-06-03 14:45:37] INFO: MATCH: PSV                                           [UEFA Champions League] → https://crests.football-data.org/674.png
[2026-06-03 14:45:37] WARNING: SIN COINCIDENCIA: PSV Eindhoven
[2026-06-03 14:45:37] WARNING: SIN COINCIDENCIA: Pafos
[2026-06-03 14:45:37] DEBUG:   [L1-exacto] 'palmeiras' == 'se palmeiras'
[2026-06-03 14:45:37] INFO: MATCH: Palmeiras                                     [Campeonato Brasileiro Série A] → https://crests.football-data.org/1769.png
[2026-06-03 14:45:37] WARNING: SIN COINCIDENCIA: Panathinaikos
[2026-06-03 14:45:37] DEBUG:   [L1-exacto] 'paranaense' == 'ca paranaense'
[2026-06-03 14:45:37] INFO: MATCH: Paranaense                                    [Campeonato Brasileiro Série A] → https://crests.football-data.org/1768.png
[2026-06-03 14:45:37] DEBUG:   [L2-subset] 'paris' ⊆ 'paris saint-germain'
[2026-06-03 14:45:37] INFO: MATCH: Paris                                         [UEFA Champions League] → https://crests.football-data.org/524.png
[2026-06-03 14:45:37] DEBUG:   [L1-exacto] 'paris saint-germain' == 'paris saint-germain'
[2026-06-03 14:45:37] INFO: MATCH: Paris Saint-Germain                           [UEFA Champions League] → https://crests.football-data.org/524.png
[2026-06-03 14:45:37] DEBUG:   [L1-exacto] 'parma' == 'parma calcio 1913'
[2026-06-03 14:45:37] INFO: MATCH: Parma                                         [Serie A] → https://crests.football-data.org/112.png
[2026-06-03 14:45:37] WARNING: SIN COINCIDENCIA: Peterborough
[2026-06-03 14:45:37] WARNING: SIN COINCIDENCIA: Philadelphia Union
[2026-06-03 14:45:37] DEBUG:   [L2-subset] 'pisa' ⊆ 'ac pisa 1909'
[2026-06-03 14:45:37] INFO: MATCH: Pisa                                          [Serie A] → https://crests.football-data.org/487.png
[2026-06-03 14:45:37] WARNING: SIN COINCIDENCIA: Plaza Amador
[2026-06-03 14:45:37] WARNING: SIN COINCIDENCIA: Polokwane City
[2026-06-03 14:45:37] WARNING: SIN COINCIDENCIA: Port Vale
[2026-06-03 14:45:37] WARNING: SIN COINCIDENCIA: Portland Timbers
[2026-06-03 14:45:37] DEBUG:   [L1-exacto] 'porto' == 'porto'
[2026-06-03 14:45:37] INFO: MATCH: Porto                                         [Primeira Liga] → https://crests.football-data.org/503.png
[2026-06-03 14:45:37] WARNING: SIN COINCIDENCIA: Pumas
[2026-06-03 14:45:37] WARNING: SIN COINCIDENCIA: Puskás Akadémia
[2026-06-03 14:45:37] WARNING: SIN COINCIDENCIA: Pyramids
[2026-06-03 14:45:37] WARNING: SIN COINCIDENCIA: Pyramids FC
[2026-06-03 14:45:37] DEBUG:   [L1-exacto] 'rb leipzig' == 'rb leipzig'
[2026-06-03 14:45:37] INFO: MATCH: RB Leipzig                                    [Bundesliga] → https://crests.football-data.org/721.png
[2026-06-03 14:45:37] DEBUG:   [L1-exacto] 'rc lens' == 'racing club lens'
[2026-06-03 14:45:37] INFO: MATCH: RC Lens                                       [Ligue 1] → https://crests.football-data.org/546.png
[2026-06-03 14:45:37] WARNING: SIN COINCIDENCIA: RKC
[2026-06-03 14:45:37] WARNING: SIN COINCIDENCIA: RKC Waalwijk
[2026-06-03 14:45:37] WARNING: SIN COINCIDENCIA: RS Berkane
[2026-06-03 14:45:37] WARNING: SIN COINCIDENCIA: Racign de Estrasburgo
[2026-06-03 14:45:37] WARNING: SIN COINCIDENCIA: Racing Genk
[2026-06-03 14:45:37] DEBUG:   [L2-subset] 'racing lens' ⊆ 'racing club lens'
[2026-06-03 14:45:37] INFO: MATCH: Racing Lens                                   [Ligue 1] → https://crests.football-data.org/546.png
[2026-06-03 14:45:37] WARNING: SIN COINCIDENCIA: Racing de Estrasburgo
[2026-06-03 14:45:37] WARNING: SIN COINCIDENCIA: Racing de Santander
[2026-06-03 14:45:37] WARNING: SIN COINCIDENCIA: Raja Casablanca
[2026-06-03 14:45:37] DEBUG:   [L2-subset] 'rangers' ⊆ 'queens park rangers'
[2026-06-03 14:45:37] INFO: MATCH: Rangers                                       [Championship] → https://crests.football-data.org/69.png
[2026-06-03 14:45:37] WARNING: SIN COINCIDENCIA: Rayo Vallecano
[2026-06-03 14:45:37] WARNING: SIN COINCIDENCIA: Real Betis
[2026-06-03 14:45:37] DEBUG:   [L1-exacto] 'real madrid' == 'real madrid cf'
[2026-06-03 14:45:37] INFO: MATCH: Real Madrid                                   [UEFA Champions League] → https://crests.football-data.org/86.png
[2026-06-03 14:45:37] WARNING: SIN COINCIDENCIA: Real Oviedo
[2026-06-03 14:45:37] WARNING: SIN COINCIDENCIA: Real Salt Lake
[2026-06-03 14:45:37] WARNING: SIN COINCIDENCIA: Real Sociedad
[2026-06-03 14:45:37] WARNING: SIN COINCIDENCIA: Red Bull Salzburgo
[2026-06-03 14:45:37] WARNING: SIN COINCIDENCIA: Red Star
[2026-06-03 14:45:37] WARNING: SIN COINCIDENCIA: Rennes
[2026-06-03 14:45:37] WARNING: SIN COINCIDENCIA: River Plate
[2026-06-03 14:45:37] WARNING: SIN COINCIDENCIA: Rizespor
[2026-06-03 14:45:37] DEBUG:   [L1-exacto] 'roma' == 'roma'
[2026-06-03 14:45:37] INFO: MATCH: Roma                                          [Serie A] → https://crests.football-data.org/100.png
[2026-06-03 14:45:37] WARNING: SIN COINCIDENCIA: Rosario Central
[2026-06-03 14:45:37] WARNING: SIN COINCIDENCIA: Rotherham
[2026-06-03 14:45:37] DEBUG:   [L1-exacto] 'royale union saint-gilloise' == 'royale union saint-gilloise'
[2026-06-03 14:45:37] INFO: MATCH: Royale Union Saint-Gilloise                   [UEFA Champions League] → https://crests.football-data.org/3929.png
[2026-06-03 14:45:37] DEBUG:   [L1-exacto] 'napoli' == 'ssc napoli'
[2026-06-03 14:45:37] INFO: MATCH: S.S.C. Napoli                                 [UEFA Champions League] → https://crests.football-data.org/113.png
[2026-06-03 14:45:37] WARNING: SIN COINCIDENCIA: SC Bastia
[2026-06-03 14:45:37] WARNING: SIN COINCIDENCIA: SJK Seinajoki
[2026-06-03 14:45:37] WARNING: SIN COINCIDENCIA: SK Beveren
[2026-06-03 14:45:37] WARNING: SIN COINCIDENCIA: SV Zulte Waregem
[2026-06-03 14:45:37] WARNING: SIN COINCIDENCIA: Salzburgo
[2026-06-03 14:45:37] WARNING: SIN COINCIDENCIA: Sampdoria
[2026-06-03 14:45:37] WARNING: SIN COINCIDENCIA: Samsunspor
[2026-06-03 14:45:37] WARNING: SIN COINCIDENCIA: San Diego FC
[2026-06-03 14:45:37] WARNING: SIN COINCIDENCIA: Sanfrecce Hiroshima
[2026-06-03 14:45:37] DEBUG:   [L1-exacto] 'santos' == 'santos'
[2026-06-03 14:45:37] INFO: MATCH: Santos                                        [Campeonato Brasileiro Série A] → https://crests.football-data.org/6685.png
[2026-06-03 14:45:37] DEBUG:   [L1-exacto] 'sassuolo' == 'us sassuolo calcio'
[2026-06-03 14:45:37] INFO: MATCH: Sassuolo                                      [Serie A] → https://crests.football-data.org/471.png
[2026-06-03 14:45:37] WARNING: SIN COINCIDENCIA: Schalke 04
[2026-06-03 14:45:37] WARNING: SIN COINCIDENCIA: Seattle Sounders
[2026-06-03 14:45:37] WARNING: SIN COINCIDENCIA: Servette
[2026-06-03 14:45:37] WARNING: SIN COINCIDENCIA: Sevilla
[2026-06-03 14:45:37] WARNING: SIN COINCIDENCIA: Shamrock Rovers
[2026-06-03 14:45:37] DEBUG:   [L3-fuzzy] 'sheffield united' ~ 'sheffield wed'  ratio=0.83
[2026-06-03 14:45:37] INFO: MATCH: Sheffield United                              [Championship] → https://crests.football-data.org/345.png
[2026-06-03 14:45:37] DEBUG:   [L3-fuzzy] 'sheffield united' ~ 'sheffield wed'  ratio=0.83
[2026-06-03 14:45:37] INFO: MATCH: Sheffield United F.C.                         [Championship] → https://crests.football-data.org/345.png
[2026-06-03 14:45:37] WARNING: SIN COINCIDENCIA: Silkeborg IF
[2026-06-03 14:45:37] WARNING: SIN COINCIDENCIA: Sint Truidense
[2026-06-03 14:45:37] WARNING: SIN COINCIDENCIA: Sint-Truidense
[2026-06-03 14:45:37] DEBUG:   [L3-fuzzy] 'slavia praga' ~ 'slavia praha'  ratio=0.92
[2026-06-03 14:45:37] INFO: MATCH: Slavia Praga                                  [UEFA Champions League] → https://crests.football-data.org/930.png
[2026-06-03 14:45:37] WARNING: SIN COINCIDENCIA: Slovan Bratislava
[2026-06-03 14:45:37] WARNING: SIN COINCIDENCIA: Slovan Liberec
[2026-06-03 14:45:37] WARNING: SIN COINCIDENCIA: Smouha SC
[2026-06-03 14:45:37] WARNING: SIN COINCIDENCIA: Sparta Praga
[2026-06-03 14:45:37] DEBUG:   [L1-exacto] 'sparta rotterdam' == 'sparta rotterdam'
[2026-06-03 14:45:37] INFO: MATCH: Sparta Rotterdam                              [Eredivisie] → https://crests.football-data.org/6806.png
[2026-06-03 14:45:37] WARNING: SIN COINCIDENCIA: Spartak Moscow
[2026-06-03 14:45:37] DEBUG:   [L2-subset] 'sporting' ⊆ 'sporting clube portugal'
[2026-06-03 14:45:37] INFO: MATCH: Sporting                                      [UEFA Champions League] → https://crests.football-data.org/498.png
[2026-06-03 14:45:37] DEBUG:   [L2-subset] 'sporting braga' ⊆ 'sporting clube braga'
[2026-06-03 14:45:37] INFO: MATCH: Sporting Braga                                [Primeira Liga] → https://crests.football-data.org/5613.png
[2026-06-03 14:45:37] DEBUG:   [L1-exacto] 'sporting cp' == 'sporting clube portugal'
[2026-06-03 14:45:37] INFO: MATCH: Sporting CP                                   [UEFA Champions League] → https://crests.football-data.org/498.png
[2026-06-03 14:45:37] WARNING: SIN COINCIDENCIA: Sporting Lisboa
[2026-06-03 14:45:37] DEBUG:   [L2-subset] 'sporting portugal' ⊆ 'sporting clube portugal'
[2026-06-03 14:45:37] INFO: MATCH: Sporting de Portugal                          [UEFA Champions League] → https://crests.football-data.org/498.png
[2026-06-03 14:45:37] DEBUG:   [L3-fuzzy] 'stade nyonnais' ~ 'stade rennais'  ratio=0.81
[2026-06-03 14:45:37] INFO: MATCH: Stade Nyonnais                                [Ligue 1] → https://crests.football-data.org/529.png
[2026-06-03 14:45:37] DEBUG:   [L1-exacto] 'stade rennais' == 'stade rennais 1901'
[2026-06-03 14:45:37] INFO: MATCH: Stade Rennais                                 [Ligue 1] → https://crests.football-data.org/529.png
[2026-06-03 14:45:37] DEBUG:   [L3-fuzzy] 'stade reims' ~ 'stade rennais'  ratio=0.83
[2026-06-03 14:45:37] INFO: MATCH: Stade de Reims                                [Ligue 1] → https://crests.football-data.org/529.png
[2026-06-03 14:45:37] WARNING: SIN COINCIDENCIA: Standard Liege
[2026-06-03 14:45:37] DEBUG:   [L1-exacto] 'stoke city' == 'stoke city'
[2026-06-03 14:45:37] INFO: MATCH: Stoke City                                    [Championship] → https://crests.football-data.org/70.png
[2026-06-03 14:45:37] DEBUG:   [L1-exacto] 'strasbourg' == 'rc strasbourg alsace'
[2026-06-03 14:45:37] INFO: MATCH: Strasbourg                                    [Ligue 1] → https://crests.football-data.org/576.png
[2026-06-03 14:45:37] DEBUG:   [L1-exacto] 'stuttgart' == 'vfb stuttgart'
[2026-06-03 14:45:37] INFO: MATCH: Stuttgart                                     [Bundesliga] → https://crests.football-data.org/10.png
[2026-06-03 14:45:37] DEBUG:   [L1-exacto] 'sunderland' == 'sunderland'
[2026-06-03 14:45:37] INFO: MATCH: Sunderland                                    [Premier League] → https://crests.football-data.org/71.png
[2026-06-03 14:45:37] DEBUG:   [L1-exacto] 'sunderland' == 'sunderland'
[2026-06-03 14:45:37] INFO: MATCH: Sunderland AFC                                [Premier League] → https://crests.football-data.org/71.png
[2026-06-03 14:45:37] DEBUG:   [L1-exacto] 'swansea' == 'swansea city'
[2026-06-03 14:45:37] INFO: MATCH: Swansea                                       [Championship] → https://crests.football-data.org/72.png
[2026-06-03 14:45:37] DEBUG:   [L1-exacto] 'swansea city' == 'swansea city'
[2026-06-03 14:45:37] INFO: MATCH: Swansea City A.F.C.                           [Championship] → https://crests.football-data.org/72.png
[2026-06-03 14:45:37] DEBUG:   [L2-subset] 'tsg hoffenheim' ⊆ 'tsg 1899 hoffenheim'
[2026-06-03 14:45:37] INFO: MATCH: TSG Hoffenheim                                [Bundesliga] → https://crests.football-data.org/2.png
[2026-06-03 14:45:37] DEBUG:   [L1-exacto] 'telstar' == 'telstar 1963'
[2026-06-03 14:45:37] INFO: MATCH: Telstar                                       [Eredivisie] → https://crests.football-data.org/1912.png
[2026-06-03 14:45:37] WARNING: SIN COINCIDENCIA: Terengganu FC
[2026-06-03 14:45:37] WARNING: SIN COINCIDENCIA: Tigres
[2026-06-03 14:45:37] WARNING: SIN COINCIDENCIA: Tigres UANL
[2026-06-03 14:45:37] DEBUG:   [L1-exacto] 'tondela' == 'cd tondela'
[2026-06-03 14:45:37] INFO: MATCH: Tondela                                       [Primeira Liga] → https://crests.football-data.org/1049.png
[2026-06-03 14:45:37] DEBUG:   [L1-exacto] 'torino' == 'torino'
[2026-06-03 14:45:37] INFO: MATCH: Torino                                        [Serie A] → https://crests.football-data.org/586.png
[2026-06-03 14:45:37] WARNING: SIN COINCIDENCIA: Toronto
[2026-06-03 14:45:37] WARNING: SIN COINCIDENCIA: Toronto FC
[2026-06-03 14:45:37] WARNING: SIN COINCIDENCIA: Torreense
[2026-06-03 14:45:37] DEBUG:   [L1-exacto] 'tottenham' == 'tottenham hotspur'
[2026-06-03 14:45:37] INFO: MATCH: Tottenham                                     [Premier League] → https://crests.football-data.org/73.png
[2026-06-03 14:45:37] DEBUG:   [L1-exacto] 'tottenham hotspur' == 'tottenham hotspur'
[2026-06-03 14:45:37] INFO: MATCH: Tottenham Hotspur                             [Premier League] → https://crests.football-data.org/73.png
[2026-06-03 14:45:37] DEBUG:   [L1-exacto] 'toulouse' == 'toulouse'
[2026-06-03 14:45:37] INFO: MATCH: Toulouse                                      [Ligue 1] → https://crests.football-data.org/511.png
[2026-06-03 14:45:37] WARNING: SIN COINCIDENCIA: Trabzonspor
[2026-06-03 14:45:37] DEBUG:   [L1-exacto] 'twente' == 'twente '65'
[2026-06-03 14:45:37] INFO: MATCH: Twente                                        [Eredivisie] → https://crests.football-data.org/666.png
[2026-06-03 14:45:37] WARNING: SIN COINCIDENCIA: U. Católica de Ecuador
[2026-06-03 14:45:37] WARNING: SIN COINCIDENCIA: US Monastir
[2026-06-03 14:45:37] DEBUG:   [L1-exacto] 'us sassuolo calcio' == 'us sassuolo calcio'
[2026-06-03 14:45:37] INFO: MATCH: US Sassuolo Calcio                            [Serie A] → https://crests.football-data.org/471.png
[2026-06-03 14:45:37] WARNING: SIN COINCIDENCIA: USM Alger
[2026-06-03 14:45:37] DEBUG:   [L1-exacto] 'udinese' == 'udinese calcio'
[2026-06-03 14:45:37] INFO: MATCH: Udinese                                       [Serie A] → https://crests.football-data.org/115.png
[2026-06-03 14:45:37] WARNING: SIN COINCIDENCIA: Ulsan
[2026-06-03 14:45:37] DEBUG:   [L1-exacto] 'union berlin' == '1. union berlin'
[2026-06-03 14:45:37] INFO: MATCH: Union Berlin                                  [Bundesliga] → https://crests.football-data.org/28.png
[2026-06-03 14:45:37] DEBUG:   [L2-subset] 'union saint-gilloise' ⊆ 'royale union saint-gilloise'
[2026-06-03 14:45:37] INFO: MATCH: Union Saint-Gilloise                          [UEFA Champions League] → https://crests.football-data.org/3929.png
[2026-06-03 14:45:37] WARNING: SIN COINCIDENCIA: Universidad de Concepción
[2026-06-03 14:45:37] WARNING: SIN COINCIDENCIA: Universitatea Cluj
[2026-06-03 14:45:37] WARNING: SIN COINCIDENCIA: VVV-Venlo
[2026-06-03 14:45:37] WARNING: SIN COINCIDENCIA: Valencia
[2026-06-03 14:45:37] WARNING: SIN COINCIDENCIA: Vancouver Whitecaps
[2026-06-03 14:45:37] DEBUG:   [L1-exacto] 'vasco da gama' == 'cr vasco da gama'
[2026-06-03 14:45:37] INFO: MATCH: Vasco da Gama                                 [Campeonato Brasileiro Série A] → https://crests.football-data.org/1780.png
[2026-06-03 14:45:37] WARNING: SIN COINCIDENCIA: Venezia FC
[2026-06-03 14:45:37] WARNING: SIN COINCIDENCIA: Viking
[2026-06-03 14:45:37] WARNING: SIN COINCIDENCIA: Viking FK
[2026-06-03 14:45:37] WARNING: SIN COINCIDENCIA: Viktoria Plzen
[2026-06-03 14:45:37] WARNING: SIN COINCIDENCIA: Viktoria Plzeň
[2026-06-03 14:45:37] DEBUG:   [L3-fuzzy] 'villareal' ~ 'villarreal'  ratio=0.95
[2026-06-03 14:45:37] INFO: MATCH: Villareal                                     [UEFA Champions League] → https://crests.football-data.org/94.png
[2026-06-03 14:45:37] DEBUG:   [L1-exacto] 'villarreal' == 'villarreal cf'
[2026-06-03 14:45:37] INFO: MATCH: Villarreal                                    [UEFA Champions League] → https://crests.football-data.org/94.png
[2026-06-03 14:45:37] WARNING: SIN COINCIDENCIA: Violette AC
[2026-06-03 14:45:37] DEBUG:   [L1-exacto] 'vitoria' == 'ec vitoria'
[2026-06-03 14:45:37] INFO: MATCH: Vitória                                       [Campeonato Brasileiro Série A] → https://crests.football-data.org/1782.png
[2026-06-03 14:45:37] WARNING: SIN COINCIDENCIA: Vélez Sarsfield
[2026-06-03 14:45:37] DEBUG:   [L1-exacto] 'watford' == 'watford'
[2026-06-03 14:45:37] INFO: MATCH: Watford                                       [Championship] → https://crests.football-data.org/346.png
[2026-06-03 14:45:37] WARNING: SIN COINCIDENCIA: Wellington Phoenix FC
[2026-06-03 14:45:37] DEBUG:   [L2-subset] 'werder bremen' ⊆ 'sv werder bremen'
[2026-06-03 14:45:37] INFO: MATCH: Werder Bremen                                 [Bundesliga] → https://crests.football-data.org/12.png
[2026-06-03 14:45:37] DEBUG:   [L1-exacto] 'west ham' == 'west ham united'
[2026-06-03 14:45:37] INFO: MATCH: West Ham                                      [Premier League] → https://crests.football-data.org/563.png
[2026-06-03 14:45:37] DEBUG:   [L1-exacto] 'west ham united' == 'west ham united'
[2026-06-03 14:45:37] INFO: MATCH: West Ham United                               [Premier League] → https://crests.football-data.org/563.png
[2026-06-03 14:45:37] DEBUG:   [L1-exacto] 'west ham united' == 'west ham united'
[2026-06-03 14:45:37] INFO: MATCH: West Ham United/Marsella                      [Premier League] → https://crests.football-data.org/563.png
[2026-06-03 14:45:37] WARNING: SIN COINCIDENCIA: Western Sydney Wanderers
[2026-06-03 14:45:37] WARNING: SIN COINCIDENCIA: Widzew Lodz
[2026-06-03 14:45:37] WARNING: SIN COINCIDENCIA: Wolfsberger AC
[2026-06-03 14:45:37] DEBUG:   [L1-exacto] 'wolfsburg' == 'vfl wolfsburg'
[2026-06-03 14:45:37] INFO: MATCH: Wolfsburg                                     [Bundesliga] → https://crests.football-data.org/11.png
[2026-06-03 14:45:37] DEBUG:   [L3-fuzzy] 'wolfsburgo' ~ 'wolfsburg'  ratio=0.95
[2026-06-03 14:45:37] INFO: MATCH: Wolfsburgo                                    [Bundesliga] → https://crests.football-data.org/11.png
[2026-06-03 14:45:37] DEBUG:   [L1-exacto] 'wolverhampton' == 'wolverhampton wanderers'
[2026-06-03 14:45:37] INFO: MATCH: Wolverhampton                                 [Premier League] → https://crests.football-data.org/76.png
[2026-06-03 14:45:37] DEBUG:   [L1-exacto] 'wrexham' == 'wrexham'
[2026-06-03 14:45:37] INFO: MATCH: Wrexham                                       [Championship] → https://crests.football-data.org/404.png
[2026-06-03 14:45:37] WARNING: SIN COINCIDENCIA: Young Boys
[2026-06-03 14:45:37] WARNING: SIN COINCIDENCIA: ZED FC
[2026-06-03 14:45:37] WARNING: SIN COINCIDENCIA: Zamalek
[2026-06-03 14:45:37] WARNING: SIN COINCIDENCIA: Zenit
[2026-06-03 14:45:37] WARNING: SIN COINCIDENCIA: Zhejiang
[2026-06-03 14:45:37] WARNING: SIN COINCIDENCIA: Çaykur Rizespor
[2026-06-03 14:45:37] WARNING: SIN COINCIDENCIA: Étoile du Sahel
[2026-06-03 14:45:37] INFO: Archivo generado exitosamente: C:\Users\Franc\OneDrive\Documentos\ThinkPad\Github\worldcup-app\data\data_frontend\teams.json (163 entradas)
[2026-06-03 14:45:37] INFO: ------------------------------------------------------------
[2026-06-03 14:45:37] INFO: RESUMEN:
[2026-06-03 14:45:37] INFO:   Equipos en lista local : 443
[2026-06-03 14:45:37] INFO:   Matches encontrados    : 163
[2026-06-03 14:45:37] INFO:   Sin coincidencia       : 280
[2026-06-03 14:45:37] INFO: Equipos sin coincidencia en la API:
[2026-06-03 14:45:37] INFO:   - AEL Limassol
[2026-06-03 14:45:37] INFO:   - AIK
[2026-06-03 14:45:37] INFO:   - AS Nancy-Lorraine
[2026-06-03 14:45:37] INFO:   - AS Saint-Étienne
[2026-06-03 14:45:37] INFO:   - Abha Club
[2026-06-03 14:45:37] INFO:   - Academia Puerto Cabello
[2026-06-03 14:45:37] INFO:   - Akron Tolyatti
[2026-06-03 14:45:37] INFO:   - Al Ahli
[2026-06-03 14:45:37] INFO:   - Al Ahly
[2026-06-03 14:45:37] INFO:   - Al Ain
[2026-06-03 14:45:37] INFO:   - Al Bataeh
[2026-06-03 14:45:37] INFO:   - Al Feiha
[2026-06-03 14:45:37] INFO:   - Al Hilal
[2026-06-03 14:45:37] INFO:   - Al Ittihad
[2026-06-03 14:45:37] INFO:   - Al Jazira
[2026-06-03 14:45:37] INFO:   - Al Nasr
[2026-06-03 14:45:37] INFO:   - Al Nassr
[2026-06-03 14:45:37] INFO:   - Al Sharjah
[2026-06-03 14:45:37] INFO:   - Al Wakrah
[2026-06-03 14:45:37] INFO:   - Al-Ahli
[2026-06-03 14:45:37] INFO:   - Al-Ahli Saudi FC
[2026-06-03 14:45:37] INFO:   - Al-Ain FC
[2026-06-03 14:45:37] INFO:   - Al-Duhail
[2026-06-03 14:45:37] INFO:   - Al-Ettifaq
[2026-06-03 14:45:37] INFO:   - Al-Hilal
[2026-06-03 14:45:37] INFO:   - Al-Hilal SFC
[2026-06-03 14:45:37] INFO:   - Al-Ittihad
[2026-06-03 14:45:37] INFO:   - Alanyaspor
[2026-06-03 14:45:37] INFO:   - Almere City FC
[2026-06-03 14:45:37] INFO:   - América de México
[2026-06-03 14:45:37] INFO:   - Anderlecht
[2026-06-03 14:45:37] INFO:   - Apollon Limassol
[2026-06-03 14:45:37] INFO:   - Aris Limassol
[2026-06-03 14:45:37] INFO:   - Astana
[2026-06-03 14:45:37] INFO:   - Athletic de Bilbao
[2026-06-03 14:45:37] INFO:   - Atlas
[2026-06-03 14:45:37] INFO:   - Atlético Nacional
[2026-06-03 14:45:37] INFO:   - Atromitos
[2026-06-03 14:45:37] INFO:   - Auckland FC
[2026-06-03 14:45:37] INFO:   - Austria Viena
[2026-06-03 14:45:37] INFO:   - BSC Young Boys II
[2026-06-03 14:45:37] INFO:   - Basaksehir
[2026-06-03 14:45:37] INFO:   - Besiktas
[2026-06-03 14:45:37] INFO:   - Braintree Town F.C.
[2026-06-03 14:45:37] INFO:   - Brondby IF
[2026-06-03 14:45:37] INFO:   - Brujas
[2026-06-03 14:45:37] INFO:   - Brøndby IF
[2026-06-03 14:45:37] INFO:   - CD Plaza Amador
[2026-06-03 14:45:37] INFO:   - CS Constantine
[2026-06-03 14:45:37] INFO:   - CS Sfaxien
[2026-06-03 14:45:37] INFO:   - Castellon
[2026-06-03 14:45:37] INFO:   - Celta de Vigo
[2026-06-03 14:45:37] INFO:   - Celtic
[2026-06-03 14:45:37] INFO:   - Celtic Glasgow
[2026-06-03 14:45:37] INFO:   - Cercle Brugge
[2026-06-03 14:45:37] INFO:   - Charleroi
[2026-06-03 14:45:37] INFO:   - Charlotte FC
[2026-06-03 14:45:37] INFO:   - Chaves
[2026-06-03 14:45:37] INFO:   - Chicago Fire
[2026-06-03 14:45:37] INFO:   - Cincinatti FC
[2026-06-03 14:45:37] INFO:   - Club Africain
[2026-06-03 14:45:37] INFO:   - Club América
[2026-06-03 14:45:37] INFO:   - Club Deportivo Marathón
[2026-06-03 14:45:37] INFO:   - Club León
[2026-06-03 14:45:37] INFO:   - Cobresal
[2026-06-03 14:45:37] INFO:   - Colorado Springs
[2026-06-03 14:45:37] INFO:   - Columbus Crew
[2026-06-03 14:45:37] INFO:   - Copenhagen
[2026-06-03 14:45:37] INFO:   - Copenhague
[2026-06-03 14:45:37] INFO:   - Cruz Azul
[2026-06-03 14:45:37] INFO:   - Daejeon
[2026-06-03 14:45:37] INFO:   - Deportivo La Guaira
[2026-06-03 14:45:37] INFO:   - Deportivo Saprissa
[2026-06-03 14:45:37] INFO:   - Desconocido
[2026-06-03 14:45:37] INFO:   - Dinamo Zagreb
[2026-06-03 14:45:37] INFO:   - Dynamo Makhachkala
[2026-06-03 14:45:37] INFO:   - ES Tunis
[2026-06-03 14:45:37] INFO:   - El Gouna
[2026-06-03 14:45:37] INFO:   - El Paso Locomotive FC
[2026-06-03 14:45:37] INFO:   - Elche
[2026-06-03 14:45:37] INFO:   - Espanyol
[2026-06-03 14:45:37] INFO:   - Espérance de Tunis
[2026-06-03 14:45:37] INFO:   - Esteghlal FC
[2026-06-03 14:45:37] INFO:   - Estrella Roja
[2026-06-03 14:45:37] INFO:   - Estrella Roja de Belgrado
[2026-06-03 14:45:37] INFO:   - Estudiantes de La Plata
[2026-06-03 14:45:37] INFO:   - F. C. Tokyo
[2026-06-03 14:45:37] INFO:   - FC Barcelona Atlètic
[2026-06-03 14:45:37] INFO:   - FC Cincinnati
[2026-06-03 14:45:37] INFO:   - FC Cosmos Koblenz
[2026-06-03 14:45:37] INFO:   - FC Dallas
[2026-06-03 14:45:37] INFO:   - FC Den Bosch
[2026-06-03 14:45:37] INFO:   - FC Lugano
[2026-06-03 14:45:37] INFO:   - FC Pari Nizhniy Novgorod
[2026-06-03 14:45:37] INFO:   - FC Sochaux
[2026-06-03 14:45:37] INFO:   - FC Tatran Prešov
[2026-06-03 14:45:37] INFO:   - FC Tokio
[2026-06-03 14:45:37] INFO:   - FC Vizela
[2026-06-03 14:45:37] INFO:   - FC Zürich
[2026-06-03 14:45:37] INFO:   - Farense
[2026-06-03 14:45:37] INFO:   - Fenerbahce
[2026-06-03 14:45:37] INFO:   - Fenerbahçe
[2026-06-03 14:45:37] INFO:   - Fenerbahçe SK/Betis
[2026-06-03 14:45:37] INFO:   - Ferencváros TC
[2026-06-03 14:45:37] INFO:   - Fortuna Dusseldorf
[2026-06-03 14:45:37] INFO:   - Frosinone
[2026-06-03 14:45:37] INFO:   - Gangwon
[2026-06-03 14:45:37] INFO:   - Gaziantep
[2026-06-03 14:45:37] INFO:   - Genk
[2026-06-03 14:45:37] INFO:   - Gençlerbirliği
[2026-06-03 14:45:37] INFO:   - Girona
[2026-06-03 14:45:37] INFO:   - Granada
[2026-06-03 14:45:37] INFO:   - Gyor
[2026-06-03 14:45:37] INFO:   - HNK Rijeka
[2026-06-03 14:45:37] INFO:   - Hajduk Split
[2026-06-03 14:45:37] INFO:   - Hamburgo
[2026-06-03 14:45:37] INFO:   - Hannover 96
[2026-06-03 14:45:37] INFO:   - Hapoel Ironi Kiryat Shmona
[2026-06-03 14:45:37] INFO:   - Heart of Midlothian
[2026-06-03 14:45:37] INFO:   - Hibernian
[2026-06-03 14:45:37] INFO:   - Holstein Kiel
[2026-06-03 14:45:37] INFO:   - Hradec Kralove
[2026-06-03 14:45:37] INFO:   - IFK Norrköping
[2026-06-03 14:45:37] INFO:   - Igdir FK
[2026-06-03 14:45:37] INFO:   - Igdır FK
[2026-06-03 14:45:37] INFO:   - Independiente
[2026-06-03 14:45:37] INFO:   - Inter Miami
[2026-06-03 14:45:37] INFO:   - Inter Milan
[2026-06-03 14:45:37] INFO:   - Inter de Milan
[2026-06-03 14:45:37] INFO:   - Inter de Milán
[2026-06-03 14:45:37] INFO:   - Internacional de Porto Alegre
[2026-06-03 14:45:37] INFO:   - JS Kabylie
[2026-06-03 14:45:37] INFO:   - Jagiellonia Bialystok
[2026-06-03 14:45:37] INFO:   - Jeonbuk
[2026-06-03 14:45:37] INFO:   - Juárez FC
[2026-06-03 14:45:37] INFO:   - KAA Gent
[2026-06-03 14:45:37] INFO:   - KRC Genk
[2026-06-03 14:45:37] INFO:   - Kaizer Chiefs
[2026-06-03 14:45:37] INFO:   - Karlsruher
[2026-06-03 14:45:37] INFO:   - Kashima Antlers
[2026-06-03 14:45:37] INFO:   - Kashima Antrlers
[2026-06-03 14:45:37] INFO:   - Kasımpaşa
[2026-06-03 14:45:37] INFO:   - Kayserispor
[2026-06-03 14:45:37] INFO:   - Kifisia
[2026-06-03 14:45:37] INFO:   - Kilmarnock
[2026-06-03 14:45:37] INFO:   - Konyaspor
[2026-06-03 14:45:37] INFO:   - Krasnodar
[2026-06-03 14:45:37] INFO:   - LAFC
[2026-06-03 14:45:37] INFO:   - LASK
[2026-06-03 14:45:37] INFO:   - LDU Quito
[2026-06-03 14:45:37] INFO:   - Larisa
[2026-06-03 14:45:37] INFO:   - Lechia Gdansk
[2026-06-03 14:45:37] INFO:   - Ludogorets
[2026-06-03 14:45:37] INFO:   - Maccabi Haifa
[2026-06-03 14:45:37] INFO:   - Maccabi Tel Aviv
[2026-06-03 14:45:37] INFO:   - Mallorca
[2026-06-03 14:45:37] INFO:   - Malmo FF
[2026-06-03 14:45:37] INFO:   - Mamelodi Sundowns
[2026-06-03 14:45:37] INFO:   - Maribor
[2026-06-03 14:45:37] INFO:   - Mazatlán FC
[2026-06-03 14:45:37] INFO:   - Mechelen
[2026-06-03 14:45:37] INFO:   - Miami FC
[2026-06-03 14:45:37] INFO:   - Midtjylland
[2026-06-03 14:45:37] INFO:   - Minnesota United
[2026-06-03 14:45:37] INFO:   - Minnesota United FC
[2026-06-03 14:45:37] INFO:   - Mjällby AIF
[2026-06-03 14:45:37] INFO:   - Mlada Boleslav
[2026-06-03 14:45:37] INFO:   - Molde
[2026-06-03 14:45:37] INFO:   - Monagas
[2026-06-03 14:45:37] INFO:   - Montana 1921
[2026-06-03 14:45:37] INFO:   - Monterrey
[2026-06-03 14:45:37] INFO:   - Montpellier
[2026-06-03 14:45:37] INFO:   - Motherwell F.C.
[2026-06-03 14:45:37] INFO:   - N.E.C.
[2026-06-03 14:45:37] INFO:   - NEC Nijmegen
[2026-06-03 14:45:37] INFO:   - NK Maribor
[2026-06-03 14:45:37] INFO:   - NK Slaven Belupo
[2026-06-03 14:45:37] INFO:   - New England Revolution
[2026-06-03 14:45:37] INFO:   - New York City FC
[2026-06-03 14:45:37] INFO:   - Newcastle Jets FC
[2026-06-03 14:45:37] INFO:   - Niza
[2026-06-03 14:45:37] INFO:   - Noah
[2026-06-03 14:45:37] INFO:   - Omonia Nicosia
[2026-06-03 14:45:37] INFO:   - Orlando City
[2026-06-03 14:45:37] INFO:   - Orlando City SC
[2026-06-03 14:45:37] INFO:   - Orlando Pirates
[2026-06-03 14:45:37] INFO:   - Osasuna
[2026-06-03 14:45:37] INFO:   - Oțelul Galați
[2026-06-03 14:45:37] INFO:   - PFC Turan Tovuz
[2026-06-03 14:45:37] INFO:   - PSV Eindhoven
[2026-06-03 14:45:37] INFO:   - Pafos
[2026-06-03 14:45:37] INFO:   - Panathinaikos
[2026-06-03 14:45:37] INFO:   - Peterborough
[2026-06-03 14:45:37] INFO:   - Philadelphia Union
[2026-06-03 14:45:37] INFO:   - Plaza Amador
[2026-06-03 14:45:37] INFO:   - Polokwane City
[2026-06-03 14:45:37] INFO:   - Port Vale
[2026-06-03 14:45:37] INFO:   - Portland Timbers
[2026-06-03 14:45:37] INFO:   - Pumas
[2026-06-03 14:45:37] INFO:   - Puskás Akadémia
[2026-06-03 14:45:37] INFO:   - Pyramids
[2026-06-03 14:45:37] INFO:   - Pyramids FC
[2026-06-03 14:45:37] INFO:   - RKC
[2026-06-03 14:45:37] INFO:   - RKC Waalwijk
[2026-06-03 14:45:37] INFO:   - RS Berkane
[2026-06-03 14:45:37] INFO:   - Racign de Estrasburgo
[2026-06-03 14:45:37] INFO:   - Racing Genk
[2026-06-03 14:45:37] INFO:   - Racing de Estrasburgo
[2026-06-03 14:45:37] INFO:   - Racing de Santander
[2026-06-03 14:45:37] INFO:   - Raja Casablanca
[2026-06-03 14:45:37] INFO:   - Rayo Vallecano
[2026-06-03 14:45:37] INFO:   - Real Betis
[2026-06-03 14:45:37] INFO:   - Real Oviedo
[2026-06-03 14:45:37] INFO:   - Real Salt Lake
[2026-06-03 14:45:37] INFO:   - Real Sociedad
[2026-06-03 14:45:37] INFO:   - Red Bull Salzburgo
[2026-06-03 14:45:37] INFO:   - Red Star
[2026-06-03 14:45:37] INFO:   - Rennes
[2026-06-03 14:45:37] INFO:   - River Plate
[2026-06-03 14:45:37] INFO:   - Rizespor
[2026-06-03 14:45:37] INFO:   - Rosario Central
[2026-06-03 14:45:37] INFO:   - Rotherham
[2026-06-03 14:45:37] INFO:   - SC Bastia
[2026-06-03 14:45:37] INFO:   - SJK Seinajoki
[2026-06-03 14:45:37] INFO:   - SK Beveren
[2026-06-03 14:45:37] INFO:   - SV Zulte Waregem
[2026-06-03 14:45:37] INFO:   - Salzburgo
[2026-06-03 14:45:37] INFO:   - Sampdoria
[2026-06-03 14:45:37] INFO:   - Samsunspor
[2026-06-03 14:45:37] INFO:   - San Diego FC
[2026-06-03 14:45:37] INFO:   - Sanfrecce Hiroshima
[2026-06-03 14:45:37] INFO:   - Schalke 04
[2026-06-03 14:45:37] INFO:   - Seattle Sounders
[2026-06-03 14:45:37] INFO:   - Servette
[2026-06-03 14:45:37] INFO:   - Sevilla
[2026-06-03 14:45:37] INFO:   - Shamrock Rovers
[2026-06-03 14:45:37] INFO:   - Silkeborg IF
[2026-06-03 14:45:37] INFO:   - Sint Truidense
[2026-06-03 14:45:37] INFO:   - Sint-Truidense
[2026-06-03 14:45:37] INFO:   - Slovan Bratislava
[2026-06-03 14:45:37] INFO:   - Slovan Liberec
[2026-06-03 14:45:37] INFO:   - Smouha SC
[2026-06-03 14:45:37] INFO:   - Sparta Praga
[2026-06-03 14:45:37] INFO:   - Spartak Moscow
[2026-06-03 14:45:37] INFO:   - Sporting Lisboa
[2026-06-03 14:45:37] INFO:   - Standard Liege
[2026-06-03 14:45:37] INFO:   - Terengganu FC
[2026-06-03 14:45:37] INFO:   - Tigres
[2026-06-03 14:45:37] INFO:   - Tigres UANL
[2026-06-03 14:45:37] INFO:   - Toronto
[2026-06-03 14:45:37] INFO:   - Toronto FC
[2026-06-03 14:45:37] INFO:   - Torreense
[2026-06-03 14:45:37] INFO:   - Trabzonspor
[2026-06-03 14:45:37] INFO:   - U. Católica de Ecuador
[2026-06-03 14:45:37] INFO:   - US Monastir
[2026-06-03 14:45:37] INFO:   - USM Alger
[2026-06-03 14:45:37] INFO:   - Ulsan
[2026-06-03 14:45:37] INFO:   - Universidad de Concepción
[2026-06-03 14:45:37] INFO:   - Universitatea Cluj
[2026-06-03 14:45:37] INFO:   - VVV-Venlo
[2026-06-03 14:45:37] INFO:   - Valencia
[2026-06-03 14:45:37] INFO:   - Vancouver Whitecaps
[2026-06-03 14:45:37] INFO:   - Venezia FC
[2026-06-03 14:45:37] INFO:   - Viking
[2026-06-03 14:45:37] INFO:   - Viking FK
[2026-06-03 14:45:37] INFO:   - Viktoria Plzen
[2026-06-03 14:45:37] INFO:   - Viktoria Plzeň
[2026-06-03 14:45:37] INFO:   - Violette AC
[2026-06-03 14:45:37] INFO:   - Vélez Sarsfield
[2026-06-03 14:45:37] INFO:   - Wellington Phoenix FC
[2026-06-03 14:45:37] INFO:   - Western Sydney Wanderers
[2026-06-03 14:45:37] INFO:   - Widzew Lodz
[2026-06-03 14:45:37] INFO:   - Wolfsberger AC
[2026-06-03 14:45:37] INFO:   - Young Boys
[2026-06-03 14:45:37] INFO:   - ZED FC
[2026-06-03 14:45:37] INFO:   - Zamalek
[2026-06-03 14:45:37] INFO:   - Zenit
[2026-06-03 14:45:37] INFO:   - Zhejiang
[2026-06-03 14:45:37] INFO:   - Çaykur Rizespor
[2026-06-03 14:45:37] INFO:   - Étoile du Sahel
[2026-06-03 14:45:37] INFO: ============================================================
[2026-06-03 14:45:37] INFO: Script finalizado.
[2026-06-03 14:51:44] INFO: ============================================================
[2026-06-03 14:51:44] INFO: Inicio de fetch_footballdata_crests.py
[2026-06-03 14:51:44] INFO: Threshold Jaccard: 0.60 | Threshold Fuzzy: 0.80
[2026-06-03 14:51:44] INFO: ============================================================
[2026-06-03 14:51:44] INFO: Cargados 443 equipos desde convocados_equipos.json
[2026-06-03 14:51:44] ERROR: API Key no configurada.
[2026-06-03 14:52:28] INFO: ============================================================
[2026-06-03 14:52:28] INFO: Inicio de fetch_footballdata_crests.py
[2026-06-03 14:52:28] INFO: Threshold Jaccard: 0.60 | Threshold Fuzzy: 0.80
[2026-06-03 14:52:28] INFO: ============================================================
[2026-06-03 14:52:28] INFO: Cargados 443 equipos desde convocados_equipos.json
[2026-06-03 14:52:29] ERROR: Error al obtener competiciones: 400 Client Error:  for url: https://api.football-data.org/v4/competitions
[2026-06-03 14:52:44] INFO: ============================================================
[2026-06-03 14:52:44] INFO: Inicio de fetch_footballdata_crests.py
[2026-06-03 14:52:44] INFO: Threshold Jaccard: 0.60 | Threshold Fuzzy: 0.80
[2026-06-03 14:52:44] INFO: ============================================================
[2026-06-03 14:52:44] INFO: Cargados 443 equipos desde convocados_equipos.json
[2026-06-03 14:52:50] INFO: Competición 'Campeonato Brasileiro Série A': 20 equipos.
[2026-06-03 14:52:55] INFO: Competición 'Championship': 24 equipos.
[2026-06-03 14:52:57] INFO: Competición 'Premier League': 20 equipos.
[2026-06-03 14:53:01] INFO: Competición 'UEFA Champions League': 36 equipos.
[2026-06-03 14:53:04] INFO: Competición 'European Championship': 24 equipos.
[2026-06-03 14:53:07] INFO: Competición 'Ligue 1': 18 equipos.
[2026-06-03 14:53:12] INFO: Competición 'Bundesliga': 18 equipos.
[2026-06-03 14:53:16] INFO: Competición 'Serie A': 20 equipos.
[2026-06-03 14:53:19] INFO: Competición 'Eredivisie': 18 equipos.
[2026-06-03 14:53:23] INFO: Competición 'Primeira Liga': 18 equipos.
[2026-06-03 14:53:27] WARNING: No se pudieron obtener equipos de 'Copa Libertadores': 429 Client Error:  for url: https://api.football-data.org/v4/competitions/2152/teams
[2026-06-03 14:53:29] WARNING: No se pudieron obtener equipos de 'Primera Division': 429 Client Error:  for url: https://api.football-data.org/v4/competitions/2014/teams
[2026-06-03 14:53:32] WARNING: No se pudieron obtener equipos de 'FIFA World Cup': 429 Client Error:  for url: https://api.football-data.org/v4/competitions/2000/teams
[2026-06-03 14:53:33] WARNING: Paginación detenida en offset 0: 429 Client Error:  for url: https://api.football-data.org/v4/teams?limit=200&offset=0
[2026-06-03 14:53:33] INFO: Total equipos únicos recopilados: 195
[2026-06-03 14:53:33] DEBUG:   [L1-exacto] 'ac milan' == 'ac milan'
[2026-06-03 14:53:33] INFO: MATCH: AC Milan                                      [Serie A | Italy | Italy] → https://crests.football-data.org/98.png
[2026-06-03 14:53:33] WARNING: SIN COINCIDENCIA: AEL Limassol
[2026-06-03 14:53:33] DEBUG:   [L1-exacto] 'bournemouth' == 'bournemouth'
[2026-06-03 14:53:33] INFO: MATCH: AFC Bournemouth                               [Premier League | England | England] → https://crests.football-data.org/bournemouth.png
[2026-06-03 14:53:33] WARNING: SIN COINCIDENCIA: AIK
[2026-06-03 14:53:33] DEBUG:   [L1-exacto] 'aj auxerre' == 'aj auxerre'
[2026-06-03 14:53:33] INFO: MATCH: AJ Auxerre                                    [Ligue 1 | France | France] → https://crests.football-data.org/519.png
[2026-06-03 14:53:33] DEBUG:   [L1-exacto] 'monaco' == 'monaco'
[2026-06-03 14:53:33] INFO: MATCH: AS Monaco                                     [UEFA Champions League | Europe | Monaco] → https://crests.football-data.org/548.png
[2026-06-03 14:53:33] WARNING: SIN COINCIDENCIA: AS Nancy-Lorraine
[2026-06-03 14:53:33] DEBUG:   [L1-exacto] 'roma' == 'roma'
[2026-06-03 14:53:33] INFO: MATCH: AS Roma                                       [Serie A | Italy | Italy] → https://crests.football-data.org/100.png
[2026-06-03 14:53:33] WARNING: SIN COINCIDENCIA: AS Saint-Étienne
[2026-06-03 14:53:33] WARNING: SIN COINCIDENCIA: Abha Club
[2026-06-03 14:53:33] WARNING: SIN COINCIDENCIA: Academia Puerto Cabello
[2026-06-03 14:53:33] DEBUG:   [L1-exacto] 'ajax' == 'ajax'
[2026-06-03 14:53:33] INFO: MATCH: Ajax                                          [UEFA Champions League | Europe | Netherlands] → https://crests.football-data.org/678.png
[2026-06-03 14:53:33] WARNING: SIN COINCIDENCIA: Akron Tolyatti
[2026-06-03 14:53:33] WARNING: SIN COINCIDENCIA: Al Ahli
[2026-06-03 14:53:33] WARNING: SIN COINCIDENCIA: Al Ahly
[2026-06-03 14:53:33] WARNING: SIN COINCIDENCIA: Al Ain
[2026-06-03 14:53:33] WARNING: SIN COINCIDENCIA: Al Bataeh
[2026-06-03 14:53:33] WARNING: SIN COINCIDENCIA: Al Feiha
[2026-06-03 14:53:33] WARNING: SIN COINCIDENCIA: Al Hilal
[2026-06-03 14:53:33] WARNING: SIN COINCIDENCIA: Al Ittihad
[2026-06-03 14:53:33] WARNING: SIN COINCIDENCIA: Al Jazira
[2026-06-03 14:53:33] WARNING: SIN COINCIDENCIA: Al Nasr
[2026-06-03 14:53:33] WARNING: SIN COINCIDENCIA: Al Nassr
[2026-06-03 14:53:33] WARNING: SIN COINCIDENCIA: Al Sharjah
[2026-06-03 14:53:34] WARNING: SIN COINCIDENCIA: Al Wakrah
[2026-06-03 14:53:34] WARNING: SIN COINCIDENCIA: Al-Ahli
[2026-06-03 14:53:34] WARNING: SIN COINCIDENCIA: Al-Ahli Saudi FC
[2026-06-03 14:53:34] WARNING: SIN COINCIDENCIA: Al-Ain FC
[2026-06-03 14:53:34] WARNING: SIN COINCIDENCIA: Al-Duhail
[2026-06-03 14:53:34] WARNING: SIN COINCIDENCIA: Al-Ettifaq
[2026-06-03 14:53:34] WARNING: SIN COINCIDENCIA: Al-Hilal
[2026-06-03 14:53:34] WARNING: SIN COINCIDENCIA: Al-Hilal SFC
[2026-06-03 14:53:34] WARNING: SIN COINCIDENCIA: Al-Ittihad
[2026-06-03 14:53:34] WARNING: SIN COINCIDENCIA: Alanyaspor
[2026-06-03 14:53:34] WARNING: SIN COINCIDENCIA: Almere City FC
[2026-06-03 14:53:34] WARNING: SIN COINCIDENCIA: América de México
[2026-06-03 14:53:34] WARNING: SIN COINCIDENCIA: Anderlecht
[2026-06-03 14:53:34] DEBUG:   [L1-exacto] 'angers sco' == 'angers sco'
[2026-06-03 14:53:34] INFO: MATCH: Angers SCO                                    [Ligue 1 | France | France] → https://crests.football-data.org/532.png
[2026-06-03 14:53:34] WARNING: SIN COINCIDENCIA: Apollon Limassol
[2026-06-03 14:53:34] WARNING: SIN COINCIDENCIA: Aris Limassol
[2026-06-03 14:53:34] DEBUG:   [L1-exacto] 'arsenal' == 'arsenal'
[2026-06-03 14:53:34] INFO: MATCH: Arsenal                                       [Premier League | England | England] → https://crests.football-data.org/57.png
[2026-06-03 14:53:34] WARNING: SIN COINCIDENCIA: Astana
[2026-06-03 14:53:34] DEBUG:   [L1-exacto] 'aston villa' == 'aston villa'
[2026-06-03 14:53:34] INFO: MATCH: Aston Villa                                   [Premier League | England | England] → https://crests.football-data.org/58.png
[2026-06-03 14:53:34] DEBUG:   [L1-exacto] 'atalanta' == 'atalanta bc'
[2026-06-03 14:53:34] INFO: MATCH: Atalanta                                      [UEFA Champions League | Europe | Italy] → https://crests.football-data.org/102.png
[2026-06-03 14:53:34] WARNING: SIN COINCIDENCIA: Athletic de Bilbao
[2026-06-03 14:53:34] WARNING: SIN COINCIDENCIA: Atlas
[2026-06-03 14:53:34] DEBUG:   [L2-subset] 'atletico madrid' ⊆ 'club atletico madrid'
[2026-06-03 14:53:34] INFO: MATCH: Atlético Madrid                               [UEFA Champions League | Europe | Spain] → https://crests.football-data.org/78.png
[2026-06-03 14:53:34] WARNING: SIN COINCIDENCIA: Atlético Nacional
[2026-06-03 14:53:34] DEBUG:   [L2-subset] 'atletico madrid' ⊆ 'club atletico madrid'
[2026-06-03 14:53:34] INFO: MATCH: Atlético de Madrid                            [UEFA Champions League | Europe | Spain] → https://crests.football-data.org/78.png
[2026-06-03 14:53:34] WARNING: SIN COINCIDENCIA: Atromitos
[2026-06-03 14:53:34] WARNING: SIN COINCIDENCIA: Auckland FC
[2026-06-03 14:53:34] DEBUG:   [L3-fuzzy] 'augsburgo' ~ 'augsburg'  ratio=0.94
[2026-06-03 14:53:34] INFO: MATCH: Augsburgo                                     [Bundesliga | Germany | Germany] → https://crests.football-data.org/16.png
[2026-06-03 14:53:34] WARNING: SIN COINCIDENCIA: Austria Viena
[2026-06-03 14:53:34] DEBUG:   [L1-exacto] 'auxerre' == 'aj auxerre'
[2026-06-03 14:53:34] INFO: MATCH: Auxerre                                       [Ligue 1 | France | France] → https://crests.football-data.org/519.png
[2026-06-03 14:53:34] WARNING: SIN COINCIDENCIA: BSC Young Boys II
[2026-06-03 14:53:34] DEBUG:   [L1-exacto] 'barcelona' == 'barcelona'
[2026-06-03 14:53:34] INFO: MATCH: Barcelona                                     [UEFA Champions League | Europe | Spain] → https://crests.football-data.org/81.png
[2026-06-03 14:53:34] DEBUG:   [L3-fuzzy] 'barnsley' ~ 'burnley'  ratio=0.80
[2026-06-03 14:53:34] INFO: MATCH: Barnsley                                      [Premier League | England | England] → https://crests.football-data.org/328.png
[2026-06-03 14:53:34] WARNING: SIN COINCIDENCIA: Basaksehir
[2026-06-03 14:53:34] DEBUG:   [L2-subset] 'bayer leverkusen' ⊆ 'bayer 04 leverkusen'
[2026-06-03 14:53:34] INFO: MATCH: Bayer Leverkusen                              [UEFA Champions League | Europe | Germany] → https://crests.football-data.org/3.png
[2026-06-03 14:53:34] DEBUG:   [L3-fuzzy] 'bayern munich' ~ 'bayern munchen'  ratio=0.89
[2026-06-03 14:53:34] INFO: MATCH: Bayern Munich                                 [UEFA Champions League | Europe | Germany] → https://crests.football-data.org/5.png
[2026-06-03 14:53:34] DEBUG:   [L3-fuzzy] 'bayern munich' ~ 'bayern munchen'  ratio=0.89
[2026-06-03 14:53:34] INFO: MATCH: Bayern Múnich                                 [UEFA Champions League | Europe | Germany] → https://crests.football-data.org/5.png
[2026-06-03 14:53:34] DEBUG:   [L2-subset] 'benfica' ⊆ 'sport lisboa e benfica'
[2026-06-03 14:53:34] INFO: MATCH: Benfica                                       [UEFA Champions League | Europe | Portugal] → https://crests.football-data.org/1903.png
[2026-06-03 14:53:34] WARNING: SIN COINCIDENCIA: Besiktas
[2026-06-03 14:53:34] DEBUG:   [L1-exacto] 'birmingham' == 'birmingham city'
[2026-06-03 14:53:34] INFO: MATCH: Birmingham                                    [Championship | England | England] → https://crests.football-data.org/332.png
[2026-06-03 14:53:34] DEBUG:   [L3-fuzzy] 'bodo glimt' ~ 'bodø/glimt'  ratio=0.80
[2026-06-03 14:53:34] INFO: MATCH: Bodo Glimt                                    [UEFA Champions League | Europe | Norway] → https://crests.football-data.org/5721.png
[2026-06-03 14:53:34] DEBUG:   [L1-exacto] 'bologna' == 'bologna 1909'
[2026-06-03 14:53:34] INFO: MATCH: Bologna                                       [Serie A | Italy | Italy] → https://crests.football-data.org/103.png
[2026-06-03 14:53:34] DEBUG:   [L1-exacto] 'borussia dortmund' == 'borussia dortmund'
[2026-06-03 14:53:34] INFO: MATCH: Borussia Dortmund                             [UEFA Champions League | Europe | Germany] → https://crests.football-data.org/4.png
[2026-06-03 14:53:34] DEBUG:   [L1-exacto] 'borussia monchengladbach' == 'borussia monchengladbach'
[2026-06-03 14:53:34] INFO: MATCH: Borussia Mönchengladbach                      [Bundesliga | Germany | Germany] → https://crests.football-data.org/18.png
[2026-06-03 14:53:34] DEBUG:   [L1-exacto] 'botafogo' == 'botafogo fr'
[2026-06-03 14:53:34] INFO: MATCH: Botafogo                                      [Campeonato Brasileiro Série A | Brazil | Brazil] → https://crests.football-data.org/1770.png
[2026-06-03 14:53:34] DEBUG:   [L1-exacto] 'bournemouth' == 'bournemouth'
[2026-06-03 14:53:34] INFO: MATCH: Bournemouth                                   [Premier League | England | England] → https://crests.football-data.org/bournemouth.png
[2026-06-03 14:53:34] DEBUG:   [L1-exacto] 'braga' == 'sporting clube braga'
[2026-06-03 14:53:34] INFO: MATCH: Braga                                         [Primeira Liga | Portugal | Portugal] → https://crests.football-data.org/5613.png
[2026-06-03 14:53:34] WARNING: SIN COINCIDENCIA: Braintree Town F.C.
[2026-06-03 14:53:34] DEBUG:   [L1-exacto] 'brentford' == 'brentford'
[2026-06-03 14:53:34] INFO: MATCH: Brentford                                     [Premier League | England | England] → https://crests.football-data.org/402.png
[2026-06-03 14:53:34] DEBUG:   [L2-subset] 'brighton' ⊆ 'brighton & hove albion'
[2026-06-03 14:53:34] INFO: MATCH: Brighton                                      [Premier League | England | England] → https://crests.football-data.org/397.png
[2026-06-03 14:53:34] WARNING: SIN COINCIDENCIA: Brondby IF
[2026-06-03 14:53:34] WARNING: SIN COINCIDENCIA: Brujas
[2026-06-03 14:53:34] WARNING: SIN COINCIDENCIA: Brøndby IF
[2026-06-03 14:53:34] DEBUG:   [L1-exacto] 'burnley' == 'burnley'
[2026-06-03 14:53:34] INFO: MATCH: Burnley                                       [Premier League | England | England] → https://crests.football-data.org/328.png
[2026-06-03 14:53:34] WARNING: SIN COINCIDENCIA: CD Plaza Amador
[2026-06-03 14:53:34] WARNING: SIN COINCIDENCIA: CS Constantine
[2026-06-03 14:53:34] WARNING: SIN COINCIDENCIA: CS Sfaxien
[2026-06-03 14:53:34] DEBUG:   [L1-exacto] 'cagliari' == 'cagliari calcio'
[2026-06-03 14:53:34] INFO: MATCH: Cagliari                                      [Serie A | Italy | Italy] → https://crests.football-data.org/104.png
[2026-06-03 14:53:34] DEBUG:   [L1-exacto] 'casa pia' == 'casa pia ac'
[2026-06-03 14:53:34] INFO: MATCH: Casa Pia                                      [Primeira Liga | Portugal | Portugal] → https://crests.football-data.org/6618.png
[2026-06-03 14:53:34] WARNING: SIN COINCIDENCIA: Castellon
[2026-06-03 14:53:34] WARNING: SIN COINCIDENCIA: Celta de Vigo
[2026-06-03 14:53:34] WARNING: SIN COINCIDENCIA: Celtic
[2026-06-03 14:53:34] WARNING: SIN COINCIDENCIA: Celtic Glasgow
[2026-06-03 14:53:34] WARNING: SIN COINCIDENCIA: Cercle Brugge
[2026-06-03 14:53:34] WARNING: SIN COINCIDENCIA: Charleroi
[2026-06-03 14:53:34] WARNING: SIN COINCIDENCIA: Charlotte FC
[2026-06-03 14:53:34] DEBUG:   [L1-exacto] 'charlton athletic' == 'charlton athletic'
[2026-06-03 14:53:34] INFO: MATCH: Charlton Athletic                             [Championship | England | England] → https://crests.football-data.org/348.png
[2026-06-03 14:53:34] WARNING: SIN COINCIDENCIA: Chaves
[2026-06-03 14:53:34] DEBUG:   [L1-exacto] 'chelsea' == 'chelsea'
[2026-06-03 14:53:34] INFO: MATCH: Chelsea                                       [Premier League | England | England] → https://crests.football-data.org/61.png
[2026-06-03 14:53:34] WARNING: SIN COINCIDENCIA: Chicago Fire
[2026-06-03 14:53:34] WARNING: SIN COINCIDENCIA: Cincinatti FC
[2026-06-03 14:53:34] WARNING: SIN COINCIDENCIA: Club Africain
[2026-06-03 14:53:34] WARNING: SIN COINCIDENCIA: Club América
[2026-06-03 14:53:34] WARNING: SIN COINCIDENCIA: Club Deportivo Marathón
[2026-06-03 14:53:34] WARNING: SIN COINCIDENCIA: Club León
[2026-06-03 14:53:34] WARNING: SIN COINCIDENCIA: Cobresal
[2026-06-03 14:53:34] WARNING: SIN COINCIDENCIA: Colorado Springs
[2026-06-03 14:53:34] WARNING: SIN COINCIDENCIA: Columbus Crew
[2026-06-03 14:53:34] DEBUG:   [L2-subset] 'como' ⊆ 'como 1907'
[2026-06-03 14:53:34] INFO: MATCH: Como                                          [Serie A | Italy | Italy] → https://crests.football-data.org/7397.png
[2026-06-03 14:53:34] WARNING: SIN COINCIDENCIA: Copenhagen
[2026-06-03 14:53:34] WARNING: SIN COINCIDENCIA: Copenhague
[2026-06-03 14:53:34] DEBUG:   [L1-exacto] 'corinthians' == 'corinthians paulista'
[2026-06-03 14:53:34] INFO: MATCH: Corinthians                                   [Campeonato Brasileiro Série A | Brazil | Brazil] → https://crests.football-data.org/1779.png
[2026-06-03 14:53:34] DEBUG:   [L1-exacto] 'coventry city' == 'coventry city'
[2026-06-03 14:53:34] INFO: MATCH: Coventry City                                 [Championship | England | England] → https://crests.football-data.org/1076.png
[2026-06-03 14:53:34] DEBUG:   [L1-exacto] 'cremonese' == 'us cremonese'
[2026-06-03 14:53:34] INFO: MATCH: Cremonese                                     [Serie A | Italy | Italy] → https://crests.football-data.org/457.png
[2026-06-03 14:53:34] WARNING: SIN COINCIDENCIA: Cruz Azul
[2026-06-03 14:53:34] DEBUG:   [L1-exacto] 'crystal palace' == 'crystal palace'
[2026-06-03 14:53:34] INFO: MATCH: Crystal Palace                                [Premier League | England | England] → https://crests.football-data.org/354.png
[2026-06-03 14:53:34] WARNING: SIN COINCIDENCIA: Daejeon
[2026-06-03 14:53:34] WARNING: SIN COINCIDENCIA: Deportivo La Guaira
[2026-06-03 14:53:34] WARNING: SIN COINCIDENCIA: Deportivo Saprissa
[2026-06-03 14:53:34] DEBUG:   [L1-exacto] 'derby county' == 'derby county'
[2026-06-03 14:53:34] INFO: MATCH: Derby County                                  [Championship | England | England] → https://crests.football-data.org/342.png
[2026-06-03 14:53:34] WARNING: SIN COINCIDENCIA: Desconocido
[2026-06-03 14:53:34] WARNING: SIN COINCIDENCIA: Dinamo Zagreb
[2026-06-03 14:53:34] WARNING: SIN COINCIDENCIA: Dynamo Makhachkala
[2026-06-03 14:53:34] WARNING: SIN COINCIDENCIA: ES Tunis
[2026-06-03 14:53:34] DEBUG:   [L1-exacto] 'eintracht frankfurt' == 'eintracht frankfurt'
[2026-06-03 14:53:34] INFO: MATCH: Eintracht Frankfurt                           [UEFA Champions League | Europe | Germany] → https://crests.football-data.org/19.png
[2026-06-03 14:53:34] WARNING: SIN COINCIDENCIA: El Gouna
[2026-06-03 14:53:34] WARNING: SIN COINCIDENCIA: El Paso Locomotive FC
[2026-06-03 14:53:34] WARNING: SIN COINCIDENCIA: Elche
[2026-06-03 14:53:34] WARNING: SIN COINCIDENCIA: Espanyol
[2026-06-03 14:53:34] WARNING: SIN COINCIDENCIA: Espérance de Tunis
[2026-06-03 14:53:34] WARNING: SIN COINCIDENCIA: Esteghlal FC
[2026-06-03 14:53:34] DEBUG:   [L3-fuzzy] 'estrasburgo' ~ 'strasbourg'  ratio=0.86
[2026-06-03 14:53:34] INFO: MATCH: Estrasburgo                                   [Ligue 1 | France | France] → https://crests.football-data.org/576.png
[2026-06-03 14:53:34] DEBUG:   [L2-subset] 'estrela da amadora' ⊆ 'cf estrela da amadora'
[2026-06-03 14:53:34] INFO: MATCH: Estrela da Amadora                            [Primeira Liga | Portugal | Portugal] → https://crests.football-data.org/9136.png
[2026-06-03 14:53:34] WARNING: SIN COINCIDENCIA: Estrella Roja
[2026-06-03 14:53:34] WARNING: SIN COINCIDENCIA: Estrella Roja de Belgrado
[2026-06-03 14:53:34] WARNING: SIN COINCIDENCIA: Estudiantes de La Plata
[2026-06-03 14:53:34] DEBUG:   [L1-exacto] 'everton' == 'everton'
[2026-06-03 14:53:34] INFO: MATCH: Everton                                       [Premier League | England | England] → https://crests.football-data.org/62.png
[2026-06-03 14:53:34] WARNING: SIN COINCIDENCIA: F. C. Tokyo
[2026-06-03 14:53:34] DEBUG:   [L1-exacto] 'augsburg' == 'augsburg'
[2026-06-03 14:53:34] INFO: MATCH: FC Augsburg                                   [Bundesliga | Germany | Germany] → https://crests.football-data.org/16.png
[2026-06-03 14:53:34] DEBUG:   [L1-exacto] 'barcelona' == 'barcelona'
[2026-06-03 14:53:34] INFO: MATCH: FC Barcelona                                  [UEFA Champions League | Europe | Spain] → https://crests.football-data.org/81.png
[2026-06-03 14:53:34] WARNING: SIN COINCIDENCIA: FC Barcelona Atlètic
[2026-06-03 14:53:34] WARNING: SIN COINCIDENCIA: FC Cincinnati
[2026-06-03 14:53:34] WARNING: SIN COINCIDENCIA: FC Cosmos Koblenz
[2026-06-03 14:53:34] WARNING: SIN COINCIDENCIA: FC Dallas
[2026-06-03 14:53:34] WARNING: SIN COINCIDENCIA: FC Den Bosch
[2026-06-03 14:53:34] WARNING: SIN COINCIDENCIA: FC Lugano
[2026-06-03 14:53:34] DEBUG:   [L1-exacto] 'nantes' == 'nantes'
[2026-06-03 14:53:34] INFO: MATCH: FC Nantes                                     [Ligue 1 | France | France] → https://crests.football-data.org/543.png
[2026-06-03 14:53:34] WARNING: SIN COINCIDENCIA: FC Pari Nizhniy Novgorod
[2026-06-03 14:53:34] WARNING: SIN COINCIDENCIA: FC Sochaux
[2026-06-03 14:53:34] DEBUG:   [L1-exacto] 'st. pauli' == 'st. pauli 1910'
[2026-06-03 14:53:34] INFO: MATCH: FC St. Pauli                                  [Bundesliga | Germany | Germany] → https://crests.football-data.org/20.png
[2026-06-03 14:53:34] WARNING: SIN COINCIDENCIA: FC Tatran Prešov
[2026-06-03 14:53:34] WARNING: SIN COINCIDENCIA: FC Tokio
[2026-06-03 14:53:34] DEBUG:   [L1-exacto] 'twente' == 'twente '65'
[2026-06-03 14:53:34] INFO: MATCH: FC Twente                                     [Eredivisie | Netherlands | Netherlands] → https://crests.football-data.org/666.png
[2026-06-03 14:53:34] WARNING: SIN COINCIDENCIA: FC Vizela
[2026-06-03 14:53:34] DEBUG:   [L1-exacto] 'volendam' == 'volendam'
[2026-06-03 14:53:34] INFO: MATCH: FC Volendam                                   [Eredivisie | Netherlands | Netherlands] → https://crests.football-data.org/1919.png
[2026-06-03 14:53:34] WARNING: SIN COINCIDENCIA: FC Zürich
[2026-06-03 14:53:34] WARNING: SIN COINCIDENCIA: Farense
[2026-06-03 14:53:34] WARNING: SIN COINCIDENCIA: Fenerbahce
[2026-06-03 14:53:34] WARNING: SIN COINCIDENCIA: Fenerbahçe
[2026-06-03 14:53:34] WARNING: SIN COINCIDENCIA: Fenerbahçe SK/Betis
[2026-06-03 14:53:34] WARNING: SIN COINCIDENCIA: Ferencváros TC
[2026-06-03 14:53:34] DEBUG:   [L1-exacto] 'feyenoord' == 'feyenoord rotterdam'
[2026-06-03 14:53:34] INFO: MATCH: Feyenoord                                     [Eredivisie | Netherlands | Netherlands] → https://crests.football-data.org/675.png
[2026-06-03 14:53:34] DEBUG:   [L1-exacto] 'fiorentina' == 'acf fiorentina'
[2026-06-03 14:53:34] INFO: MATCH: Fiorentina                                    [Serie A | Italy | Italy] → https://crests.football-data.org/99.png
[2026-06-03 14:53:34] DEBUG:   [L1-exacto] 'flamengo' == 'cr flamengo'
[2026-06-03 14:53:34] INFO: MATCH: Flamengo                                      [Campeonato Brasileiro Série A | Brazil | Brazil] → https://crests.football-data.org/1783.png
[2026-06-03 14:53:34] DEBUG:   [L1-exacto] 'fluminense' == 'fluminense'
[2026-06-03 14:53:34] INFO: MATCH: Fluminense                                    [Campeonato Brasileiro Série A | Brazil | Brazil] → https://crests.football-data.org/1765.png
[2026-06-03 14:53:34] WARNING: SIN COINCIDENCIA: Fortuna Dusseldorf
[2026-06-03 14:53:34] DEBUG:   [L3-fuzzy] 'friburgo' ~ 'freiburg'  ratio=0.88
[2026-06-03 14:53:34] INFO: MATCH: Friburgo                                      [Bundesliga | Germany | Germany] → https://crests.football-data.org/17.png
[2026-06-03 14:53:34] WARNING: SIN COINCIDENCIA: Frosinone
[2026-06-03 14:53:34] DEBUG:   [L1-exacto] 'fulham' == 'fulham'
[2026-06-03 14:53:34] INFO: MATCH: Fulham                                        [Premier League | England | England] → https://crests.football-data.org/63.png
[2026-06-03 14:53:34] DEBUG:   [L1-exacto] 'galatasaray' == 'galatasaray'
[2026-06-03 14:53:34] INFO: MATCH: Galatasaray                                   [UEFA Champions League | Europe | Turkey] → https://crests.football-data.org/610.png
[2026-06-03 14:53:34] WARNING: SIN COINCIDENCIA: Gangwon
[2026-06-03 14:53:34] WARNING: SIN COINCIDENCIA: Gaziantep
[2026-06-03 14:53:34] WARNING: SIN COINCIDENCIA: Genk
[2026-06-03 14:53:34] DEBUG:   [L1-exacto] 'genoa' == 'genoa'
[2026-06-03 14:53:34] INFO: MATCH: Genoa                                         [Serie A | Italy | Italy] → https://crests.football-data.org/107.png
[2026-06-03 14:53:34] WARNING: SIN COINCIDENCIA: Gençlerbirliği
[2026-06-03 14:53:34] DEBUG:   [L1-exacto] 'gil vicente' == 'gil vicente'
[2026-06-03 14:53:34] INFO: MATCH: Gil Vicente                                   [Primeira Liga | Portugal | Portugal] → https://crests.football-data.org/5533.png
[2026-06-03 14:53:34] WARNING: SIN COINCIDENCIA: Girona
[2026-06-03 14:53:34] WARNING: SIN COINCIDENCIA: Granada
[2026-06-03 14:53:34] DEBUG:   [L1-exacto] 'gremio' == 'gremio fbpa'
[2026-06-03 14:53:34] INFO: MATCH: Gremio                                        [Campeonato Brasileiro Série A | Brazil | Brazil] → https://crests.football-data.org/1767.png
[2026-06-03 14:53:34] WARNING: SIN COINCIDENCIA: Gyor
[2026-06-03 14:53:34] WARNING: SIN COINCIDENCIA: HNK Rijeka
[2026-06-03 14:53:34] WARNING: SIN COINCIDENCIA: Hajduk Split
[2026-06-03 14:53:34] DEBUG:   [L1-exacto] 'hamburger sv' == 'hamburger sv'
[2026-06-03 14:53:34] INFO: MATCH: Hamburger SV                                  [Bundesliga | Germany | Germany] → https://crests.football-data.org/7.png
[2026-06-03 14:53:34] WARNING: SIN COINCIDENCIA: Hamburgo
[2026-06-03 14:53:34] WARNING: SIN COINCIDENCIA: Hannover 96
[2026-06-03 14:53:35] WARNING: SIN COINCIDENCIA: Hapoel Ironi Kiryat Shmona
[2026-06-03 14:53:35] WARNING: SIN COINCIDENCIA: Heart of Midlothian
[2026-06-03 14:53:35] DEBUG:   [L1-exacto] 'hellas verona' == 'hellas verona'
[2026-06-03 14:53:35] INFO: MATCH: Hellas Verona                                 [Serie A | Italy | Italy] → https://crests.football-data.org/450.png
[2026-06-03 14:53:35] WARNING: SIN COINCIDENCIA: Hibernian
[2026-06-03 14:53:35] DEBUG:   [L1-exacto] 'hoffenheim' == 'tsg 1899 hoffenheim'
[2026-06-03 14:53:35] INFO: MATCH: Hoffenheim                                    [Bundesliga | Germany | Germany] → https://crests.football-data.org/2.png
[2026-06-03 14:53:35] WARNING: SIN COINCIDENCIA: Holstein Kiel
[2026-06-03 14:53:35] WARNING: SIN COINCIDENCIA: Hradec Kralove
[2026-06-03 14:53:35] DEBUG:   [L1-exacto] 'hull city' == 'hull city'
[2026-06-03 14:53:35] INFO: MATCH: Hull City                                     [Championship | England | England] → https://crests.football-data.org/322.png
[2026-06-03 14:53:35] WARNING: SIN COINCIDENCIA: IFK Norrköping
[2026-06-03 14:53:35] WARNING: SIN COINCIDENCIA: Igdir FK
[2026-06-03 14:53:35] WARNING: SIN COINCIDENCIA: Igdır FK
[2026-06-03 14:53:35] WARNING: SIN COINCIDENCIA: Independiente
[2026-06-03 14:53:35] DEBUG:   [L1-exacto] 'inter' == 'internazionale milano'
[2026-06-03 14:53:35] INFO: MATCH: Inter                                         [UEFA Champions League | Europe | Italy] → https://crests.football-data.org/108.png
[2026-06-03 14:53:35] WARNING: SIN COINCIDENCIA: Inter Miami
[2026-06-03 14:53:35] WARNING: SIN COINCIDENCIA: Inter Milan
[2026-06-03 14:53:35] WARNING: SIN COINCIDENCIA: Inter de Milan
[2026-06-03 14:53:35] WARNING: SIN COINCIDENCIA: Inter de Milán
[2026-06-03 14:53:35] WARNING: SIN COINCIDENCIA: Internacional de Porto Alegre
[2026-06-03 14:53:35] DEBUG:   [L1-exacto] 'ipswich town' == 'ipswich town'
[2026-06-03 14:53:35] INFO: MATCH: Ipswich Town                                  [Championship | England | England] → https://crests.football-data.org/349.png
[2026-06-03 14:53:35] WARNING: SIN COINCIDENCIA: JS Kabylie
[2026-06-03 14:53:35] WARNING: SIN COINCIDENCIA: Jagiellonia Bialystok
[2026-06-03 14:53:35] WARNING: SIN COINCIDENCIA: Jeonbuk
[2026-06-03 14:53:35] DEBUG:   [L1-exacto] 'juventus' == 'juventus'
[2026-06-03 14:53:35] INFO: MATCH: Juventus                                      [UEFA Champions League | Europe | Italy] → https://crests.football-data.org/109.png
[2026-06-03 14:53:35] WARNING: SIN COINCIDENCIA: Juárez FC
[2026-06-03 14:53:35] WARNING: SIN COINCIDENCIA: KAA Gent
[2026-06-03 14:53:35] WARNING: SIN COINCIDENCIA: KRC Genk
[2026-06-03 14:53:35] WARNING: SIN COINCIDENCIA: Kaizer Chiefs
[2026-06-03 14:53:35] WARNING: SIN COINCIDENCIA: Karlsruher
[2026-06-03 14:53:35] WARNING: SIN COINCIDENCIA: Kashima Antlers
[2026-06-03 14:53:35] WARNING: SIN COINCIDENCIA: Kashima Antrlers
[2026-06-03 14:53:35] WARNING: SIN COINCIDENCIA: Kasımpaşa
[2026-06-03 14:53:35] WARNING: SIN COINCIDENCIA: Kayserispor
[2026-06-03 14:53:35] WARNING: SIN COINCIDENCIA: Kifisia
[2026-06-03 14:53:35] WARNING: SIN COINCIDENCIA: Kilmarnock
[2026-06-03 14:53:35] WARNING: SIN COINCIDENCIA: Konyaspor
[2026-06-03 14:53:35] WARNING: SIN COINCIDENCIA: Krasnodar
[2026-06-03 14:53:35] WARNING: SIN COINCIDENCIA: LAFC
[2026-06-03 14:53:35] WARNING: SIN COINCIDENCIA: LASK
[2026-06-03 14:53:35] WARNING: SIN COINCIDENCIA: LDU Quito
[2026-06-03 14:53:35] WARNING: SIN COINCIDENCIA: Larisa
[2026-06-03 14:53:35] DEBUG:   [L1-exacto] 'havre' == 'havre ac'
[2026-06-03 14:53:35] INFO: MATCH: Le Havre                                      [Ligue 1 | France | France] → https://crests.football-data.org/533.png
[2026-06-03 14:53:35] WARNING: SIN COINCIDENCIA: Lechia Gdansk
[2026-06-03 14:53:35] DEBUG:   [L2-subset] 'leeds' ⊆ 'leeds united'
[2026-06-03 14:53:35] INFO: MATCH: Leeds                                         [Premier League | England | England] → https://crests.football-data.org/341.png
[2026-06-03 14:53:35] DEBUG:   [L1-exacto] 'leeds united' == 'leeds united'
[2026-06-03 14:53:35] INFO: MATCH: Leeds United                                  [Premier League | England | England] → https://crests.football-data.org/341.png
[2026-06-03 14:53:35] DEBUG:   [L2-subset] 'leipzig' ⊆ 'rb leipzig'
[2026-06-03 14:53:35] INFO: MATCH: Leipzig                                       [Bundesliga | Germany | Germany] → https://crests.football-data.org/721.png
[2026-06-03 14:53:35] DEBUG:   [L2-subset] 'lens' ⊆ 'racing club lens'
[2026-06-03 14:53:35] INFO: MATCH: Lens                                          [Ligue 1 | France | France] → https://crests.football-data.org/546.png
[2026-06-03 14:53:35] DEBUG:   [L1-exacto] 'lille' == 'lille osc'
[2026-06-03 14:53:35] INFO: MATCH: Lille                                         [Ligue 1 | France | France] → https://crests.football-data.org/521.png
[2026-06-03 14:53:35] DEBUG:   [L1-exacto] 'liverpool' == 'liverpool'
[2026-06-03 14:53:35] INFO: MATCH: Liverpool                                     [Premier League | England | England] → https://crests.football-data.org/64.png
[2026-06-03 14:53:35] DEBUG:   [L1-exacto] 'lorient' == 'lorient'
[2026-06-03 14:53:35] INFO: MATCH: Lorient                                       [Ligue 1 | France | France] → https://crests.football-data.org/525.png
[2026-06-03 14:53:35] WARNING: SIN COINCIDENCIA: Ludogorets
[2026-06-03 14:53:35] WARNING: SIN COINCIDENCIA: Maccabi Haifa
[2026-06-03 14:53:35] WARNING: SIN COINCIDENCIA: Maccabi Tel Aviv
[2026-06-03 14:53:35] DEBUG:   [L1-exacto] 'mainz' == '1. fsv mainz 05'
[2026-06-03 14:53:35] INFO: MATCH: Mainz                                         [Bundesliga | Germany | Germany] → https://crests.football-data.org/15.png
[2026-06-03 14:53:35] DEBUG:   [L2-subset] 'mainz 05' ⊆ '1. fsv mainz 05'
[2026-06-03 14:53:35] INFO: MATCH: Mainz 05                                      [Bundesliga | Germany | Germany] → https://crests.football-data.org/15.png
[2026-06-03 14:53:35] WARNING: SIN COINCIDENCIA: Mallorca
[2026-06-03 14:53:35] WARNING: SIN COINCIDENCIA: Malmo FF
[2026-06-03 14:53:35] WARNING: SIN COINCIDENCIA: Mamelodi Sundowns
[2026-06-03 14:53:35] DEBUG:   [L1-exacto] 'manchester city' == 'manchester city'
[2026-06-03 14:53:35] INFO: MATCH: Manchester City                               [Premier League | England | England] → https://crests.football-data.org/65.png
[2026-06-03 14:53:35] DEBUG:   [L3-fuzzy] 'manchester united' ~ 'manchester city'  ratio=0.81
[2026-06-03 14:53:35] INFO: MATCH: Manchester United                             [Premier League | England | England] → https://crests.football-data.org/65.png
[2026-06-03 14:53:35] WARNING: SIN COINCIDENCIA: Maribor
[2026-06-03 14:53:35] DEBUG:   [L1-exacto] 'marseille' == 'olympique marseille'
[2026-06-03 14:53:35] INFO: MATCH: Marseille                                     [UEFA Champions League | Europe | France] → https://crests.football-data.org/516.png
[2026-06-03 14:53:35] DEBUG:   [L3-fuzzy] 'marsella' ~ 'marseille'  ratio=0.82
[2026-06-03 14:53:35] INFO: MATCH: Marsella                                      [UEFA Champions League | Europe | France] → https://crests.football-data.org/516.png
[2026-06-03 14:53:35] WARNING: SIN COINCIDENCIA: Mazatlán FC
[2026-06-03 14:53:35] WARNING: SIN COINCIDENCIA: Mechelen
[2026-06-03 14:53:35] WARNING: SIN COINCIDENCIA: Miami FC
[2026-06-03 14:53:35] DEBUG:   [L1-exacto] 'middlesbrough' == 'middlesbrough'
[2026-06-03 14:53:35] INFO: MATCH: Middlesbrough                                 [Championship | England | England] → https://crests.football-data.org/343.png
[2026-06-03 14:53:35] WARNING: SIN COINCIDENCIA: Midtjylland
[2026-06-03 14:53:35] DEBUG:   [L1-exacto] 'milan' == 'ac milan'
[2026-06-03 14:53:35] INFO: MATCH: Milan                                         [Serie A | Italy | Italy] → https://crests.football-data.org/98.png
[2026-06-03 14:53:35] DEBUG:   [L1-exacto] 'millwall' == 'millwall'
[2026-06-03 14:53:35] INFO: MATCH: Millwall                                      [Championship | England | England] → https://crests.football-data.org/384.png
[2026-06-03 14:53:35] WARNING: SIN COINCIDENCIA: Minnesota United
[2026-06-03 14:53:35] WARNING: SIN COINCIDENCIA: Minnesota United FC
[2026-06-03 14:53:35] WARNING: SIN COINCIDENCIA: Mjällby AIF
[2026-06-03 14:53:35] WARNING: SIN COINCIDENCIA: Mlada Boleslav
[2026-06-03 14:53:35] WARNING: SIN COINCIDENCIA: Molde
[2026-06-03 14:53:35] DEBUG:   [L1-exacto] 'monaco' == 'monaco'
[2026-06-03 14:53:35] INFO: MATCH: Monaco                                        [UEFA Champions League | Europe | Monaco] → https://crests.football-data.org/548.png
[2026-06-03 14:53:35] WARNING: SIN COINCIDENCIA: Monagas
[2026-06-03 14:53:35] WARNING: SIN COINCIDENCIA: Montana 1921
[2026-06-03 14:53:35] WARNING: SIN COINCIDENCIA: Monterrey
[2026-06-03 14:53:35] WARNING: SIN COINCIDENCIA: Montpellier
[2026-06-03 14:53:35] WARNING: SIN COINCIDENCIA: Motherwell F.C.
[2026-06-03 14:53:35] DEBUG:   [L1-exacto] 'monaco' == 'monaco'
[2026-06-03 14:53:35] INFO: MATCH: Mónaco                                        [UEFA Champions League | Europe | Monaco] → https://crests.football-data.org/548.png
[2026-06-03 14:53:35] WARNING: SIN COINCIDENCIA: N.E.C.
[2026-06-03 14:53:35] WARNING: SIN COINCIDENCIA: NEC Nijmegen
[2026-06-03 14:53:35] WARNING: SIN COINCIDENCIA: NK Maribor
[2026-06-03 14:53:35] WARNING: SIN COINCIDENCIA: NK Slaven Belupo
[2026-06-03 14:53:35] DEBUG:   [L2-subset] 'nacional' ⊆ 'cd nacional'
[2026-06-03 14:53:35] INFO: MATCH: Nacional                                      [Primeira Liga | Portugal | Portugal] → https://crests.football-data.org/5529.png
[2026-06-03 14:53:35] DEBUG:   [L1-exacto] 'napoli' == 'ssc napoli'
[2026-06-03 14:53:35] INFO: MATCH: Napoli                                        [UEFA Champions League | Europe | Italy] → https://crests.football-data.org/113.png
[2026-06-03 14:53:35] WARNING: SIN COINCIDENCIA: New England Revolution
[2026-06-03 14:53:35] WARNING: SIN COINCIDENCIA: New York City FC
[2026-06-03 14:53:35] DEBUG:   [L1-exacto] 'newcastle' == 'newcastle united'
[2026-06-03 14:53:35] INFO: MATCH: Newcastle                                     [Premier League | England | England] → https://crests.football-data.org/67.png
[2026-06-03 14:53:35] WARNING: SIN COINCIDENCIA: Newcastle Jets FC
[2026-06-03 14:53:35] DEBUG:   [L1-exacto] 'newcastle united' == 'newcastle united'
[2026-06-03 14:53:35] INFO: MATCH: Newcastle United                              [Premier League | England | England] → https://crests.football-data.org/67.png
[2026-06-03 14:53:35] DEBUG:   [L1-exacto] 'nice' == 'ogc nice'
[2026-06-03 14:53:35] INFO: MATCH: Nice                                          [Ligue 1 | France | France] → https://crests.football-data.org/522.png
[2026-06-03 14:53:35] WARNING: SIN COINCIDENCIA: Niza
[2026-06-03 14:53:35] WARNING: SIN COINCIDENCIA: Noah
[2026-06-03 14:53:35] DEBUG:   [L1-exacto] 'norwich city' == 'norwich city'
[2026-06-03 14:53:35] INFO: MATCH: Norwich City                                  [Championship | England | England] → https://crests.football-data.org/68.png
[2026-06-03 14:53:35] DEBUG:   [L1-exacto] 'nottingham forest' == 'nottingham forest'
[2026-06-03 14:53:35] INFO: MATCH: Nottingham Forest                             [Premier League | England | England] → https://crests.football-data.org/351.png
[2026-06-03 14:53:35] DEBUG:   [L1-exacto] 'nottingham forest' == 'nottingham forest'
[2026-06-03 14:53:35] INFO: MATCH: Nottingham Forest F.C.                        [Premier League | England | England] → https://crests.football-data.org/351.png
[2026-06-03 14:53:35] DEBUG:   [L1-exacto] 'ogc nice' == 'ogc nice'
[2026-06-03 14:53:35] INFO: MATCH: OGC Nice                                      [Ligue 1 | France | France] → https://crests.football-data.org/522.png
[2026-06-03 14:53:35] DEBUG:   [L3-fuzzy] 'olympiacos' ~ 'olympiakos'  ratio=0.90
[2026-06-03 14:53:35] INFO: MATCH: Olympiacos FC                                 [UEFA Champions League | Europe | Greece] → https://crests.football-data.org/654.png
[2026-06-03 14:53:35] DEBUG:   [L1-exacto] 'olympique lyon' == 'olympique lyonnais'
[2026-06-03 14:53:35] INFO: MATCH: Olympique de Lyon                             [Ligue 1 | France | France] → https://crests.football-data.org/523.png
[2026-06-03 14:53:35] DEBUG:   [L1-exacto] 'olympique marseille' == 'olympique marseille'
[2026-06-03 14:53:35] INFO: MATCH: Olympique de Marseille                        [UEFA Champions League | Europe | France] → https://crests.football-data.org/516.png
[2026-06-03 14:53:35] DEBUG:   [L3-fuzzy] 'olympique marsella' ~ 'olympique marseille'  ratio=0.92
[2026-06-03 14:53:35] INFO: MATCH: Olympique de Marsella                         [UEFA Champions League | Europe | France] → https://crests.football-data.org/516.png
[2026-06-03 14:53:35] WARNING: SIN COINCIDENCIA: Omonia Nicosia
[2026-06-03 14:53:35] WARNING: SIN COINCIDENCIA: Orlando City
[2026-06-03 14:53:35] WARNING: SIN COINCIDENCIA: Orlando City SC
[2026-06-03 14:53:35] WARNING: SIN COINCIDENCIA: Orlando Pirates
[2026-06-03 14:53:35] WARNING: SIN COINCIDENCIA: Osasuna
[2026-06-03 14:53:35] WARNING: SIN COINCIDENCIA: Oțelul Galați
[2026-06-03 14:53:35] DEBUG:   [L1-exacto] 'pec zwolle' == 'pec zwolle'
[2026-06-03 14:53:35] INFO: MATCH: PEC Zwolle                                    [Eredivisie | Netherlands | Netherlands] → https://crests.football-data.org/684.png
[2026-06-03 14:53:35] WARNING: SIN COINCIDENCIA: PFC Turan Tovuz
[2026-06-03 14:53:35] DEBUG:   [L1-exacto] 'psg' == 'paris saint-germain'
[2026-06-03 14:53:35] INFO: MATCH: PSG                                           [UEFA Champions League | Europe | France] → https://crests.football-data.org/524.png
[2026-06-03 14:53:35] DEBUG:   [L1-exacto] 'psv' == 'psv'
[2026-06-03 14:53:35] INFO: MATCH: PSV                                           [UEFA Champions League | Europe | Netherlands] → https://crests.football-data.org/674.png
[2026-06-03 14:53:35] WARNING: SIN COINCIDENCIA: PSV Eindhoven
[2026-06-03 14:53:35] WARNING: SIN COINCIDENCIA: Pafos
[2026-06-03 14:53:35] DEBUG:   [L1-exacto] 'palmeiras' == 'se palmeiras'
[2026-06-03 14:53:35] INFO: MATCH: Palmeiras                                     [Campeonato Brasileiro Série A | Brazil | Brazil] → https://crests.football-data.org/1769.png
[2026-06-03 14:53:35] WARNING: SIN COINCIDENCIA: Panathinaikos
[2026-06-03 14:53:35] DEBUG:   [L1-exacto] 'paranaense' == 'ca paranaense'
[2026-06-03 14:53:35] INFO: MATCH: Paranaense                                    [Campeonato Brasileiro Série A | Brazil | Brazil] → https://crests.football-data.org/1768.png
[2026-06-03 14:53:35] DEBUG:   [L2-subset] 'paris' ⊆ 'paris saint-germain'
[2026-06-03 14:53:35] INFO: MATCH: Paris                                         [UEFA Champions League | Europe | France] → https://crests.football-data.org/524.png
[2026-06-03 14:53:35] DEBUG:   [L1-exacto] 'paris saint-germain' == 'paris saint-germain'
[2026-06-03 14:53:35] INFO: MATCH: Paris Saint-Germain                           [UEFA Champions League | Europe | France] → https://crests.football-data.org/524.png
[2026-06-03 14:53:35] DEBUG:   [L1-exacto] 'parma' == 'parma calcio 1913'
[2026-06-03 14:53:35] INFO: MATCH: Parma                                         [Serie A | Italy | Italy] → https://crests.football-data.org/112.png
[2026-06-03 14:53:35] WARNING: SIN COINCIDENCIA: Peterborough
[2026-06-03 14:53:35] WARNING: SIN COINCIDENCIA: Philadelphia Union
[2026-06-03 14:53:35] DEBUG:   [L2-subset] 'pisa' ⊆ 'ac pisa 1909'
[2026-06-03 14:53:35] INFO: MATCH: Pisa                                          [Serie A | Italy | Italy] → https://crests.football-data.org/487.png
[2026-06-03 14:53:35] WARNING: SIN COINCIDENCIA: Plaza Amador
[2026-06-03 14:53:35] WARNING: SIN COINCIDENCIA: Polokwane City
[2026-06-03 14:53:35] WARNING: SIN COINCIDENCIA: Port Vale
[2026-06-03 14:53:35] WARNING: SIN COINCIDENCIA: Portland Timbers
[2026-06-03 14:53:35] DEBUG:   [L1-exacto] 'porto' == 'porto'
[2026-06-03 14:53:35] INFO: MATCH: Porto                                         [Primeira Liga | Portugal | Portugal] → https://crests.football-data.org/503.png
[2026-06-03 14:53:35] WARNING: SIN COINCIDENCIA: Pumas
[2026-06-03 14:53:35] WARNING: SIN COINCIDENCIA: Puskás Akadémia
[2026-06-03 14:53:35] WARNING: SIN COINCIDENCIA: Pyramids
[2026-06-03 14:53:35] WARNING: SIN COINCIDENCIA: Pyramids FC
[2026-06-03 14:53:35] DEBUG:   [L1-exacto] 'rb leipzig' == 'rb leipzig'
[2026-06-03 14:53:35] INFO: MATCH: RB Leipzig                                    [Bundesliga | Germany | Germany] → https://crests.football-data.org/721.png
[2026-06-03 14:53:35] DEBUG:   [L1-exacto] 'rc lens' == 'racing club lens'
[2026-06-03 14:53:35] INFO: MATCH: RC Lens                                       [Ligue 1 | France | France] → https://crests.football-data.org/546.png
[2026-06-03 14:53:35] WARNING: SIN COINCIDENCIA: RKC
[2026-06-03 14:53:35] WARNING: SIN COINCIDENCIA: RKC Waalwijk
[2026-06-03 14:53:35] WARNING: SIN COINCIDENCIA: RS Berkane
[2026-06-03 14:53:35] WARNING: SIN COINCIDENCIA: Racign de Estrasburgo
[2026-06-03 14:53:35] WARNING: SIN COINCIDENCIA: Racing Genk
[2026-06-03 14:53:35] DEBUG:   [L2-subset] 'racing lens' ⊆ 'racing club lens'
[2026-06-03 14:53:35] INFO: MATCH: Racing Lens                                   [Ligue 1 | France | France] → https://crests.football-data.org/546.png
[2026-06-03 14:53:35] WARNING: SIN COINCIDENCIA: Racing de Estrasburgo
[2026-06-03 14:53:35] WARNING: SIN COINCIDENCIA: Racing de Santander
[2026-06-03 14:53:35] WARNING: SIN COINCIDENCIA: Raja Casablanca
[2026-06-03 14:53:35] DEBUG:   [L2-subset] 'rangers' ⊆ 'queens park rangers'
[2026-06-03 14:53:35] INFO: MATCH: Rangers                                       [Championship | England | England] → https://crests.football-data.org/69.png
[2026-06-03 14:53:35] WARNING: SIN COINCIDENCIA: Rayo Vallecano
[2026-06-03 14:53:35] WARNING: SIN COINCIDENCIA: Real Betis
[2026-06-03 14:53:35] DEBUG:   [L1-exacto] 'real madrid' == 'real madrid cf'
[2026-06-03 14:53:35] INFO: MATCH: Real Madrid                                   [UEFA Champions League | Europe | Spain] → https://crests.football-data.org/86.png
[2026-06-03 14:53:35] WARNING: SIN COINCIDENCIA: Real Oviedo
[2026-06-03 14:53:35] WARNING: SIN COINCIDENCIA: Real Salt Lake
[2026-06-03 14:53:35] WARNING: SIN COINCIDENCIA: Real Sociedad
[2026-06-03 14:53:35] WARNING: SIN COINCIDENCIA: Red Bull Salzburgo
[2026-06-03 14:53:35] WARNING: SIN COINCIDENCIA: Red Star
[2026-06-03 14:53:35] WARNING: SIN COINCIDENCIA: Rennes
[2026-06-03 14:53:35] WARNING: SIN COINCIDENCIA: River Plate
[2026-06-03 14:53:35] WARNING: SIN COINCIDENCIA: Rizespor
[2026-06-03 14:53:35] DEBUG:   [L1-exacto] 'roma' == 'roma'
[2026-06-03 14:53:35] INFO: MATCH: Roma                                          [Serie A | Italy | Italy] → https://crests.football-data.org/100.png
[2026-06-03 14:53:35] WARNING: SIN COINCIDENCIA: Rosario Central
[2026-06-03 14:53:35] WARNING: SIN COINCIDENCIA: Rotherham
[2026-06-03 14:53:35] DEBUG:   [L1-exacto] 'royale union saint-gilloise' == 'royale union saint-gilloise'
[2026-06-03 14:53:35] INFO: MATCH: Royale Union Saint-Gilloise                   [UEFA Champions League | Europe | Belgium] → https://crests.football-data.org/3929.png
[2026-06-03 14:53:35] DEBUG:   [L1-exacto] 'napoli' == 'ssc napoli'
[2026-06-03 14:53:35] INFO: MATCH: S.S.C. Napoli                                 [UEFA Champions League | Europe | Italy] → https://crests.football-data.org/113.png
[2026-06-03 14:53:35] WARNING: SIN COINCIDENCIA: SC Bastia
[2026-06-03 14:53:35] WARNING: SIN COINCIDENCIA: SJK Seinajoki
[2026-06-03 14:53:35] WARNING: SIN COINCIDENCIA: SK Beveren
[2026-06-03 14:53:35] WARNING: SIN COINCIDENCIA: SV Zulte Waregem
[2026-06-03 14:53:35] WARNING: SIN COINCIDENCIA: Salzburgo
[2026-06-03 14:53:35] WARNING: SIN COINCIDENCIA: Sampdoria
[2026-06-03 14:53:35] WARNING: SIN COINCIDENCIA: Samsunspor
[2026-06-03 14:53:35] WARNING: SIN COINCIDENCIA: San Diego FC
[2026-06-03 14:53:35] WARNING: SIN COINCIDENCIA: Sanfrecce Hiroshima
[2026-06-03 14:53:35] DEBUG:   [L1-exacto] 'santos' == 'santos'
[2026-06-03 14:53:35] INFO: MATCH: Santos                                        [Campeonato Brasileiro Série A | Brazil | Brazil] → https://crests.football-data.org/6685.png
[2026-06-03 14:53:35] DEBUG:   [L1-exacto] 'sassuolo' == 'us sassuolo calcio'
[2026-06-03 14:53:35] INFO: MATCH: Sassuolo                                      [Serie A | Italy | Italy] → https://crests.football-data.org/471.png
[2026-06-03 14:53:35] WARNING: SIN COINCIDENCIA: Schalke 04
[2026-06-03 14:53:35] WARNING: SIN COINCIDENCIA: Seattle Sounders
[2026-06-03 14:53:35] WARNING: SIN COINCIDENCIA: Servette
[2026-06-03 14:53:35] WARNING: SIN COINCIDENCIA: Sevilla
[2026-06-03 14:53:35] WARNING: SIN COINCIDENCIA: Shamrock Rovers
[2026-06-03 14:53:35] DEBUG:   [L3-fuzzy] 'sheffield united' ~ 'sheffield wed'  ratio=0.83
[2026-06-03 14:53:35] INFO: MATCH: Sheffield United                              [Championship | England | England] → https://crests.football-data.org/345.png
[2026-06-03 14:53:35] DEBUG:   [L3-fuzzy] 'sheffield united' ~ 'sheffield wed'  ratio=0.83
[2026-06-03 14:53:35] INFO: MATCH: Sheffield United F.C.                         [Championship | England | England] → https://crests.football-data.org/345.png
[2026-06-03 14:53:35] WARNING: SIN COINCIDENCIA: Silkeborg IF
[2026-06-03 14:53:35] WARNING: SIN COINCIDENCIA: Sint Truidense
[2026-06-03 14:53:35] WARNING: SIN COINCIDENCIA: Sint-Truidense
[2026-06-03 14:53:35] DEBUG:   [L3-fuzzy] 'slavia praga' ~ 'slavia praha'  ratio=0.92
[2026-06-03 14:53:35] INFO: MATCH: Slavia Praga                                  [UEFA Champions League | Europe | Czech Republic] → https://crests.football-data.org/930.png
[2026-06-03 14:53:35] WARNING: SIN COINCIDENCIA: Slovan Bratislava
[2026-06-03 14:53:35] WARNING: SIN COINCIDENCIA: Slovan Liberec
[2026-06-03 14:53:35] WARNING: SIN COINCIDENCIA: Smouha SC
[2026-06-03 14:53:35] WARNING: SIN COINCIDENCIA: Sparta Praga
[2026-06-03 14:53:35] DEBUG:   [L1-exacto] 'sparta rotterdam' == 'sparta rotterdam'
[2026-06-03 14:53:35] INFO: MATCH: Sparta Rotterdam                              [Eredivisie | Netherlands | Netherlands] → https://crests.football-data.org/6806.png
[2026-06-03 14:53:35] WARNING: SIN COINCIDENCIA: Spartak Moscow
[2026-06-03 14:53:35] DEBUG:   [L2-subset] 'sporting' ⊆ 'sporting clube portugal'
[2026-06-03 14:53:35] INFO: MATCH: Sporting                                      [UEFA Champions League | Europe | Portugal] → https://crests.football-data.org/498.png
[2026-06-03 14:53:35] DEBUG:   [L2-subset] 'sporting braga' ⊆ 'sporting clube braga'
[2026-06-03 14:53:35] INFO: MATCH: Sporting Braga                                [Primeira Liga | Portugal | Portugal] → https://crests.football-data.org/5613.png
[2026-06-03 14:53:35] DEBUG:   [L1-exacto] 'sporting cp' == 'sporting clube portugal'
[2026-06-03 14:53:35] INFO: MATCH: Sporting CP                                   [UEFA Champions League | Europe | Portugal] → https://crests.football-data.org/498.png
[2026-06-03 14:53:35] WARNING: SIN COINCIDENCIA: Sporting Lisboa
[2026-06-03 14:53:35] DEBUG:   [L2-subset] 'sporting portugal' ⊆ 'sporting clube portugal'
[2026-06-03 14:53:35] INFO: MATCH: Sporting de Portugal                          [UEFA Champions League | Europe | Portugal] → https://crests.football-data.org/498.png
[2026-06-03 14:53:35] DEBUG:   [L3-fuzzy] 'stade nyonnais' ~ 'stade rennais'  ratio=0.81
[2026-06-03 14:53:35] INFO: MATCH: Stade Nyonnais                                [Ligue 1 | France | France] → https://crests.football-data.org/529.png
[2026-06-03 14:53:35] DEBUG:   [L1-exacto] 'stade rennais' == 'stade rennais 1901'
[2026-06-03 14:53:35] INFO: MATCH: Stade Rennais                                 [Ligue 1 | France | France] → https://crests.football-data.org/529.png
[2026-06-03 14:53:35] DEBUG:   [L3-fuzzy] 'stade reims' ~ 'stade rennais'  ratio=0.83
[2026-06-03 14:53:35] INFO: MATCH: Stade de Reims                                [Ligue 1 | France | France] → https://crests.football-data.org/529.png
[2026-06-03 14:53:35] WARNING: SIN COINCIDENCIA: Standard Liege
[2026-06-03 14:53:35] DEBUG:   [L1-exacto] 'stoke city' == 'stoke city'
[2026-06-03 14:53:35] INFO: MATCH: Stoke City                                    [Championship | England | England] → https://crests.football-data.org/70.png
[2026-06-03 14:53:35] DEBUG:   [L1-exacto] 'strasbourg' == 'rc strasbourg alsace'
[2026-06-03 14:53:35] INFO: MATCH: Strasbourg                                    [Ligue 1 | France | France] → https://crests.football-data.org/576.png
[2026-06-03 14:53:35] DEBUG:   [L1-exacto] 'stuttgart' == 'vfb stuttgart'
[2026-06-03 14:53:35] INFO: MATCH: Stuttgart                                     [Bundesliga | Germany | Germany] → https://crests.football-data.org/10.png
[2026-06-03 14:53:35] DEBUG:   [L1-exacto] 'sunderland' == 'sunderland'
[2026-06-03 14:53:35] INFO: MATCH: Sunderland                                    [Premier League | England | England] → https://crests.football-data.org/71.png
[2026-06-03 14:53:35] DEBUG:   [L1-exacto] 'sunderland' == 'sunderland'
[2026-06-03 14:53:35] INFO: MATCH: Sunderland AFC                                [Premier League | England | England] → https://crests.football-data.org/71.png
[2026-06-03 14:53:35] DEBUG:   [L1-exacto] 'swansea' == 'swansea city'
[2026-06-03 14:53:35] INFO: MATCH: Swansea                                       [Championship | England | Wales] → https://crests.football-data.org/72.png
[2026-06-03 14:53:35] DEBUG:   [L1-exacto] 'swansea city' == 'swansea city'
[2026-06-03 14:53:35] INFO: MATCH: Swansea City A.F.C.                           [Championship | England | Wales] → https://crests.football-data.org/72.png
[2026-06-03 14:53:35] DEBUG:   [L2-subset] 'tsg hoffenheim' ⊆ 'tsg 1899 hoffenheim'
[2026-06-03 14:53:35] INFO: MATCH: TSG Hoffenheim                                [Bundesliga | Germany | Germany] → https://crests.football-data.org/2.png
[2026-06-03 14:53:35] DEBUG:   [L1-exacto] 'telstar' == 'telstar 1963'
[2026-06-03 14:53:35] INFO: MATCH: Telstar                                       [Eredivisie | Netherlands | Netherlands] → https://crests.football-data.org/1912.png
[2026-06-03 14:53:35] WARNING: SIN COINCIDENCIA: Terengganu FC
[2026-06-03 14:53:35] WARNING: SIN COINCIDENCIA: Tigres
[2026-06-03 14:53:35] WARNING: SIN COINCIDENCIA: Tigres UANL
[2026-06-03 14:53:35] DEBUG:   [L1-exacto] 'tondela' == 'cd tondela'
[2026-06-03 14:53:35] INFO: MATCH: Tondela                                       [Primeira Liga | Portugal | Portugal] → https://crests.football-data.org/1049.png
[2026-06-03 14:53:35] DEBUG:   [L1-exacto] 'torino' == 'torino'
[2026-06-03 14:53:35] INFO: MATCH: Torino                                        [Serie A | Italy | Italy] → https://crests.football-data.org/586.png
[2026-06-03 14:53:35] WARNING: SIN COINCIDENCIA: Toronto
[2026-06-03 14:53:35] WARNING: SIN COINCIDENCIA: Toronto FC
[2026-06-03 14:53:35] WARNING: SIN COINCIDENCIA: Torreense
[2026-06-03 14:53:35] DEBUG:   [L1-exacto] 'tottenham' == 'tottenham hotspur'
[2026-06-03 14:53:35] INFO: MATCH: Tottenham                                     [Premier League | England | England] → https://crests.football-data.org/73.png
[2026-06-03 14:53:35] DEBUG:   [L1-exacto] 'tottenham hotspur' == 'tottenham hotspur'
[2026-06-03 14:53:35] INFO: MATCH: Tottenham Hotspur                             [Premier League | England | England] → https://crests.football-data.org/73.png
[2026-06-03 14:53:35] DEBUG:   [L1-exacto] 'toulouse' == 'toulouse'
[2026-06-03 14:53:35] INFO: MATCH: Toulouse                                      [Ligue 1 | France | France] → https://crests.football-data.org/511.png
[2026-06-03 14:53:35] WARNING: SIN COINCIDENCIA: Trabzonspor
[2026-06-03 14:53:35] DEBUG:   [L1-exacto] 'twente' == 'twente '65'
[2026-06-03 14:53:35] INFO: MATCH: Twente                                        [Eredivisie | Netherlands | Netherlands] → https://crests.football-data.org/666.png
[2026-06-03 14:53:35] WARNING: SIN COINCIDENCIA: U. Católica de Ecuador
[2026-06-03 14:53:35] WARNING: SIN COINCIDENCIA: US Monastir
[2026-06-03 14:53:35] DEBUG:   [L1-exacto] 'us sassuolo calcio' == 'us sassuolo calcio'
[2026-06-03 14:53:35] INFO: MATCH: US Sassuolo Calcio                            [Serie A | Italy | Italy] → https://crests.football-data.org/471.png
[2026-06-03 14:53:35] WARNING: SIN COINCIDENCIA: USM Alger
[2026-06-03 14:53:35] DEBUG:   [L1-exacto] 'udinese' == 'udinese calcio'
[2026-06-03 14:53:35] INFO: MATCH: Udinese                                       [Serie A | Italy | Italy] → https://crests.football-data.org/115.png
[2026-06-03 14:53:35] WARNING: SIN COINCIDENCIA: Ulsan
[2026-06-03 14:53:35] DEBUG:   [L1-exacto] 'union berlin' == '1. union berlin'
[2026-06-03 14:53:35] INFO: MATCH: Union Berlin                                  [Bundesliga | Germany | Germany] → https://crests.football-data.org/28.png
[2026-06-03 14:53:35] DEBUG:   [L2-subset] 'union saint-gilloise' ⊆ 'royale union saint-gilloise'
[2026-06-03 14:53:35] INFO: MATCH: Union Saint-Gilloise                          [UEFA Champions League | Europe | Belgium] → https://crests.football-data.org/3929.png
[2026-06-03 14:53:35] WARNING: SIN COINCIDENCIA: Universidad de Concepción
[2026-06-03 14:53:35] WARNING: SIN COINCIDENCIA: Universitatea Cluj
[2026-06-03 14:53:35] WARNING: SIN COINCIDENCIA: VVV-Venlo
[2026-06-03 14:53:36] WARNING: SIN COINCIDENCIA: Valencia
[2026-06-03 14:53:36] WARNING: SIN COINCIDENCIA: Vancouver Whitecaps
[2026-06-03 14:53:36] DEBUG:   [L1-exacto] 'vasco da gama' == 'cr vasco da gama'
[2026-06-03 14:53:36] INFO: MATCH: Vasco da Gama                                 [Campeonato Brasileiro Série A | Brazil | Brazil] → https://crests.football-data.org/1780.png
[2026-06-03 14:53:36] WARNING: SIN COINCIDENCIA: Venezia FC
[2026-06-03 14:53:36] WARNING: SIN COINCIDENCIA: Viking
[2026-06-03 14:53:36] WARNING: SIN COINCIDENCIA: Viking FK
[2026-06-03 14:53:36] WARNING: SIN COINCIDENCIA: Viktoria Plzen
[2026-06-03 14:53:36] WARNING: SIN COINCIDENCIA: Viktoria Plzeň
[2026-06-03 14:53:36] DEBUG:   [L3-fuzzy] 'villareal' ~ 'villarreal'  ratio=0.95
[2026-06-03 14:53:36] INFO: MATCH: Villareal                                     [UEFA Champions League | Europe | Spain] → https://crests.football-data.org/94.png
[2026-06-03 14:53:36] DEBUG:   [L1-exacto] 'villarreal' == 'villarreal cf'
[2026-06-03 14:53:36] INFO: MATCH: Villarreal                                    [UEFA Champions League | Europe | Spain] → https://crests.football-data.org/94.png
[2026-06-03 14:53:36] WARNING: SIN COINCIDENCIA: Violette AC
[2026-06-03 14:53:36] DEBUG:   [L1-exacto] 'vitoria' == 'ec vitoria'
[2026-06-03 14:53:36] INFO: MATCH: Vitória                                       [Campeonato Brasileiro Série A | Brazil | Brazil] → https://crests.football-data.org/1782.png
[2026-06-03 14:53:36] WARNING: SIN COINCIDENCIA: Vélez Sarsfield
[2026-06-03 14:53:36] DEBUG:   [L1-exacto] 'watford' == 'watford'
[2026-06-03 14:53:36] INFO: MATCH: Watford                                       [Championship | England | England] → https://crests.football-data.org/346.png
[2026-06-03 14:53:36] WARNING: SIN COINCIDENCIA: Wellington Phoenix FC
[2026-06-03 14:53:36] DEBUG:   [L2-subset] 'werder bremen' ⊆ 'sv werder bremen'
[2026-06-03 14:53:36] INFO: MATCH: Werder Bremen                                 [Bundesliga | Germany | Germany] → https://crests.football-data.org/12.png
[2026-06-03 14:53:36] DEBUG:   [L1-exacto] 'west ham' == 'west ham united'
[2026-06-03 14:53:36] INFO: MATCH: West Ham                                      [Premier League | England | England] → https://crests.football-data.org/563.png
[2026-06-03 14:53:36] DEBUG:   [L1-exacto] 'west ham united' == 'west ham united'
[2026-06-03 14:53:36] INFO: MATCH: West Ham United                               [Premier League | England | England] → https://crests.football-data.org/563.png
[2026-06-03 14:53:36] DEBUG:   [L1-exacto] 'west ham united' == 'west ham united'
[2026-06-03 14:53:36] INFO: MATCH: West Ham United/Marsella                      [Premier League | England | England] → https://crests.football-data.org/563.png
[2026-06-03 14:53:36] WARNING: SIN COINCIDENCIA: Western Sydney Wanderers
[2026-06-03 14:53:36] WARNING: SIN COINCIDENCIA: Widzew Lodz
[2026-06-03 14:53:36] WARNING: SIN COINCIDENCIA: Wolfsberger AC
[2026-06-03 14:53:36] DEBUG:   [L1-exacto] 'wolfsburg' == 'vfl wolfsburg'
[2026-06-03 14:53:36] INFO: MATCH: Wolfsburg                                     [Bundesliga | Germany | Germany] → https://crests.football-data.org/11.png
[2026-06-03 14:53:36] DEBUG:   [L3-fuzzy] 'wolfsburgo' ~ 'wolfsburg'  ratio=0.95
[2026-06-03 14:53:36] INFO: MATCH: Wolfsburgo                                    [Bundesliga | Germany | Germany] → https://crests.football-data.org/11.png
[2026-06-03 14:53:36] DEBUG:   [L1-exacto] 'wolverhampton' == 'wolverhampton wanderers'
[2026-06-03 14:53:36] INFO: MATCH: Wolverhampton                                 [Premier League | England | England] → https://crests.football-data.org/76.png
[2026-06-03 14:53:36] DEBUG:   [L1-exacto] 'wrexham' == 'wrexham'
[2026-06-03 14:53:36] INFO: MATCH: Wrexham                                       [Championship | England | Wales] → https://crests.football-data.org/404.png
[2026-06-03 14:53:36] WARNING: SIN COINCIDENCIA: Young Boys
[2026-06-03 14:53:36] WARNING: SIN COINCIDENCIA: ZED FC
[2026-06-03 14:53:36] WARNING: SIN COINCIDENCIA: Zamalek
[2026-06-03 14:53:36] WARNING: SIN COINCIDENCIA: Zenit
[2026-06-03 14:53:36] WARNING: SIN COINCIDENCIA: Zhejiang
[2026-06-03 14:53:36] WARNING: SIN COINCIDENCIA: Çaykur Rizespor
[2026-06-03 14:53:36] WARNING: SIN COINCIDENCIA: Étoile du Sahel
[2026-06-03 14:53:36] INFO: Archivo generado exitosamente: C:\Users\Franc\OneDrive\Documentos\ThinkPad\Github\worldcup-app\data\data_frontend\teams.json (163 entradas)
[2026-06-03 14:53:36] INFO: ------------------------------------------------------------
[2026-06-03 14:53:36] INFO: RESUMEN:
[2026-06-03 14:53:36] INFO:   Equipos en lista local : 443
[2026-06-03 14:53:36] INFO:   Matches encontrados    : 163
[2026-06-03 14:53:36] INFO:   Sin coincidencia       : 280
[2026-06-03 14:53:36] INFO: Equipos sin coincidencia en la API:
[2026-06-03 14:53:36] INFO:   - AEL Limassol
[2026-06-03 14:53:36] INFO:   - AIK
[2026-06-03 14:53:36] INFO:   - AS Nancy-Lorraine
[2026-06-03 14:53:36] INFO:   - AS Saint-Étienne
[2026-06-03 14:53:36] INFO:   - Abha Club
[2026-06-03 14:53:36] INFO:   - Academia Puerto Cabello
[2026-06-03 14:53:36] INFO:   - Akron Tolyatti
[2026-06-03 14:53:36] INFO:   - Al Ahli
[2026-06-03 14:53:36] INFO:   - Al Ahly
[2026-06-03 14:53:36] INFO:   - Al Ain
[2026-06-03 14:53:36] INFO:   - Al Bataeh
[2026-06-03 14:53:36] INFO:   - Al Feiha
[2026-06-03 14:53:36] INFO:   - Al Hilal
[2026-06-03 14:53:36] INFO:   - Al Ittihad
[2026-06-03 14:53:36] INFO:   - Al Jazira
[2026-06-03 14:53:36] INFO:   - Al Nasr
[2026-06-03 14:53:36] INFO:   - Al Nassr
[2026-06-03 14:53:36] INFO:   - Al Sharjah
[2026-06-03 14:53:36] INFO:   - Al Wakrah
[2026-06-03 14:53:36] INFO:   - Al-Ahli
[2026-06-03 14:53:36] INFO:   - Al-Ahli Saudi FC
[2026-06-03 14:53:36] INFO:   - Al-Ain FC
[2026-06-03 14:53:36] INFO:   - Al-Duhail
[2026-06-03 14:53:36] INFO:   - Al-Ettifaq
[2026-06-03 14:53:36] INFO:   - Al-Hilal
[2026-06-03 14:53:36] INFO:   - Al-Hilal SFC
[2026-06-03 14:53:36] INFO:   - Al-Ittihad
[2026-06-03 14:53:36] INFO:   - Alanyaspor
[2026-06-03 14:53:36] INFO:   - Almere City FC
[2026-06-03 14:53:36] INFO:   - América de México
[2026-06-03 14:53:36] INFO:   - Anderlecht
[2026-06-03 14:53:36] INFO:   - Apollon Limassol
[2026-06-03 14:53:36] INFO:   - Aris Limassol
[2026-06-03 14:53:36] INFO:   - Astana
[2026-06-03 14:53:36] INFO:   - Athletic de Bilbao
[2026-06-03 14:53:36] INFO:   - Atlas
[2026-06-03 14:53:36] INFO:   - Atlético Nacional
[2026-06-03 14:53:36] INFO:   - Atromitos
[2026-06-03 14:53:36] INFO:   - Auckland FC
[2026-06-03 14:53:36] INFO:   - Austria Viena
[2026-06-03 14:53:36] INFO:   - BSC Young Boys II
[2026-06-03 14:53:36] INFO:   - Basaksehir
[2026-06-03 14:53:36] INFO:   - Besiktas
[2026-06-03 14:53:36] INFO:   - Braintree Town F.C.
[2026-06-03 14:53:36] INFO:   - Brondby IF
[2026-06-03 14:53:36] INFO:   - Brujas
[2026-06-03 14:53:36] INFO:   - Brøndby IF
[2026-06-03 14:53:36] INFO:   - CD Plaza Amador
[2026-06-03 14:53:36] INFO:   - CS Constantine
[2026-06-03 14:53:36] INFO:   - CS Sfaxien
[2026-06-03 14:53:36] INFO:   - Castellon
[2026-06-03 14:53:36] INFO:   - Celta de Vigo
[2026-06-03 14:53:36] INFO:   - Celtic
[2026-06-03 14:53:36] INFO:   - Celtic Glasgow
[2026-06-03 14:53:36] INFO:   - Cercle Brugge
[2026-06-03 14:53:36] INFO:   - Charleroi
[2026-06-03 14:53:36] INFO:   - Charlotte FC
[2026-06-03 14:53:36] INFO:   - Chaves
[2026-06-03 14:53:36] INFO:   - Chicago Fire
[2026-06-03 14:53:36] INFO:   - Cincinatti FC
[2026-06-03 14:53:36] INFO:   - Club Africain
[2026-06-03 14:53:36] INFO:   - Club América
[2026-06-03 14:53:36] INFO:   - Club Deportivo Marathón
[2026-06-03 14:53:36] INFO:   - Club León
[2026-06-03 14:53:36] INFO:   - Cobresal
[2026-06-03 14:53:36] INFO:   - Colorado Springs
[2026-06-03 14:53:36] INFO:   - Columbus Crew
[2026-06-03 14:53:36] INFO:   - Copenhagen
[2026-06-03 14:53:36] INFO:   - Copenhague
[2026-06-03 14:53:36] INFO:   - Cruz Azul
[2026-06-03 14:53:36] INFO:   - Daejeon
[2026-06-03 14:53:36] INFO:   - Deportivo La Guaira
[2026-06-03 14:53:36] INFO:   - Deportivo Saprissa
[2026-06-03 14:53:36] INFO:   - Desconocido
[2026-06-03 14:53:36] INFO:   - Dinamo Zagreb
[2026-06-03 14:53:36] INFO:   - Dynamo Makhachkala
[2026-06-03 14:53:36] INFO:   - ES Tunis
[2026-06-03 14:53:36] INFO:   - El Gouna
[2026-06-03 14:53:36] INFO:   - El Paso Locomotive FC
[2026-06-03 14:53:36] INFO:   - Elche
[2026-06-03 14:53:36] INFO:   - Espanyol
[2026-06-03 14:53:36] INFO:   - Espérance de Tunis
[2026-06-03 14:53:36] INFO:   - Esteghlal FC
[2026-06-03 14:53:36] INFO:   - Estrella Roja
[2026-06-03 14:53:36] INFO:   - Estrella Roja de Belgrado
[2026-06-03 14:53:36] INFO:   - Estudiantes de La Plata
[2026-06-03 14:53:36] INFO:   - F. C. Tokyo
[2026-06-03 14:53:36] INFO:   - FC Barcelona Atlètic
[2026-06-03 14:53:36] INFO:   - FC Cincinnati
[2026-06-03 14:53:36] INFO:   - FC Cosmos Koblenz
[2026-06-03 14:53:36] INFO:   - FC Dallas
[2026-06-03 14:53:36] INFO:   - FC Den Bosch
[2026-06-03 14:53:36] INFO:   - FC Lugano
[2026-06-03 14:53:36] INFO:   - FC Pari Nizhniy Novgorod
[2026-06-03 14:53:36] INFO:   - FC Sochaux
[2026-06-03 14:53:36] INFO:   - FC Tatran Prešov
[2026-06-03 14:53:36] INFO:   - FC Tokio
[2026-06-03 14:53:36] INFO:   - FC Vizela
[2026-06-03 14:53:36] INFO:   - FC Zürich
[2026-06-03 14:53:36] INFO:   - Farense
[2026-06-03 14:53:36] INFO:   - Fenerbahce
[2026-06-03 14:53:36] INFO:   - Fenerbahçe
[2026-06-03 14:53:36] INFO:   - Fenerbahçe SK/Betis
[2026-06-03 14:53:36] INFO:   - Ferencváros TC
[2026-06-03 14:53:36] INFO:   - Fortuna Dusseldorf
[2026-06-03 14:53:36] INFO:   - Frosinone
[2026-06-03 14:53:36] INFO:   - Gangwon
[2026-06-03 14:53:36] INFO:   - Gaziantep
[2026-06-03 14:53:36] INFO:   - Genk
[2026-06-03 14:53:36] INFO:   - Gençlerbirliği
[2026-06-03 14:53:36] INFO:   - Girona
[2026-06-03 14:53:36] INFO:   - Granada
[2026-06-03 14:53:36] INFO:   - Gyor
[2026-06-03 14:53:36] INFO:   - HNK Rijeka
[2026-06-03 14:53:36] INFO:   - Hajduk Split
[2026-06-03 14:53:36] INFO:   - Hamburgo
[2026-06-03 14:53:36] INFO:   - Hannover 96
[2026-06-03 14:53:36] INFO:   - Hapoel Ironi Kiryat Shmona
[2026-06-03 14:53:36] INFO:   - Heart of Midlothian
[2026-06-03 14:53:36] INFO:   - Hibernian
[2026-06-03 14:53:36] INFO:   - Holstein Kiel
[2026-06-03 14:53:36] INFO:   - Hradec Kralove
[2026-06-03 14:53:36] INFO:   - IFK Norrköping
[2026-06-03 14:53:36] INFO:   - Igdir FK
[2026-06-03 14:53:36] INFO:   - Igdır FK
[2026-06-03 14:53:36] INFO:   - Independiente
[2026-06-03 14:53:36] INFO:   - Inter Miami
[2026-06-03 14:53:36] INFO:   - Inter Milan
[2026-06-03 14:53:36] INFO:   - Inter de Milan
[2026-06-03 14:53:36] INFO:   - Inter de Milán
[2026-06-03 14:53:36] INFO:   - Internacional de Porto Alegre
[2026-06-03 14:53:36] INFO:   - JS Kabylie
[2026-06-03 14:53:36] INFO:   - Jagiellonia Bialystok
[2026-06-03 14:53:36] INFO:   - Jeonbuk
[2026-06-03 14:53:36] INFO:   - Juárez FC
[2026-06-03 14:53:36] INFO:   - KAA Gent
[2026-06-03 14:53:36] INFO:   - KRC Genk
[2026-06-03 14:53:36] INFO:   - Kaizer Chiefs
[2026-06-03 14:53:36] INFO:   - Karlsruher
[2026-06-03 14:53:36] INFO:   - Kashima Antlers
[2026-06-03 14:53:36] INFO:   - Kashima Antrlers
[2026-06-03 14:53:36] INFO:   - Kasımpaşa
[2026-06-03 14:53:36] INFO:   - Kayserispor
[2026-06-03 14:53:36] INFO:   - Kifisia
[2026-06-03 14:53:36] INFO:   - Kilmarnock
[2026-06-03 14:53:36] INFO:   - Konyaspor
[2026-06-03 14:53:36] INFO:   - Krasnodar
[2026-06-03 14:53:36] INFO:   - LAFC
[2026-06-03 14:53:36] INFO:   - LASK
[2026-06-03 14:53:36] INFO:   - LDU Quito
[2026-06-03 14:53:36] INFO:   - Larisa
[2026-06-03 14:53:36] INFO:   - Lechia Gdansk
[2026-06-03 14:53:36] INFO:   - Ludogorets
[2026-06-03 14:53:36] INFO:   - Maccabi Haifa
[2026-06-03 14:53:36] INFO:   - Maccabi Tel Aviv
[2026-06-03 14:53:36] INFO:   - Mallorca
[2026-06-03 14:53:36] INFO:   - Malmo FF
[2026-06-03 14:53:36] INFO:   - Mamelodi Sundowns
[2026-06-03 14:53:36] INFO:   - Maribor
[2026-06-03 14:53:36] INFO:   - Mazatlán FC
[2026-06-03 14:53:36] INFO:   - Mechelen
[2026-06-03 14:53:36] INFO:   - Miami FC
[2026-06-03 14:53:36] INFO:   - Midtjylland
[2026-06-03 14:53:36] INFO:   - Minnesota United
[2026-06-03 14:53:36] INFO:   - Minnesota United FC
[2026-06-03 14:53:36] INFO:   - Mjällby AIF
[2026-06-03 14:53:36] INFO:   - Mlada Boleslav
[2026-06-03 14:53:36] INFO:   - Molde
[2026-06-03 14:53:36] INFO:   - Monagas
[2026-06-03 14:53:36] INFO:   - Montana 1921
[2026-06-03 14:53:36] INFO:   - Monterrey
[2026-06-03 14:53:36] INFO:   - Montpellier
[2026-06-03 14:53:36] INFO:   - Motherwell F.C.
[2026-06-03 14:53:36] INFO:   - N.E.C.
[2026-06-03 14:53:36] INFO:   - NEC Nijmegen
[2026-06-03 14:53:36] INFO:   - NK Maribor
[2026-06-03 14:53:36] INFO:   - NK Slaven Belupo
[2026-06-03 14:53:36] INFO:   - New England Revolution
[2026-06-03 14:53:36] INFO:   - New York City FC
[2026-06-03 14:53:36] INFO:   - Newcastle Jets FC
[2026-06-03 14:53:36] INFO:   - Niza
[2026-06-03 14:53:36] INFO:   - Noah
[2026-06-03 14:53:36] INFO:   - Omonia Nicosia
[2026-06-03 14:53:36] INFO:   - Orlando City
[2026-06-03 14:53:36] INFO:   - Orlando City SC
[2026-06-03 14:53:36] INFO:   - Orlando Pirates
[2026-06-03 14:53:36] INFO:   - Osasuna
[2026-06-03 14:53:36] INFO:   - Oțelul Galați
[2026-06-03 14:53:36] INFO:   - PFC Turan Tovuz
[2026-06-03 14:53:36] INFO:   - PSV Eindhoven
[2026-06-03 14:53:36] INFO:   - Pafos
[2026-06-03 14:53:36] INFO:   - Panathinaikos
[2026-06-03 14:53:36] INFO:   - Peterborough
[2026-06-03 14:53:36] INFO:   - Philadelphia Union
[2026-06-03 14:53:36] INFO:   - Plaza Amador
[2026-06-03 14:53:36] INFO:   - Polokwane City
[2026-06-03 14:53:36] INFO:   - Port Vale
[2026-06-03 14:53:36] INFO:   - Portland Timbers
[2026-06-03 14:53:36] INFO:   - Pumas
[2026-06-03 14:53:36] INFO:   - Puskás Akadémia
[2026-06-03 14:53:36] INFO:   - Pyramids
[2026-06-03 14:53:36] INFO:   - Pyramids FC
[2026-06-03 14:53:36] INFO:   - RKC
[2026-06-03 14:53:36] INFO:   - RKC Waalwijk
[2026-06-03 14:53:36] INFO:   - RS Berkane
[2026-06-03 14:53:36] INFO:   - Racign de Estrasburgo
[2026-06-03 14:53:36] INFO:   - Racing Genk
[2026-06-03 14:53:36] INFO:   - Racing de Estrasburgo
[2026-06-03 14:53:36] INFO:   - Racing de Santander
[2026-06-03 14:53:36] INFO:   - Raja Casablanca
[2026-06-03 14:53:36] INFO:   - Rayo Vallecano
[2026-06-03 14:53:36] INFO:   - Real Betis
[2026-06-03 14:53:36] INFO:   - Real Oviedo
[2026-06-03 14:53:36] INFO:   - Real Salt Lake
[2026-06-03 14:53:36] INFO:   - Real Sociedad
[2026-06-03 14:53:36] INFO:   - Red Bull Salzburgo
[2026-06-03 14:53:36] INFO:   - Red Star
[2026-06-03 14:53:36] INFO:   - Rennes
[2026-06-03 14:53:36] INFO:   - River Plate
[2026-06-03 14:53:36] INFO:   - Rizespor
[2026-06-03 14:53:36] INFO:   - Rosario Central
[2026-06-03 14:53:36] INFO:   - Rotherham
[2026-06-03 14:53:36] INFO:   - SC Bastia
[2026-06-03 14:53:36] INFO:   - SJK Seinajoki
[2026-06-03 14:53:36] INFO:   - SK Beveren
[2026-06-03 14:53:36] INFO:   - SV Zulte Waregem
[2026-06-03 14:53:36] INFO:   - Salzburgo
[2026-06-03 14:53:36] INFO:   - Sampdoria
[2026-06-03 14:53:36] INFO:   - Samsunspor
[2026-06-03 14:53:36] INFO:   - San Diego FC
[2026-06-03 14:53:36] INFO:   - Sanfrecce Hiroshima
[2026-06-03 14:53:36] INFO:   - Schalke 04
[2026-06-03 14:53:36] INFO:   - Seattle Sounders
[2026-06-03 14:53:36] INFO:   - Servette
[2026-06-03 14:53:36] INFO:   - Sevilla
[2026-06-03 14:53:36] INFO:   - Shamrock Rovers
[2026-06-03 14:53:36] INFO:   - Silkeborg IF
[2026-06-03 14:53:36] INFO:   - Sint Truidense
[2026-06-03 14:53:36] INFO:   - Sint-Truidense
[2026-06-03 14:53:36] INFO:   - Slovan Bratislava
[2026-06-03 14:53:36] INFO:   - Slovan Liberec
[2026-06-03 14:53:36] INFO:   - Smouha SC
[2026-06-03 14:53:36] INFO:   - Sparta Praga
[2026-06-03 14:53:36] INFO:   - Spartak Moscow
[2026-06-03 14:53:36] INFO:   - Sporting Lisboa
[2026-06-03 14:53:36] INFO:   - Standard Liege
[2026-06-03 14:53:36] INFO:   - Terengganu FC
[2026-06-03 14:53:36] INFO:   - Tigres
[2026-06-03 14:53:36] INFO:   - Tigres UANL
[2026-06-03 14:53:36] INFO:   - Toronto
[2026-06-03 14:53:36] INFO:   - Toronto FC
[2026-06-03 14:53:36] INFO:   - Torreense
[2026-06-03 14:53:36] INFO:   - Trabzonspor
[2026-06-03 14:53:36] INFO:   - U. Católica de Ecuador
[2026-06-03 14:53:36] INFO:   - US Monastir
[2026-06-03 14:53:36] INFO:   - USM Alger
[2026-06-03 14:53:36] INFO:   - Ulsan
[2026-06-03 14:53:36] INFO:   - Universidad de Concepción
[2026-06-03 14:53:36] INFO:   - Universitatea Cluj
[2026-06-03 14:53:36] INFO:   - VVV-Venlo
[2026-06-03 14:53:36] INFO:   - Valencia
[2026-06-03 14:53:36] INFO:   - Vancouver Whitecaps
[2026-06-03 14:53:36] INFO:   - Venezia FC
[2026-06-03 14:53:36] INFO:   - Viking
[2026-06-03 14:53:36] INFO:   - Viking FK
[2026-06-03 14:53:36] INFO:   - Viktoria Plzen
[2026-06-03 14:53:36] INFO:   - Viktoria Plzeň
[2026-06-03 14:53:36] INFO:   - Violette AC
[2026-06-03 14:53:36] INFO:   - Vélez Sarsfield
[2026-06-03 14:53:36] INFO:   - Wellington Phoenix FC
[2026-06-03 14:53:36] INFO:   - Western Sydney Wanderers
[2026-06-03 14:53:36] INFO:   - Widzew Lodz
[2026-06-03 14:53:36] INFO:   - Wolfsberger AC
[2026-06-03 14:53:36] INFO:   - Young Boys
[2026-06-03 14:53:36] INFO:   - ZED FC
[2026-06-03 14:53:36] INFO:   - Zamalek
[2026-06-03 14:53:36] INFO:   - Zenit
[2026-06-03 14:53:36] INFO:   - Zhejiang
[2026-06-03 14:53:36] INFO:   - Çaykur Rizespor
[2026-06-03 14:53:36] INFO:   - Étoile du Sahel
[2026-06-03 14:53:36] INFO: ============================================================
[2026-06-03 14:53:36] INFO: Script finalizado.
[2026-06-03 16:00:55] INFO: ============================================================
[2026-06-03 16:00:55] INFO: Inicio de fetch_footballdata_crests.py
[2026-06-03 16:00:55] INFO: Threshold Jaccard: 0.60 | Threshold Fuzzy: 0.80
[2026-06-03 16:00:55] INFO: ============================================================
[2026-06-03 16:00:55] INFO: Cargados 443 equipos desde convocados_equipos.json
[2026-06-03 16:00:55] ERROR: API Key no configurada.
[2026-06-03 16:01:06] INFO: ============================================================
[2026-06-03 16:01:06] INFO: Inicio de fetch_footballdata_crests.py
[2026-06-03 16:01:06] INFO: Threshold Jaccard: 0.60 | Threshold Fuzzy: 0.80
[2026-06-03 16:01:06] INFO: ============================================================
[2026-06-03 16:01:06] INFO: Cargados 443 equipos desde convocados_equipos.json
[2026-06-03 16:01:09] INFO: Competición 'Campeonato Brasileiro Série A': 20 equipos.
[2026-06-03 16:01:12] INFO: Competición 'Championship': 24 equipos.
[2026-06-03 16:01:14] INFO: Competición 'Premier League': 20 equipos.
[2026-06-03 16:01:17] INFO: Competición 'UEFA Champions League': 36 equipos.
[2026-06-03 16:01:19] INFO: Competición 'European Championship': 24 equipos.
[2026-06-03 16:01:21] INFO: Competición 'Ligue 1': 18 equipos.
[2026-06-03 16:01:23] INFO: Competición 'Bundesliga': 18 equipos.
[2026-06-03 16:01:25] INFO: Competición 'Serie A': 20 equipos.
[2026-06-03 16:01:27] INFO: Competición 'Eredivisie': 18 equipos.
[2026-06-03 16:01:29] INFO: Competición 'Primeira Liga': 18 equipos.
[2026-06-03 16:01:31] WARNING: No se pudieron obtener equipos de 'Copa Libertadores': 429 Client Error:  for url: https://api.football-data.org/v4/competitions/2152/teams
[2026-06-03 16:01:32] WARNING: No se pudieron obtener equipos de 'Primera Division': 429 Client Error:  for url: https://api.football-data.org/v4/competitions/2014/teams
[2026-06-03 16:01:34] WARNING: No se pudieron obtener equipos de 'FIFA World Cup': 429 Client Error:  for url: https://api.football-data.org/v4/competitions/2000/teams
[2026-06-03 16:01:35] WARNING: Paginación detenida en offset 0: 429 Client Error:  for url: https://api.football-data.org/v4/teams?limit=200&offset=0
[2026-06-03 16:01:35] INFO: Total equipos únicos recopilados: 195
[2026-06-03 16:01:35] DEBUG:   [L1-exacto] 'ac milan' == 'ac milan'
[2026-06-03 16:01:35] INFO: MATCH: AC Milan                                      [Serie A | Italy | Italy] → https://crests.football-data.org/98.png
[2026-06-03 16:01:35] WARNING: SIN COINCIDENCIA: AEL Limassol
[2026-06-03 16:01:35] DEBUG:   [L1-exacto] 'bournemouth' == 'bournemouth'
[2026-06-03 16:01:35] INFO: MATCH: AFC Bournemouth                               [Premier League | England | England] → https://crests.football-data.org/bournemouth.png
[2026-06-03 16:01:35] WARNING: SIN COINCIDENCIA: AIK
[2026-06-03 16:01:35] DEBUG:   [L1-exacto] 'aj auxerre' == 'aj auxerre'
[2026-06-03 16:01:35] INFO: MATCH: AJ Auxerre                                    [Ligue 1 | France | France] → https://crests.football-data.org/519.png
[2026-06-03 16:01:35] DEBUG:   [L1-exacto] 'monaco' == 'monaco'
[2026-06-03 16:01:35] INFO: MATCH: AS Monaco                                     [UEFA Champions League | Europe | Monaco] → https://crests.football-data.org/548.png
[2026-06-03 16:01:35] WARNING: SIN COINCIDENCIA: AS Nancy-Lorraine
[2026-06-03 16:01:35] DEBUG:   [L1-exacto] 'roma' == 'roma'
[2026-06-03 16:01:35] INFO: MATCH: AS Roma                                       [Serie A | Italy | Italy] → https://crests.football-data.org/100.png
[2026-06-03 16:01:35] WARNING: SIN COINCIDENCIA: AS Saint-Étienne
[2026-06-03 16:01:35] WARNING: SIN COINCIDENCIA: Abha Club
[2026-06-03 16:01:35] WARNING: SIN COINCIDENCIA: Academia Puerto Cabello
[2026-06-03 16:01:35] DEBUG:   [L1-exacto] 'ajax' == 'ajax'
[2026-06-03 16:01:35] INFO: MATCH: Ajax                                          [UEFA Champions League | Europe | Netherlands] → https://crests.football-data.org/678.png
[2026-06-03 16:01:35] WARNING: SIN COINCIDENCIA: Akron Tolyatti
[2026-06-03 16:01:35] WARNING: SIN COINCIDENCIA: Al Ahli
[2026-06-03 16:01:35] WARNING: SIN COINCIDENCIA: Al Ahly
[2026-06-03 16:01:35] WARNING: SIN COINCIDENCIA: Al Ain
[2026-06-03 16:01:35] WARNING: SIN COINCIDENCIA: Al Bataeh
[2026-06-03 16:01:35] WARNING: SIN COINCIDENCIA: Al Feiha
[2026-06-03 16:01:35] WARNING: SIN COINCIDENCIA: Al Hilal
[2026-06-03 16:01:35] WARNING: SIN COINCIDENCIA: Al Ittihad
[2026-06-03 16:01:35] WARNING: SIN COINCIDENCIA: Al Jazira
[2026-06-03 16:01:35] WARNING: SIN COINCIDENCIA: Al Nasr
[2026-06-03 16:01:35] WARNING: SIN COINCIDENCIA: Al Nassr
[2026-06-03 16:01:35] WARNING: SIN COINCIDENCIA: Al Sharjah
[2026-06-03 16:01:35] WARNING: SIN COINCIDENCIA: Al Wakrah
[2026-06-03 16:01:35] WARNING: SIN COINCIDENCIA: Al-Ahli
[2026-06-03 16:01:35] WARNING: SIN COINCIDENCIA: Al-Ahli Saudi FC
[2026-06-03 16:01:35] WARNING: SIN COINCIDENCIA: Al-Ain FC
[2026-06-03 16:01:35] WARNING: SIN COINCIDENCIA: Al-Duhail
[2026-06-03 16:01:35] WARNING: SIN COINCIDENCIA: Al-Ettifaq
[2026-06-03 16:01:35] WARNING: SIN COINCIDENCIA: Al-Hilal
[2026-06-03 16:01:35] WARNING: SIN COINCIDENCIA: Al-Hilal SFC
[2026-06-03 16:01:35] WARNING: SIN COINCIDENCIA: Al-Ittihad
[2026-06-03 16:01:35] WARNING: SIN COINCIDENCIA: Alanyaspor
[2026-06-03 16:01:35] WARNING: SIN COINCIDENCIA: Almere City FC
[2026-06-03 16:01:35] WARNING: SIN COINCIDENCIA: América de México
[2026-06-03 16:01:36] WARNING: SIN COINCIDENCIA: Anderlecht
[2026-06-03 16:01:36] DEBUG:   [L1-exacto] 'angers sco' == 'angers sco'
[2026-06-03 16:01:36] INFO: MATCH: Angers SCO                                    [Ligue 1 | France | France] → https://crests.football-data.org/532.png
[2026-06-03 16:01:36] WARNING: SIN COINCIDENCIA: Apollon Limassol
[2026-06-03 16:01:36] WARNING: SIN COINCIDENCIA: Aris Limassol
[2026-06-03 16:01:36] DEBUG:   [L1-exacto] 'arsenal' == 'arsenal'
[2026-06-03 16:01:36] INFO: MATCH: Arsenal                                       [Premier League | England | England] → https://crests.football-data.org/57.png
[2026-06-03 16:01:36] WARNING: SIN COINCIDENCIA: Astana
[2026-06-03 16:01:36] DEBUG:   [L1-exacto] 'aston villa' == 'aston villa'
[2026-06-03 16:01:36] INFO: MATCH: Aston Villa                                   [Premier League | England | England] → https://crests.football-data.org/58.png
[2026-06-03 16:01:36] DEBUG:   [L1-exacto] 'atalanta' == 'atalanta bc'
[2026-06-03 16:01:36] INFO: MATCH: Atalanta                                      [UEFA Champions League | Europe | Italy] → https://crests.football-data.org/102.png
[2026-06-03 16:01:36] WARNING: SIN COINCIDENCIA: Athletic de Bilbao
[2026-06-03 16:01:36] WARNING: SIN COINCIDENCIA: Atlas
[2026-06-03 16:01:36] DEBUG:   [L2-subset] 'atletico madrid' ⊆ 'club atletico madrid'
[2026-06-03 16:01:36] INFO: MATCH: Atlético Madrid                               [UEFA Champions League | Europe | Spain] → https://crests.football-data.org/78.png
[2026-06-03 16:01:36] WARNING: SIN COINCIDENCIA: Atlético Nacional
[2026-06-03 16:01:36] DEBUG:   [L2-subset] 'atletico madrid' ⊆ 'club atletico madrid'
[2026-06-03 16:01:36] INFO: MATCH: Atlético de Madrid                            [UEFA Champions League | Europe | Spain] → https://crests.football-data.org/78.png
[2026-06-03 16:01:36] WARNING: SIN COINCIDENCIA: Atromitos
[2026-06-03 16:01:36] WARNING: SIN COINCIDENCIA: Auckland FC
[2026-06-03 16:01:36] DEBUG:   [L3-fuzzy] 'augsburgo' ~ 'augsburg'  ratio=0.94
[2026-06-03 16:01:36] INFO: MATCH: Augsburgo                                     [Bundesliga | Germany | Germany] → https://crests.football-data.org/16.png
[2026-06-03 16:01:36] WARNING: SIN COINCIDENCIA: Austria Viena
[2026-06-03 16:01:36] DEBUG:   [L1-exacto] 'auxerre' == 'aj auxerre'
[2026-06-03 16:01:36] INFO: MATCH: Auxerre                                       [Ligue 1 | France | France] → https://crests.football-data.org/519.png
[2026-06-03 16:01:36] WARNING: SIN COINCIDENCIA: BSC Young Boys II
[2026-06-03 16:01:36] DEBUG:   [L1-exacto] 'barcelona' == 'barcelona'
[2026-06-03 16:01:36] INFO: MATCH: Barcelona                                     [UEFA Champions League | Europe | Spain] → https://crests.football-data.org/81.png
[2026-06-03 16:01:36] DEBUG:   [L3-fuzzy] 'barnsley' ~ 'burnley'  ratio=0.80
[2026-06-03 16:01:36] INFO: MATCH: Barnsley                                      [Premier League | England | England] → https://crests.football-data.org/328.png
[2026-06-03 16:01:36] WARNING: SIN COINCIDENCIA: Basaksehir
[2026-06-03 16:01:36] DEBUG:   [L2-subset] 'bayer leverkusen' ⊆ 'bayer 04 leverkusen'
[2026-06-03 16:01:36] INFO: MATCH: Bayer Leverkusen                              [UEFA Champions League | Europe | Germany] → https://crests.football-data.org/3.png
[2026-06-03 16:01:36] DEBUG:   [L3-fuzzy] 'bayern munich' ~ 'bayern munchen'  ratio=0.89
[2026-06-03 16:01:36] INFO: MATCH: Bayern Munich                                 [UEFA Champions League | Europe | Germany] → https://crests.football-data.org/5.png
[2026-06-03 16:01:36] DEBUG:   [L3-fuzzy] 'bayern munich' ~ 'bayern munchen'  ratio=0.89
[2026-06-03 16:01:36] INFO: MATCH: Bayern Múnich                                 [UEFA Champions League | Europe | Germany] → https://crests.football-data.org/5.png
[2026-06-03 16:01:36] DEBUG:   [L2-subset] 'benfica' ⊆ 'sport lisboa e benfica'
[2026-06-03 16:01:36] INFO: MATCH: Benfica                                       [UEFA Champions League | Europe | Portugal] → https://crests.football-data.org/1903.png
[2026-06-03 16:01:36] WARNING: SIN COINCIDENCIA: Besiktas
[2026-06-03 16:01:36] DEBUG:   [L1-exacto] 'birmingham' == 'birmingham city'
[2026-06-03 16:01:36] INFO: MATCH: Birmingham                                    [Championship | England | England] → https://crests.football-data.org/332.png
[2026-06-03 16:01:36] DEBUG:   [L3-fuzzy] 'bodo glimt' ~ 'bodø/glimt'  ratio=0.80
[2026-06-03 16:01:36] INFO: MATCH: Bodo Glimt                                    [UEFA Champions League | Europe | Norway] → https://crests.football-data.org/5721.png
[2026-06-03 16:01:36] DEBUG:   [L1-exacto] 'bologna' == 'bologna 1909'
[2026-06-03 16:01:36] INFO: MATCH: Bologna                                       [Serie A | Italy | Italy] → https://crests.football-data.org/103.png
[2026-06-03 16:01:36] DEBUG:   [L1-exacto] 'borussia dortmund' == 'borussia dortmund'
[2026-06-03 16:01:36] INFO: MATCH: Borussia Dortmund                             [UEFA Champions League | Europe | Germany] → https://crests.football-data.org/4.png
[2026-06-03 16:01:36] DEBUG:   [L1-exacto] 'borussia monchengladbach' == 'borussia monchengladbach'
[2026-06-03 16:01:36] INFO: MATCH: Borussia Mönchengladbach                      [Bundesliga | Germany | Germany] → https://crests.football-data.org/18.png
[2026-06-03 16:01:36] DEBUG:   [L1-exacto] 'botafogo' == 'botafogo fr'
[2026-06-03 16:01:36] INFO: MATCH: Botafogo                                      [Campeonato Brasileiro Série A | Brazil | Brazil] → https://crests.football-data.org/1770.png
[2026-06-03 16:01:36] DEBUG:   [L1-exacto] 'bournemouth' == 'bournemouth'
[2026-06-03 16:01:36] INFO: MATCH: Bournemouth                                   [Premier League | England | England] → https://crests.football-data.org/bournemouth.png
[2026-06-03 16:01:36] DEBUG:   [L1-exacto] 'braga' == 'sporting clube braga'
[2026-06-03 16:01:36] INFO: MATCH: Braga                                         [Primeira Liga | Portugal | Portugal] → https://crests.football-data.org/5613.png
[2026-06-03 16:01:36] WARNING: SIN COINCIDENCIA: Braintree Town F.C.
[2026-06-03 16:01:36] DEBUG:   [L1-exacto] 'brentford' == 'brentford'
[2026-06-03 16:01:36] INFO: MATCH: Brentford                                     [Premier League | England | England] → https://crests.football-data.org/402.png
[2026-06-03 16:01:36] DEBUG:   [L2-subset] 'brighton' ⊆ 'brighton & hove albion'
[2026-06-03 16:01:36] INFO: MATCH: Brighton                                      [Premier League | England | England] → https://crests.football-data.org/397.png
[2026-06-03 16:01:36] WARNING: SIN COINCIDENCIA: Brondby IF
[2026-06-03 16:01:36] WARNING: SIN COINCIDENCIA: Brujas
[2026-06-03 16:01:36] WARNING: SIN COINCIDENCIA: Brøndby IF
[2026-06-03 16:01:36] DEBUG:   [L1-exacto] 'burnley' == 'burnley'
[2026-06-03 16:01:36] INFO: MATCH: Burnley                                       [Premier League | England | England] → https://crests.football-data.org/328.png
[2026-06-03 16:01:36] WARNING: SIN COINCIDENCIA: CD Plaza Amador
[2026-06-03 16:01:36] WARNING: SIN COINCIDENCIA: CS Constantine
[2026-06-03 16:01:36] WARNING: SIN COINCIDENCIA: CS Sfaxien
[2026-06-03 16:01:36] DEBUG:   [L1-exacto] 'cagliari' == 'cagliari calcio'
[2026-06-03 16:01:36] INFO: MATCH: Cagliari                                      [Serie A | Italy | Italy] → https://crests.football-data.org/104.png
[2026-06-03 16:01:36] DEBUG:   [L1-exacto] 'casa pia' == 'casa pia ac'
[2026-06-03 16:01:36] INFO: MATCH: Casa Pia                                      [Primeira Liga | Portugal | Portugal] → https://crests.football-data.org/6618.png
[2026-06-03 16:01:36] WARNING: SIN COINCIDENCIA: Castellon
[2026-06-03 16:01:36] WARNING: SIN COINCIDENCIA: Celta de Vigo
[2026-06-03 16:01:36] WARNING: SIN COINCIDENCIA: Celtic
[2026-06-03 16:01:36] WARNING: SIN COINCIDENCIA: Celtic Glasgow
[2026-06-03 16:01:36] WARNING: SIN COINCIDENCIA: Cercle Brugge
[2026-06-03 16:01:36] WARNING: SIN COINCIDENCIA: Charleroi
[2026-06-03 16:01:36] WARNING: SIN COINCIDENCIA: Charlotte FC
[2026-06-03 16:01:36] DEBUG:   [L1-exacto] 'charlton athletic' == 'charlton athletic'
[2026-06-03 16:01:36] INFO: MATCH: Charlton Athletic                             [Championship | England | England] → https://crests.football-data.org/348.png
[2026-06-03 16:01:36] WARNING: SIN COINCIDENCIA: Chaves
[2026-06-03 16:01:36] DEBUG:   [L1-exacto] 'chelsea' == 'chelsea'
[2026-06-03 16:01:36] INFO: MATCH: Chelsea                                       [Premier League | England | England] → https://crests.football-data.org/61.png
[2026-06-03 16:01:36] WARNING: SIN COINCIDENCIA: Chicago Fire
[2026-06-03 16:01:36] WARNING: SIN COINCIDENCIA: Cincinatti FC
[2026-06-03 16:01:36] WARNING: SIN COINCIDENCIA: Club Africain
[2026-06-03 16:01:36] WARNING: SIN COINCIDENCIA: Club América
[2026-06-03 16:01:36] WARNING: SIN COINCIDENCIA: Club Deportivo Marathón
[2026-06-03 16:01:36] WARNING: SIN COINCIDENCIA: Club León
[2026-06-03 16:01:36] WARNING: SIN COINCIDENCIA: Cobresal
[2026-06-03 16:01:36] WARNING: SIN COINCIDENCIA: Colorado Springs
[2026-06-03 16:01:36] WARNING: SIN COINCIDENCIA: Columbus Crew
[2026-06-03 16:01:36] DEBUG:   [L2-subset] 'como' ⊆ 'como 1907'
[2026-06-03 16:01:36] INFO: MATCH: Como                                          [Serie A | Italy | Italy] → https://crests.football-data.org/7397.png
[2026-06-03 16:01:36] WARNING: SIN COINCIDENCIA: Copenhagen
[2026-06-03 16:01:36] WARNING: SIN COINCIDENCIA: Copenhague
[2026-06-03 16:01:36] DEBUG:   [L1-exacto] 'corinthians' == 'corinthians paulista'
[2026-06-03 16:01:36] INFO: MATCH: Corinthians                                   [Campeonato Brasileiro Série A | Brazil | Brazil] → https://crests.football-data.org/1779.png
[2026-06-03 16:01:36] DEBUG:   [L1-exacto] 'coventry city' == 'coventry city'
[2026-06-03 16:01:36] INFO: MATCH: Coventry City                                 [Championship | England | England] → https://crests.football-data.org/1076.png
[2026-06-03 16:01:36] DEBUG:   [L1-exacto] 'cremonese' == 'us cremonese'
[2026-06-03 16:01:36] INFO: MATCH: Cremonese                                     [Serie A | Italy | Italy] → https://crests.football-data.org/457.png
[2026-06-03 16:01:36] WARNING: SIN COINCIDENCIA: Cruz Azul
[2026-06-03 16:01:36] DEBUG:   [L1-exacto] 'crystal palace' == 'crystal palace'
[2026-06-03 16:01:36] INFO: MATCH: Crystal Palace                                [Premier League | England | England] → https://crests.football-data.org/354.png
[2026-06-03 16:01:36] WARNING: SIN COINCIDENCIA: Daejeon
[2026-06-03 16:01:36] WARNING: SIN COINCIDENCIA: Deportivo La Guaira
[2026-06-03 16:01:36] WARNING: SIN COINCIDENCIA: Deportivo Saprissa
[2026-06-03 16:01:36] DEBUG:   [L1-exacto] 'derby county' == 'derby county'
[2026-06-03 16:01:36] INFO: MATCH: Derby County                                  [Championship | England | England] → https://crests.football-data.org/342.png
[2026-06-03 16:01:36] WARNING: SIN COINCIDENCIA: Desconocido
[2026-06-03 16:01:36] WARNING: SIN COINCIDENCIA: Dinamo Zagreb
[2026-06-03 16:01:36] WARNING: SIN COINCIDENCIA: Dynamo Makhachkala
[2026-06-03 16:01:36] WARNING: SIN COINCIDENCIA: ES Tunis
[2026-06-03 16:01:36] DEBUG:   [L1-exacto] 'eintracht frankfurt' == 'eintracht frankfurt'
[2026-06-03 16:01:36] INFO: MATCH: Eintracht Frankfurt                           [UEFA Champions League | Europe | Germany] → https://crests.football-data.org/19.png
[2026-06-03 16:01:36] WARNING: SIN COINCIDENCIA: El Gouna
[2026-06-03 16:01:36] WARNING: SIN COINCIDENCIA: El Paso Locomotive FC
[2026-06-03 16:01:36] WARNING: SIN COINCIDENCIA: Elche
[2026-06-03 16:01:36] WARNING: SIN COINCIDENCIA: Espanyol
[2026-06-03 16:01:36] WARNING: SIN COINCIDENCIA: Espérance de Tunis
[2026-06-03 16:01:36] WARNING: SIN COINCIDENCIA: Esteghlal FC
[2026-06-03 16:01:36] DEBUG:   [L3-fuzzy] 'estrasburgo' ~ 'strasbourg'  ratio=0.86
[2026-06-03 16:01:36] INFO: MATCH: Estrasburgo                                   [Ligue 1 | France | France] → https://crests.football-data.org/576.png
[2026-06-03 16:01:36] DEBUG:   [L2-subset] 'estrela da amadora' ⊆ 'cf estrela da amadora'
[2026-06-03 16:01:36] INFO: MATCH: Estrela da Amadora                            [Primeira Liga | Portugal | Portugal] → https://crests.football-data.org/9136.png
[2026-06-03 16:01:36] WARNING: SIN COINCIDENCIA: Estrella Roja
[2026-06-03 16:01:36] WARNING: SIN COINCIDENCIA: Estrella Roja de Belgrado
[2026-06-03 16:01:36] WARNING: SIN COINCIDENCIA: Estudiantes de La Plata
[2026-06-03 16:01:36] DEBUG:   [L1-exacto] 'everton' == 'everton'
[2026-06-03 16:01:36] INFO: MATCH: Everton                                       [Premier League | England | England] → https://crests.football-data.org/62.png
[2026-06-03 16:01:36] WARNING: SIN COINCIDENCIA: F. C. Tokyo
[2026-06-03 16:01:36] DEBUG:   [L1-exacto] 'augsburg' == 'augsburg'
[2026-06-03 16:01:36] INFO: MATCH: FC Augsburg                                   [Bundesliga | Germany | Germany] → https://crests.football-data.org/16.png
[2026-06-03 16:01:36] DEBUG:   [L1-exacto] 'barcelona' == 'barcelona'
[2026-06-03 16:01:36] INFO: MATCH: FC Barcelona                                  [UEFA Champions League | Europe | Spain] → https://crests.football-data.org/81.png
[2026-06-03 16:01:36] WARNING: SIN COINCIDENCIA: FC Barcelona Atlètic
[2026-06-03 16:01:36] WARNING: SIN COINCIDENCIA: FC Cincinnati
[2026-06-03 16:01:36] WARNING: SIN COINCIDENCIA: FC Cosmos Koblenz
[2026-06-03 16:01:36] WARNING: SIN COINCIDENCIA: FC Dallas
[2026-06-03 16:01:36] WARNING: SIN COINCIDENCIA: FC Den Bosch
[2026-06-03 16:01:36] WARNING: SIN COINCIDENCIA: FC Lugano
[2026-06-03 16:01:36] DEBUG:   [L1-exacto] 'nantes' == 'nantes'
[2026-06-03 16:01:36] INFO: MATCH: FC Nantes                                     [Ligue 1 | France | France] → https://crests.football-data.org/543.png
[2026-06-03 16:01:36] WARNING: SIN COINCIDENCIA: FC Pari Nizhniy Novgorod
[2026-06-03 16:01:36] WARNING: SIN COINCIDENCIA: FC Sochaux
[2026-06-03 16:01:36] DEBUG:   [L1-exacto] 'st. pauli' == 'st. pauli 1910'
[2026-06-03 16:01:36] INFO: MATCH: FC St. Pauli                                  [Bundesliga | Germany | Germany] → https://crests.football-data.org/20.png
[2026-06-03 16:01:36] WARNING: SIN COINCIDENCIA: FC Tatran Prešov
[2026-06-03 16:01:36] WARNING: SIN COINCIDENCIA: FC Tokio
[2026-06-03 16:01:36] DEBUG:   [L1-exacto] 'twente' == 'twente '65'
[2026-06-03 16:01:36] INFO: MATCH: FC Twente                                     [Eredivisie | Netherlands | Netherlands] → https://crests.football-data.org/666.png
[2026-06-03 16:01:36] WARNING: SIN COINCIDENCIA: FC Vizela
[2026-06-03 16:01:36] DEBUG:   [L1-exacto] 'volendam' == 'volendam'
[2026-06-03 16:01:36] INFO: MATCH: FC Volendam                                   [Eredivisie | Netherlands | Netherlands] → https://crests.football-data.org/1919.png
[2026-06-03 16:01:36] WARNING: SIN COINCIDENCIA: FC Zürich
[2026-06-03 16:01:36] WARNING: SIN COINCIDENCIA: Farense
[2026-06-03 16:01:36] WARNING: SIN COINCIDENCIA: Fenerbahce
[2026-06-03 16:01:36] WARNING: SIN COINCIDENCIA: Fenerbahçe
[2026-06-03 16:01:36] WARNING: SIN COINCIDENCIA: Fenerbahçe SK/Betis
[2026-06-03 16:01:36] WARNING: SIN COINCIDENCIA: Ferencváros TC
[2026-06-03 16:01:36] DEBUG:   [L1-exacto] 'feyenoord' == 'feyenoord rotterdam'
[2026-06-03 16:01:36] INFO: MATCH: Feyenoord                                     [Eredivisie | Netherlands | Netherlands] → https://crests.football-data.org/675.png
[2026-06-03 16:01:36] DEBUG:   [L1-exacto] 'fiorentina' == 'acf fiorentina'
[2026-06-03 16:01:36] INFO: MATCH: Fiorentina                                    [Serie A | Italy | Italy] → https://crests.football-data.org/99.png
[2026-06-03 16:01:36] DEBUG:   [L1-exacto] 'flamengo' == 'cr flamengo'
[2026-06-03 16:01:36] INFO: MATCH: Flamengo                                      [Campeonato Brasileiro Série A | Brazil | Brazil] → https://crests.football-data.org/1783.png
[2026-06-03 16:01:36] DEBUG:   [L1-exacto] 'fluminense' == 'fluminense'
[2026-06-03 16:01:36] INFO: MATCH: Fluminense                                    [Campeonato Brasileiro Série A | Brazil | Brazil] → https://crests.football-data.org/1765.png
[2026-06-03 16:01:36] WARNING: SIN COINCIDENCIA: Fortuna Dusseldorf
[2026-06-03 16:01:36] DEBUG:   [L3-fuzzy] 'friburgo' ~ 'freiburg'  ratio=0.88
[2026-06-03 16:01:36] INFO: MATCH: Friburgo                                      [Bundesliga | Germany | Germany] → https://crests.football-data.org/17.png
[2026-06-03 16:01:36] WARNING: SIN COINCIDENCIA: Frosinone
[2026-06-03 16:01:36] DEBUG:   [L1-exacto] 'fulham' == 'fulham'
[2026-06-03 16:01:36] INFO: MATCH: Fulham                                        [Premier League | England | England] → https://crests.football-data.org/63.png
[2026-06-03 16:01:36] DEBUG:   [L1-exacto] 'galatasaray' == 'galatasaray'
[2026-06-03 16:01:36] INFO: MATCH: Galatasaray                                   [UEFA Champions League | Europe | Turkey] → https://crests.football-data.org/610.png
[2026-06-03 16:01:36] WARNING: SIN COINCIDENCIA: Gangwon
[2026-06-03 16:01:36] WARNING: SIN COINCIDENCIA: Gaziantep
[2026-06-03 16:01:36] WARNING: SIN COINCIDENCIA: Genk
[2026-06-03 16:01:36] DEBUG:   [L1-exacto] 'genoa' == 'genoa'
[2026-06-03 16:01:36] INFO: MATCH: Genoa                                         [Serie A | Italy | Italy] → https://crests.football-data.org/107.png
[2026-06-03 16:01:36] WARNING: SIN COINCIDENCIA: Gençlerbirliği
[2026-06-03 16:01:36] DEBUG:   [L1-exacto] 'gil vicente' == 'gil vicente'
[2026-06-03 16:01:36] INFO: MATCH: Gil Vicente                                   [Primeira Liga | Portugal | Portugal] → https://crests.football-data.org/5533.png
[2026-06-03 16:01:36] WARNING: SIN COINCIDENCIA: Girona
[2026-06-03 16:01:36] WARNING: SIN COINCIDENCIA: Granada
[2026-06-03 16:01:36] DEBUG:   [L1-exacto] 'gremio' == 'gremio fbpa'
[2026-06-03 16:01:36] INFO: MATCH: Gremio                                        [Campeonato Brasileiro Série A | Brazil | Brazil] → https://crests.football-data.org/1767.png
[2026-06-03 16:01:36] WARNING: SIN COINCIDENCIA: Gyor
[2026-06-03 16:01:36] WARNING: SIN COINCIDENCIA: HNK Rijeka
[2026-06-03 16:01:36] WARNING: SIN COINCIDENCIA: Hajduk Split
[2026-06-03 16:01:36] DEBUG:   [L1-exacto] 'hamburger sv' == 'hamburger sv'
[2026-06-03 16:01:36] INFO: MATCH: Hamburger SV                                  [Bundesliga | Germany | Germany] → https://crests.football-data.org/7.png
[2026-06-03 16:01:36] WARNING: SIN COINCIDENCIA: Hamburgo
[2026-06-03 16:01:36] WARNING: SIN COINCIDENCIA: Hannover 96
[2026-06-03 16:01:36] WARNING: SIN COINCIDENCIA: Hapoel Ironi Kiryat Shmona
[2026-06-03 16:01:36] WARNING: SIN COINCIDENCIA: Heart of Midlothian
[2026-06-03 16:01:36] DEBUG:   [L1-exacto] 'hellas verona' == 'hellas verona'
[2026-06-03 16:01:36] INFO: MATCH: Hellas Verona                                 [Serie A | Italy | Italy] → https://crests.football-data.org/450.png
[2026-06-03 16:01:36] WARNING: SIN COINCIDENCIA: Hibernian
[2026-06-03 16:01:36] DEBUG:   [L1-exacto] 'hoffenheim' == 'tsg 1899 hoffenheim'
[2026-06-03 16:01:36] INFO: MATCH: Hoffenheim                                    [Bundesliga | Germany | Germany] → https://crests.football-data.org/2.png
[2026-06-03 16:01:36] WARNING: SIN COINCIDENCIA: Holstein Kiel
[2026-06-03 16:01:36] WARNING: SIN COINCIDENCIA: Hradec Kralove
[2026-06-03 16:01:36] DEBUG:   [L1-exacto] 'hull city' == 'hull city'
[2026-06-03 16:01:36] INFO: MATCH: Hull City                                     [Championship | England | England] → https://crests.football-data.org/322.png
[2026-06-03 16:01:36] WARNING: SIN COINCIDENCIA: IFK Norrköping
[2026-06-03 16:01:36] WARNING: SIN COINCIDENCIA: Igdir FK
[2026-06-03 16:01:36] WARNING: SIN COINCIDENCIA: Igdır FK
[2026-06-03 16:01:36] WARNING: SIN COINCIDENCIA: Independiente
[2026-06-03 16:01:36] DEBUG:   [L1-exacto] 'inter' == 'internazionale milano'
[2026-06-03 16:01:36] INFO: MATCH: Inter                                         [UEFA Champions League | Europe | Italy] → https://crests.football-data.org/108.png
[2026-06-03 16:01:36] WARNING: SIN COINCIDENCIA: Inter Miami
[2026-06-03 16:01:36] WARNING: SIN COINCIDENCIA: Inter Milan
[2026-06-03 16:01:37] WARNING: SIN COINCIDENCIA: Inter de Milan
[2026-06-03 16:01:37] WARNING: SIN COINCIDENCIA: Inter de Milán
[2026-06-03 16:01:37] WARNING: SIN COINCIDENCIA: Internacional de Porto Alegre
[2026-06-03 16:01:37] DEBUG:   [L1-exacto] 'ipswich town' == 'ipswich town'
[2026-06-03 16:01:37] INFO: MATCH: Ipswich Town                                  [Championship | England | England] → https://crests.football-data.org/349.png
[2026-06-03 16:01:37] WARNING: SIN COINCIDENCIA: JS Kabylie
[2026-06-03 16:01:37] WARNING: SIN COINCIDENCIA: Jagiellonia Bialystok
[2026-06-03 16:01:37] WARNING: SIN COINCIDENCIA: Jeonbuk
[2026-06-03 16:01:37] DEBUG:   [L1-exacto] 'juventus' == 'juventus'
[2026-06-03 16:01:37] INFO: MATCH: Juventus                                      [UEFA Champions League | Europe | Italy] → https://crests.football-data.org/109.png
[2026-06-03 16:01:37] WARNING: SIN COINCIDENCIA: Juárez FC
[2026-06-03 16:01:37] WARNING: SIN COINCIDENCIA: KAA Gent
[2026-06-03 16:01:37] WARNING: SIN COINCIDENCIA: KRC Genk
[2026-06-03 16:01:37] WARNING: SIN COINCIDENCIA: Kaizer Chiefs
[2026-06-03 16:01:37] WARNING: SIN COINCIDENCIA: Karlsruher
[2026-06-03 16:01:37] WARNING: SIN COINCIDENCIA: Kashima Antlers
[2026-06-03 16:01:37] WARNING: SIN COINCIDENCIA: Kashima Antrlers
[2026-06-03 16:01:37] WARNING: SIN COINCIDENCIA: Kasımpaşa
[2026-06-03 16:01:37] WARNING: SIN COINCIDENCIA: Kayserispor
[2026-06-03 16:01:37] WARNING: SIN COINCIDENCIA: Kifisia
[2026-06-03 16:01:37] WARNING: SIN COINCIDENCIA: Kilmarnock
[2026-06-03 16:01:37] WARNING: SIN COINCIDENCIA: Konyaspor
[2026-06-03 16:01:37] WARNING: SIN COINCIDENCIA: Krasnodar
[2026-06-03 16:01:37] WARNING: SIN COINCIDENCIA: LAFC
[2026-06-03 16:01:37] WARNING: SIN COINCIDENCIA: LASK
[2026-06-03 16:01:37] WARNING: SIN COINCIDENCIA: LDU Quito
[2026-06-03 16:01:37] WARNING: SIN COINCIDENCIA: Larisa
[2026-06-03 16:01:37] DEBUG:   [L1-exacto] 'havre' == 'havre ac'
[2026-06-03 16:01:37] INFO: MATCH: Le Havre                                      [Ligue 1 | France | France] → https://crests.football-data.org/533.png
[2026-06-03 16:01:37] WARNING: SIN COINCIDENCIA: Lechia Gdansk
[2026-06-03 16:01:37] DEBUG:   [L2-subset] 'leeds' ⊆ 'leeds united'
[2026-06-03 16:01:37] INFO: MATCH: Leeds                                         [Premier League | England | England] → https://crests.football-data.org/341.png
[2026-06-03 16:01:37] DEBUG:   [L1-exacto] 'leeds united' == 'leeds united'
[2026-06-03 16:01:37] INFO: MATCH: Leeds United                                  [Premier League | England | England] → https://crests.football-data.org/341.png
[2026-06-03 16:01:37] DEBUG:   [L2-subset] 'leipzig' ⊆ 'rb leipzig'
[2026-06-03 16:01:37] INFO: MATCH: Leipzig                                       [Bundesliga | Germany | Germany] → https://crests.football-data.org/721.png
[2026-06-03 16:01:37] DEBUG:   [L2-subset] 'lens' ⊆ 'racing club lens'
[2026-06-03 16:01:37] INFO: MATCH: Lens                                          [Ligue 1 | France | France] → https://crests.football-data.org/546.png
[2026-06-03 16:01:37] DEBUG:   [L1-exacto] 'lille' == 'lille osc'
[2026-06-03 16:01:37] INFO: MATCH: Lille                                         [Ligue 1 | France | France] → https://crests.football-data.org/521.png
[2026-06-03 16:01:37] DEBUG:   [L1-exacto] 'liverpool' == 'liverpool'
[2026-06-03 16:01:37] INFO: MATCH: Liverpool                                     [Premier League | England | England] → https://crests.football-data.org/64.png
[2026-06-03 16:01:37] DEBUG:   [L1-exacto] 'lorient' == 'lorient'
[2026-06-03 16:01:37] INFO: MATCH: Lorient                                       [Ligue 1 | France | France] → https://crests.football-data.org/525.png
[2026-06-03 16:01:37] WARNING: SIN COINCIDENCIA: Ludogorets
[2026-06-03 16:01:37] WARNING: SIN COINCIDENCIA: Maccabi Haifa
[2026-06-03 16:01:37] WARNING: SIN COINCIDENCIA: Maccabi Tel Aviv
[2026-06-03 16:01:37] DEBUG:   [L1-exacto] 'mainz' == '1. fsv mainz 05'
[2026-06-03 16:01:37] INFO: MATCH: Mainz                                         [Bundesliga | Germany | Germany] → https://crests.football-data.org/15.png
[2026-06-03 16:01:37] DEBUG:   [L2-subset] 'mainz 05' ⊆ '1. fsv mainz 05'
[2026-06-03 16:01:37] INFO: MATCH: Mainz 05                                      [Bundesliga | Germany | Germany] → https://crests.football-data.org/15.png
[2026-06-03 16:01:37] WARNING: SIN COINCIDENCIA: Mallorca
[2026-06-03 16:01:37] WARNING: SIN COINCIDENCIA: Malmo FF
[2026-06-03 16:01:37] WARNING: SIN COINCIDENCIA: Mamelodi Sundowns
[2026-06-03 16:01:37] DEBUG:   [L1-exacto] 'manchester city' == 'manchester city'
[2026-06-03 16:01:37] INFO: MATCH: Manchester City                               [Premier League | England | England] → https://crests.football-data.org/65.png
[2026-06-03 16:01:37] DEBUG:   [L3-fuzzy] 'manchester united' ~ 'manchester city'  ratio=0.81
[2026-06-03 16:01:37] INFO: MATCH: Manchester United                             [Premier League | England | England] → https://crests.football-data.org/65.png
[2026-06-03 16:01:37] WARNING: SIN COINCIDENCIA: Maribor
[2026-06-03 16:01:37] DEBUG:   [L1-exacto] 'marseille' == 'olympique marseille'
[2026-06-03 16:01:37] INFO: MATCH: Marseille                                     [UEFA Champions League | Europe | France] → https://crests.football-data.org/516.png
[2026-06-03 16:01:37] DEBUG:   [L3-fuzzy] 'marsella' ~ 'marseille'  ratio=0.82
[2026-06-03 16:01:37] INFO: MATCH: Marsella                                      [UEFA Champions League | Europe | France] → https://crests.football-data.org/516.png
[2026-06-03 16:01:37] WARNING: SIN COINCIDENCIA: Mazatlán FC
[2026-06-03 16:01:37] WARNING: SIN COINCIDENCIA: Mechelen
[2026-06-03 16:01:37] WARNING: SIN COINCIDENCIA: Miami FC
[2026-06-03 16:01:37] DEBUG:   [L1-exacto] 'middlesbrough' == 'middlesbrough'
[2026-06-03 16:01:37] INFO: MATCH: Middlesbrough                                 [Championship | England | England] → https://crests.football-data.org/343.png
[2026-06-03 16:01:37] WARNING: SIN COINCIDENCIA: Midtjylland
[2026-06-03 16:01:37] DEBUG:   [L1-exacto] 'milan' == 'ac milan'
[2026-06-03 16:01:37] INFO: MATCH: Milan                                         [Serie A | Italy | Italy] → https://crests.football-data.org/98.png
[2026-06-03 16:01:37] DEBUG:   [L1-exacto] 'millwall' == 'millwall'
[2026-06-03 16:01:37] INFO: MATCH: Millwall                                      [Championship | England | England] → https://crests.football-data.org/384.png
[2026-06-03 16:01:37] WARNING: SIN COINCIDENCIA: Minnesota United
[2026-06-03 16:01:37] WARNING: SIN COINCIDENCIA: Minnesota United FC
[2026-06-03 16:01:37] WARNING: SIN COINCIDENCIA: Mjällby AIF
[2026-06-03 16:01:37] WARNING: SIN COINCIDENCIA: Mlada Boleslav
[2026-06-03 16:01:37] WARNING: SIN COINCIDENCIA: Molde
[2026-06-03 16:01:37] DEBUG:   [L1-exacto] 'monaco' == 'monaco'
[2026-06-03 16:01:37] INFO: MATCH: Monaco                                        [UEFA Champions League | Europe | Monaco] → https://crests.football-data.org/548.png
[2026-06-03 16:01:37] WARNING: SIN COINCIDENCIA: Monagas
[2026-06-03 16:01:37] WARNING: SIN COINCIDENCIA: Montana 1921
[2026-06-03 16:01:37] WARNING: SIN COINCIDENCIA: Monterrey
[2026-06-03 16:01:37] WARNING: SIN COINCIDENCIA: Montpellier
[2026-06-03 16:01:37] WARNING: SIN COINCIDENCIA: Motherwell F.C.
[2026-06-03 16:01:37] DEBUG:   [L1-exacto] 'monaco' == 'monaco'
[2026-06-03 16:01:37] INFO: MATCH: Mónaco                                        [UEFA Champions League | Europe | Monaco] → https://crests.football-data.org/548.png
[2026-06-03 16:01:37] WARNING: SIN COINCIDENCIA: N.E.C.
[2026-06-03 16:01:37] WARNING: SIN COINCIDENCIA: NEC Nijmegen
[2026-06-03 16:01:37] WARNING: SIN COINCIDENCIA: NK Maribor
[2026-06-03 16:01:37] WARNING: SIN COINCIDENCIA: NK Slaven Belupo
[2026-06-03 16:01:37] DEBUG:   [L2-subset] 'nacional' ⊆ 'cd nacional'
[2026-06-03 16:01:37] INFO: MATCH: Nacional                                      [Primeira Liga | Portugal | Portugal] → https://crests.football-data.org/5529.png
[2026-06-03 16:01:37] DEBUG:   [L1-exacto] 'napoli' == 'ssc napoli'
[2026-06-03 16:01:37] INFO: MATCH: Napoli                                        [UEFA Champions League | Europe | Italy] → https://crests.football-data.org/113.png
[2026-06-03 16:01:37] WARNING: SIN COINCIDENCIA: New England Revolution
[2026-06-03 16:01:37] WARNING: SIN COINCIDENCIA: New York City FC
[2026-06-03 16:01:37] DEBUG:   [L1-exacto] 'newcastle' == 'newcastle united'
[2026-06-03 16:01:37] INFO: MATCH: Newcastle                                     [Premier League | England | England] → https://crests.football-data.org/67.png
[2026-06-03 16:01:37] WARNING: SIN COINCIDENCIA: Newcastle Jets FC
[2026-06-03 16:01:37] DEBUG:   [L1-exacto] 'newcastle united' == 'newcastle united'
[2026-06-03 16:01:37] INFO: MATCH: Newcastle United                              [Premier League | England | England] → https://crests.football-data.org/67.png
[2026-06-03 16:01:37] DEBUG:   [L1-exacto] 'nice' == 'ogc nice'
[2026-06-03 16:01:37] INFO: MATCH: Nice                                          [Ligue 1 | France | France] → https://crests.football-data.org/522.png
[2026-06-03 16:01:37] WARNING: SIN COINCIDENCIA: Niza
[2026-06-03 16:01:37] WARNING: SIN COINCIDENCIA: Noah
[2026-06-03 16:01:37] DEBUG:   [L1-exacto] 'norwich city' == 'norwich city'
[2026-06-03 16:01:37] INFO: MATCH: Norwich City                                  [Championship | England | England] → https://crests.football-data.org/68.png
[2026-06-03 16:01:37] DEBUG:   [L1-exacto] 'nottingham forest' == 'nottingham forest'
[2026-06-03 16:01:37] INFO: MATCH: Nottingham Forest                             [Premier League | England | England] → https://crests.football-data.org/351.png
[2026-06-03 16:01:37] DEBUG:   [L1-exacto] 'nottingham forest' == 'nottingham forest'
[2026-06-03 16:01:37] INFO: MATCH: Nottingham Forest F.C.                        [Premier League | England | England] → https://crests.football-data.org/351.png
[2026-06-03 16:01:37] DEBUG:   [L1-exacto] 'ogc nice' == 'ogc nice'
[2026-06-03 16:01:37] INFO: MATCH: OGC Nice                                      [Ligue 1 | France | France] → https://crests.football-data.org/522.png
[2026-06-03 16:01:37] DEBUG:   [L3-fuzzy] 'olympiacos' ~ 'olympiakos'  ratio=0.90
[2026-06-03 16:01:37] INFO: MATCH: Olympiacos FC                                 [UEFA Champions League | Europe | Greece] → https://crests.football-data.org/654.png
[2026-06-03 16:01:37] DEBUG:   [L1-exacto] 'olympique lyon' == 'olympique lyonnais'
[2026-06-03 16:01:37] INFO: MATCH: Olympique de Lyon                             [Ligue 1 | France | France] → https://crests.football-data.org/523.png
[2026-06-03 16:01:37] DEBUG:   [L1-exacto] 'olympique marseille' == 'olympique marseille'
[2026-06-03 16:01:37] INFO: MATCH: Olympique de Marseille                        [UEFA Champions League | Europe | France] → https://crests.football-data.org/516.png
[2026-06-03 16:01:37] DEBUG:   [L3-fuzzy] 'olympique marsella' ~ 'olympique marseille'  ratio=0.92
[2026-06-03 16:01:37] INFO: MATCH: Olympique de Marsella                         [UEFA Champions League | Europe | France] → https://crests.football-data.org/516.png
[2026-06-03 16:01:37] WARNING: SIN COINCIDENCIA: Omonia Nicosia
[2026-06-03 16:01:37] WARNING: SIN COINCIDENCIA: Orlando City
[2026-06-03 16:01:37] WARNING: SIN COINCIDENCIA: Orlando City SC
[2026-06-03 16:01:37] WARNING: SIN COINCIDENCIA: Orlando Pirates
[2026-06-03 16:01:37] WARNING: SIN COINCIDENCIA: Osasuna
[2026-06-03 16:01:37] WARNING: SIN COINCIDENCIA: Oțelul Galați
[2026-06-03 16:01:37] DEBUG:   [L1-exacto] 'pec zwolle' == 'pec zwolle'
[2026-06-03 16:01:37] INFO: MATCH: PEC Zwolle                                    [Eredivisie | Netherlands | Netherlands] → https://crests.football-data.org/684.png
[2026-06-03 16:01:37] WARNING: SIN COINCIDENCIA: PFC Turan Tovuz
[2026-06-03 16:01:37] DEBUG:   [L1-exacto] 'psg' == 'paris saint-germain'
[2026-06-03 16:01:37] INFO: MATCH: PSG                                           [UEFA Champions League | Europe | France] → https://crests.football-data.org/524.png
[2026-06-03 16:01:37] DEBUG:   [L1-exacto] 'psv' == 'psv'
[2026-06-03 16:01:37] INFO: MATCH: PSV                                           [UEFA Champions League | Europe | Netherlands] → https://crests.football-data.org/674.png
[2026-06-03 16:01:37] WARNING: SIN COINCIDENCIA: PSV Eindhoven
[2026-06-03 16:01:37] WARNING: SIN COINCIDENCIA: Pafos
[2026-06-03 16:01:37] DEBUG:   [L1-exacto] 'palmeiras' == 'se palmeiras'
[2026-06-03 16:01:37] INFO: MATCH: Palmeiras                                     [Campeonato Brasileiro Série A | Brazil | Brazil] → https://crests.football-data.org/1769.png
[2026-06-03 16:01:37] WARNING: SIN COINCIDENCIA: Panathinaikos
[2026-06-03 16:01:37] DEBUG:   [L1-exacto] 'paranaense' == 'ca paranaense'
[2026-06-03 16:01:37] INFO: MATCH: Paranaense                                    [Campeonato Brasileiro Série A | Brazil | Brazil] → https://crests.football-data.org/1768.png
[2026-06-03 16:01:37] DEBUG:   [L2-subset] 'paris' ⊆ 'paris saint-germain'
[2026-06-03 16:01:37] INFO: MATCH: Paris                                         [UEFA Champions League | Europe | France] → https://crests.football-data.org/524.png
[2026-06-03 16:01:37] DEBUG:   [L1-exacto] 'paris saint-germain' == 'paris saint-germain'
[2026-06-03 16:01:37] INFO: MATCH: Paris Saint-Germain                           [UEFA Champions League | Europe | France] → https://crests.football-data.org/524.png
[2026-06-03 16:01:37] DEBUG:   [L1-exacto] 'parma' == 'parma calcio 1913'
[2026-06-03 16:01:37] INFO: MATCH: Parma                                         [Serie A | Italy | Italy] → https://crests.football-data.org/112.png
[2026-06-03 16:01:37] WARNING: SIN COINCIDENCIA: Peterborough
[2026-06-03 16:01:37] WARNING: SIN COINCIDENCIA: Philadelphia Union
[2026-06-03 16:01:37] DEBUG:   [L2-subset] 'pisa' ⊆ 'ac pisa 1909'
[2026-06-03 16:01:37] INFO: MATCH: Pisa                                          [Serie A | Italy | Italy] → https://crests.football-data.org/487.png
[2026-06-03 16:01:37] WARNING: SIN COINCIDENCIA: Plaza Amador
[2026-06-03 16:01:37] WARNING: SIN COINCIDENCIA: Polokwane City
[2026-06-03 16:01:37] WARNING: SIN COINCIDENCIA: Port Vale
[2026-06-03 16:01:37] WARNING: SIN COINCIDENCIA: Portland Timbers
[2026-06-03 16:01:37] DEBUG:   [L1-exacto] 'porto' == 'porto'
[2026-06-03 16:01:37] INFO: MATCH: Porto                                         [Primeira Liga | Portugal | Portugal] → https://crests.football-data.org/503.png
[2026-06-03 16:01:37] WARNING: SIN COINCIDENCIA: Pumas
[2026-06-03 16:01:37] WARNING: SIN COINCIDENCIA: Puskás Akadémia
[2026-06-03 16:01:37] WARNING: SIN COINCIDENCIA: Pyramids
[2026-06-03 16:01:37] WARNING: SIN COINCIDENCIA: Pyramids FC
[2026-06-03 16:01:37] DEBUG:   [L1-exacto] 'rb leipzig' == 'rb leipzig'
[2026-06-03 16:01:37] INFO: MATCH: RB Leipzig                                    [Bundesliga | Germany | Germany] → https://crests.football-data.org/721.png
[2026-06-03 16:01:37] DEBUG:   [L1-exacto] 'rc lens' == 'racing club lens'
[2026-06-03 16:01:37] INFO: MATCH: RC Lens                                       [Ligue 1 | France | France] → https://crests.football-data.org/546.png
[2026-06-03 16:01:37] WARNING: SIN COINCIDENCIA: RKC
[2026-06-03 16:01:37] WARNING: SIN COINCIDENCIA: RKC Waalwijk
[2026-06-03 16:01:37] WARNING: SIN COINCIDENCIA: RS Berkane
[2026-06-03 16:01:37] WARNING: SIN COINCIDENCIA: Racign de Estrasburgo
[2026-06-03 16:01:37] WARNING: SIN COINCIDENCIA: Racing Genk
[2026-06-03 16:01:37] DEBUG:   [L2-subset] 'racing lens' ⊆ 'racing club lens'
[2026-06-03 16:01:37] INFO: MATCH: Racing Lens                                   [Ligue 1 | France | France] → https://crests.football-data.org/546.png
[2026-06-03 16:01:37] WARNING: SIN COINCIDENCIA: Racing de Estrasburgo
[2026-06-03 16:01:37] WARNING: SIN COINCIDENCIA: Racing de Santander
[2026-06-03 16:01:37] WARNING: SIN COINCIDENCIA: Raja Casablanca
[2026-06-03 16:01:37] DEBUG:   [L2-subset] 'rangers' ⊆ 'queens park rangers'
[2026-06-03 16:01:37] INFO: MATCH: Rangers                                       [Championship | England | England] → https://crests.football-data.org/69.png
[2026-06-03 16:01:37] WARNING: SIN COINCIDENCIA: Rayo Vallecano
[2026-06-03 16:01:37] WARNING: SIN COINCIDENCIA: Real Betis
[2026-06-03 16:01:37] DEBUG:   [L1-exacto] 'real madrid' == 'real madrid cf'
[2026-06-03 16:01:37] INFO: MATCH: Real Madrid                                   [UEFA Champions League | Europe | Spain] → https://crests.football-data.org/86.png
[2026-06-03 16:01:37] WARNING: SIN COINCIDENCIA: Real Oviedo
[2026-06-03 16:01:37] WARNING: SIN COINCIDENCIA: Real Salt Lake
[2026-06-03 16:01:37] WARNING: SIN COINCIDENCIA: Real Sociedad
[2026-06-03 16:01:37] WARNING: SIN COINCIDENCIA: Red Bull Salzburgo
[2026-06-03 16:01:37] WARNING: SIN COINCIDENCIA: Red Star
[2026-06-03 16:01:37] WARNING: SIN COINCIDENCIA: Rennes
[2026-06-03 16:01:37] WARNING: SIN COINCIDENCIA: River Plate
[2026-06-03 16:01:37] WARNING: SIN COINCIDENCIA: Rizespor
[2026-06-03 16:01:37] DEBUG:   [L1-exacto] 'roma' == 'roma'
[2026-06-03 16:01:37] INFO: MATCH: Roma                                          [Serie A | Italy | Italy] → https://crests.football-data.org/100.png
[2026-06-03 16:01:37] WARNING: SIN COINCIDENCIA: Rosario Central
[2026-06-03 16:01:37] WARNING: SIN COINCIDENCIA: Rotherham
[2026-06-03 16:01:37] DEBUG:   [L1-exacto] 'royale union saint-gilloise' == 'royale union saint-gilloise'
[2026-06-03 16:01:37] INFO: MATCH: Royale Union Saint-Gilloise                   [UEFA Champions League | Europe | Belgium] → https://crests.football-data.org/3929.png
[2026-06-03 16:01:37] DEBUG:   [L1-exacto] 'napoli' == 'ssc napoli'
[2026-06-03 16:01:37] INFO: MATCH: S.S.C. Napoli                                 [UEFA Champions League | Europe | Italy] → https://crests.football-data.org/113.png
[2026-06-03 16:01:37] WARNING: SIN COINCIDENCIA: SC Bastia
[2026-06-03 16:01:37] WARNING: SIN COINCIDENCIA: SJK Seinajoki
[2026-06-03 16:01:37] WARNING: SIN COINCIDENCIA: SK Beveren
[2026-06-03 16:01:37] WARNING: SIN COINCIDENCIA: SV Zulte Waregem
[2026-06-03 16:01:37] WARNING: SIN COINCIDENCIA: Salzburgo
[2026-06-03 16:01:37] WARNING: SIN COINCIDENCIA: Sampdoria
[2026-06-03 16:01:37] WARNING: SIN COINCIDENCIA: Samsunspor
[2026-06-03 16:01:37] WARNING: SIN COINCIDENCIA: San Diego FC
[2026-06-03 16:01:37] WARNING: SIN COINCIDENCIA: Sanfrecce Hiroshima
[2026-06-03 16:01:37] DEBUG:   [L1-exacto] 'santos' == 'santos'
[2026-06-03 16:01:37] INFO: MATCH: Santos                                        [Campeonato Brasileiro Série A | Brazil | Brazil] → https://crests.football-data.org/6685.png
[2026-06-03 16:01:37] DEBUG:   [L1-exacto] 'sassuolo' == 'us sassuolo calcio'
[2026-06-03 16:01:37] INFO: MATCH: Sassuolo                                      [Serie A | Italy | Italy] → https://crests.football-data.org/471.png
[2026-06-03 16:01:37] WARNING: SIN COINCIDENCIA: Schalke 04
[2026-06-03 16:01:37] WARNING: SIN COINCIDENCIA: Seattle Sounders
[2026-06-03 16:01:38] WARNING: SIN COINCIDENCIA: Servette
[2026-06-03 16:01:38] WARNING: SIN COINCIDENCIA: Sevilla
[2026-06-03 16:01:38] WARNING: SIN COINCIDENCIA: Shamrock Rovers
[2026-06-03 16:01:38] DEBUG:   [L3-fuzzy] 'sheffield united' ~ 'sheffield wed'  ratio=0.83
[2026-06-03 16:01:38] INFO: MATCH: Sheffield United                              [Championship | England | England] → https://crests.football-data.org/345.png
[2026-06-03 16:01:38] DEBUG:   [L3-fuzzy] 'sheffield united' ~ 'sheffield wed'  ratio=0.83
[2026-06-03 16:01:38] INFO: MATCH: Sheffield United F.C.                         [Championship | England | England] → https://crests.football-data.org/345.png
[2026-06-03 16:01:38] WARNING: SIN COINCIDENCIA: Silkeborg IF
[2026-06-03 16:01:38] WARNING: SIN COINCIDENCIA: Sint Truidense
[2026-06-03 16:01:38] WARNING: SIN COINCIDENCIA: Sint-Truidense
[2026-06-03 16:01:38] DEBUG:   [L3-fuzzy] 'slavia praga' ~ 'slavia praha'  ratio=0.92
[2026-06-03 16:01:38] INFO: MATCH: Slavia Praga                                  [UEFA Champions League | Europe | Czech Republic] → https://crests.football-data.org/930.png
[2026-06-03 16:01:38] WARNING: SIN COINCIDENCIA: Slovan Bratislava
[2026-06-03 16:01:38] WARNING: SIN COINCIDENCIA: Slovan Liberec
[2026-06-03 16:01:38] WARNING: SIN COINCIDENCIA: Smouha SC
[2026-06-03 16:01:38] WARNING: SIN COINCIDENCIA: Sparta Praga
[2026-06-03 16:01:38] DEBUG:   [L1-exacto] 'sparta rotterdam' == 'sparta rotterdam'
[2026-06-03 16:01:38] INFO: MATCH: Sparta Rotterdam                              [Eredivisie | Netherlands | Netherlands] → https://crests.football-data.org/6806.png
[2026-06-03 16:01:38] WARNING: SIN COINCIDENCIA: Spartak Moscow
[2026-06-03 16:01:38] DEBUG:   [L2-subset] 'sporting' ⊆ 'sporting clube portugal'
[2026-06-03 16:01:38] INFO: MATCH: Sporting                                      [UEFA Champions League | Europe | Portugal] → https://crests.football-data.org/498.png
[2026-06-03 16:01:38] DEBUG:   [L2-subset] 'sporting braga' ⊆ 'sporting clube braga'
[2026-06-03 16:01:38] INFO: MATCH: Sporting Braga                                [Primeira Liga | Portugal | Portugal] → https://crests.football-data.org/5613.png
[2026-06-03 16:01:38] DEBUG:   [L1-exacto] 'sporting cp' == 'sporting clube portugal'
[2026-06-03 16:01:38] INFO: MATCH: Sporting CP                                   [UEFA Champions League | Europe | Portugal] → https://crests.football-data.org/498.png
[2026-06-03 16:01:38] WARNING: SIN COINCIDENCIA: Sporting Lisboa
[2026-06-03 16:01:38] DEBUG:   [L2-subset] 'sporting portugal' ⊆ 'sporting clube portugal'
[2026-06-03 16:01:38] INFO: MATCH: Sporting de Portugal                          [UEFA Champions League | Europe | Portugal] → https://crests.football-data.org/498.png
[2026-06-03 16:01:38] DEBUG:   [L3-fuzzy] 'stade nyonnais' ~ 'stade rennais'  ratio=0.81
[2026-06-03 16:01:38] INFO: MATCH: Stade Nyonnais                                [Ligue 1 | France | France] → https://crests.football-data.org/529.png
[2026-06-03 16:01:38] DEBUG:   [L1-exacto] 'stade rennais' == 'stade rennais 1901'
[2026-06-03 16:01:38] INFO: MATCH: Stade Rennais                                 [Ligue 1 | France | France] → https://crests.football-data.org/529.png
[2026-06-03 16:01:38] DEBUG:   [L3-fuzzy] 'stade reims' ~ 'stade rennais'  ratio=0.83
[2026-06-03 16:01:38] INFO: MATCH: Stade de Reims                                [Ligue 1 | France | France] → https://crests.football-data.org/529.png
[2026-06-03 16:01:38] WARNING: SIN COINCIDENCIA: Standard Liege
[2026-06-03 16:01:38] DEBUG:   [L1-exacto] 'stoke city' == 'stoke city'
[2026-06-03 16:01:38] INFO: MATCH: Stoke City                                    [Championship | England | England] → https://crests.football-data.org/70.png
[2026-06-03 16:01:38] DEBUG:   [L1-exacto] 'strasbourg' == 'rc strasbourg alsace'
[2026-06-03 16:01:38] INFO: MATCH: Strasbourg                                    [Ligue 1 | France | France] → https://crests.football-data.org/576.png
[2026-06-03 16:01:38] DEBUG:   [L1-exacto] 'stuttgart' == 'vfb stuttgart'
[2026-06-03 16:01:38] INFO: MATCH: Stuttgart                                     [Bundesliga | Germany | Germany] → https://crests.football-data.org/10.png
[2026-06-03 16:01:38] DEBUG:   [L1-exacto] 'sunderland' == 'sunderland'
[2026-06-03 16:01:38] INFO: MATCH: Sunderland                                    [Premier League | England | England] → https://crests.football-data.org/71.png
[2026-06-03 16:01:38] DEBUG:   [L1-exacto] 'sunderland' == 'sunderland'
[2026-06-03 16:01:38] INFO: MATCH: Sunderland AFC                                [Premier League | England | England] → https://crests.football-data.org/71.png
[2026-06-03 16:01:38] DEBUG:   [L1-exacto] 'swansea' == 'swansea city'
[2026-06-03 16:01:38] INFO: MATCH: Swansea                                       [Championship | England | Wales] → https://crests.football-data.org/72.png
[2026-06-03 16:01:38] DEBUG:   [L1-exacto] 'swansea city' == 'swansea city'
[2026-06-03 16:01:38] INFO: MATCH: Swansea City A.F.C.                           [Championship | England | Wales] → https://crests.football-data.org/72.png
[2026-06-03 16:01:38] DEBUG:   [L2-subset] 'tsg hoffenheim' ⊆ 'tsg 1899 hoffenheim'
[2026-06-03 16:01:38] INFO: MATCH: TSG Hoffenheim                                [Bundesliga | Germany | Germany] → https://crests.football-data.org/2.png
[2026-06-03 16:01:38] DEBUG:   [L1-exacto] 'telstar' == 'telstar 1963'
[2026-06-03 16:01:38] INFO: MATCH: Telstar                                       [Eredivisie | Netherlands | Netherlands] → https://crests.football-data.org/1912.png
[2026-06-03 16:01:38] WARNING: SIN COINCIDENCIA: Terengganu FC
[2026-06-03 16:01:38] WARNING: SIN COINCIDENCIA: Tigres
[2026-06-03 16:01:38] WARNING: SIN COINCIDENCIA: Tigres UANL
[2026-06-03 16:01:38] DEBUG:   [L1-exacto] 'tondela' == 'cd tondela'
[2026-06-03 16:01:38] INFO: MATCH: Tondela                                       [Primeira Liga | Portugal | Portugal] → https://crests.football-data.org/1049.png
[2026-06-03 16:01:38] DEBUG:   [L1-exacto] 'torino' == 'torino'
[2026-06-03 16:01:38] INFO: MATCH: Torino                                        [Serie A | Italy | Italy] → https://crests.football-data.org/586.png
[2026-06-03 16:01:38] WARNING: SIN COINCIDENCIA: Toronto
[2026-06-03 16:01:38] WARNING: SIN COINCIDENCIA: Toronto FC
[2026-06-03 16:01:38] WARNING: SIN COINCIDENCIA: Torreense
[2026-06-03 16:01:38] DEBUG:   [L1-exacto] 'tottenham' == 'tottenham hotspur'
[2026-06-03 16:01:38] INFO: MATCH: Tottenham                                     [Premier League | England | England] → https://crests.football-data.org/73.png
[2026-06-03 16:01:38] DEBUG:   [L1-exacto] 'tottenham hotspur' == 'tottenham hotspur'
[2026-06-03 16:01:38] INFO: MATCH: Tottenham Hotspur                             [Premier League | England | England] → https://crests.football-data.org/73.png
[2026-06-03 16:01:38] DEBUG:   [L1-exacto] 'toulouse' == 'toulouse'
[2026-06-03 16:01:38] INFO: MATCH: Toulouse                                      [Ligue 1 | France | France] → https://crests.football-data.org/511.png
[2026-06-03 16:01:38] WARNING: SIN COINCIDENCIA: Trabzonspor
[2026-06-03 16:01:38] DEBUG:   [L1-exacto] 'twente' == 'twente '65'
[2026-06-03 16:01:38] INFO: MATCH: Twente                                        [Eredivisie | Netherlands | Netherlands] → https://crests.football-data.org/666.png
[2026-06-03 16:01:38] WARNING: SIN COINCIDENCIA: U. Católica de Ecuador
[2026-06-03 16:01:38] WARNING: SIN COINCIDENCIA: US Monastir
[2026-06-03 16:01:38] DEBUG:   [L1-exacto] 'us sassuolo calcio' == 'us sassuolo calcio'
[2026-06-03 16:01:38] INFO: MATCH: US Sassuolo Calcio                            [Serie A | Italy | Italy] → https://crests.football-data.org/471.png
[2026-06-03 16:01:38] WARNING: SIN COINCIDENCIA: USM Alger
[2026-06-03 16:01:38] DEBUG:   [L1-exacto] 'udinese' == 'udinese calcio'
[2026-06-03 16:01:38] INFO: MATCH: Udinese                                       [Serie A | Italy | Italy] → https://crests.football-data.org/115.png
[2026-06-03 16:01:38] WARNING: SIN COINCIDENCIA: Ulsan
[2026-06-03 16:01:38] DEBUG:   [L1-exacto] 'union berlin' == '1. union berlin'
[2026-06-03 16:01:38] INFO: MATCH: Union Berlin                                  [Bundesliga | Germany | Germany] → https://crests.football-data.org/28.png
[2026-06-03 16:01:38] DEBUG:   [L2-subset] 'union saint-gilloise' ⊆ 'royale union saint-gilloise'
[2026-06-03 16:01:38] INFO: MATCH: Union Saint-Gilloise                          [UEFA Champions League | Europe | Belgium] → https://crests.football-data.org/3929.png
[2026-06-03 16:01:38] WARNING: SIN COINCIDENCIA: Universidad de Concepción
[2026-06-03 16:01:38] WARNING: SIN COINCIDENCIA: Universitatea Cluj
[2026-06-03 16:01:38] WARNING: SIN COINCIDENCIA: VVV-Venlo
[2026-06-03 16:01:38] WARNING: SIN COINCIDENCIA: Valencia
[2026-06-03 16:01:38] WARNING: SIN COINCIDENCIA: Vancouver Whitecaps
[2026-06-03 16:01:38] DEBUG:   [L1-exacto] 'vasco da gama' == 'cr vasco da gama'
[2026-06-03 16:01:38] INFO: MATCH: Vasco da Gama                                 [Campeonato Brasileiro Série A | Brazil | Brazil] → https://crests.football-data.org/1780.png
[2026-06-03 16:01:38] WARNING: SIN COINCIDENCIA: Venezia FC
[2026-06-03 16:01:38] WARNING: SIN COINCIDENCIA: Viking
[2026-06-03 16:01:38] WARNING: SIN COINCIDENCIA: Viking FK
[2026-06-03 16:01:38] WARNING: SIN COINCIDENCIA: Viktoria Plzen
[2026-06-03 16:01:38] WARNING: SIN COINCIDENCIA: Viktoria Plzeň
[2026-06-03 16:01:38] DEBUG:   [L3-fuzzy] 'villareal' ~ 'villarreal'  ratio=0.95
[2026-06-03 16:01:38] INFO: MATCH: Villareal                                     [UEFA Champions League | Europe | Spain] → https://crests.football-data.org/94.png
[2026-06-03 16:01:38] DEBUG:   [L1-exacto] 'villarreal' == 'villarreal cf'
[2026-06-03 16:01:38] INFO: MATCH: Villarreal                                    [UEFA Champions League | Europe | Spain] → https://crests.football-data.org/94.png
[2026-06-03 16:01:38] WARNING: SIN COINCIDENCIA: Violette AC
[2026-06-03 16:01:38] DEBUG:   [L1-exacto] 'vitoria' == 'ec vitoria'
[2026-06-03 16:01:38] INFO: MATCH: Vitória                                       [Campeonato Brasileiro Série A | Brazil | Brazil] → https://crests.football-data.org/1782.png
[2026-06-03 16:01:38] WARNING: SIN COINCIDENCIA: Vélez Sarsfield
[2026-06-03 16:01:38] DEBUG:   [L1-exacto] 'watford' == 'watford'
[2026-06-03 16:01:38] INFO: MATCH: Watford                                       [Championship | England | England] → https://crests.football-data.org/346.png
[2026-06-03 16:01:38] WARNING: SIN COINCIDENCIA: Wellington Phoenix FC
[2026-06-03 16:01:38] DEBUG:   [L2-subset] 'werder bremen' ⊆ 'sv werder bremen'
[2026-06-03 16:01:38] INFO: MATCH: Werder Bremen                                 [Bundesliga | Germany | Germany] → https://crests.football-data.org/12.png
[2026-06-03 16:01:38] DEBUG:   [L1-exacto] 'west ham' == 'west ham united'
[2026-06-03 16:01:38] INFO: MATCH: West Ham                                      [Premier League | England | England] → https://crests.football-data.org/563.png
[2026-06-03 16:01:38] DEBUG:   [L1-exacto] 'west ham united' == 'west ham united'
[2026-06-03 16:01:38] INFO: MATCH: West Ham United                               [Premier League | England | England] → https://crests.football-data.org/563.png
[2026-06-03 16:01:38] DEBUG:   [L1-exacto] 'west ham united' == 'west ham united'
[2026-06-03 16:01:38] INFO: MATCH: West Ham United/Marsella                      [Premier League | England | England] → https://crests.football-data.org/563.png
[2026-06-03 16:01:38] WARNING: SIN COINCIDENCIA: Western Sydney Wanderers
[2026-06-03 16:01:38] WARNING: SIN COINCIDENCIA: Widzew Lodz
[2026-06-03 16:01:38] WARNING: SIN COINCIDENCIA: Wolfsberger AC
[2026-06-03 16:01:38] DEBUG:   [L1-exacto] 'wolfsburg' == 'vfl wolfsburg'
[2026-06-03 16:01:38] INFO: MATCH: Wolfsburg                                     [Bundesliga | Germany | Germany] → https://crests.football-data.org/11.png
[2026-06-03 16:01:38] DEBUG:   [L3-fuzzy] 'wolfsburgo' ~ 'wolfsburg'  ratio=0.95
[2026-06-03 16:01:38] INFO: MATCH: Wolfsburgo                                    [Bundesliga | Germany | Germany] → https://crests.football-data.org/11.png
[2026-06-03 16:01:38] DEBUG:   [L1-exacto] 'wolverhampton' == 'wolverhampton wanderers'
[2026-06-03 16:01:38] INFO: MATCH: Wolverhampton                                 [Premier League | England | England] → https://crests.football-data.org/76.png
[2026-06-03 16:01:38] DEBUG:   [L1-exacto] 'wrexham' == 'wrexham'
[2026-06-03 16:01:38] INFO: MATCH: Wrexham                                       [Championship | England | Wales] → https://crests.football-data.org/404.png
[2026-06-03 16:01:38] WARNING: SIN COINCIDENCIA: Young Boys
[2026-06-03 16:01:38] WARNING: SIN COINCIDENCIA: ZED FC
[2026-06-03 16:01:38] WARNING: SIN COINCIDENCIA: Zamalek
[2026-06-03 16:01:38] WARNING: SIN COINCIDENCIA: Zenit
[2026-06-03 16:01:38] WARNING: SIN COINCIDENCIA: Zhejiang
[2026-06-03 16:01:38] WARNING: SIN COINCIDENCIA: Çaykur Rizespor
[2026-06-03 16:01:38] WARNING: SIN COINCIDENCIA: Étoile du Sahel
[2026-06-03 16:01:38] INFO: Archivo generado exitosamente: C:\Users\Franc\OneDrive\Documentos\ThinkPad\Github\worldcup-app\data\data_frontend\teams.json (163 entradas)
[2026-06-03 16:01:38] INFO: ------------------------------------------------------------
[2026-06-03 16:01:38] INFO: RESUMEN:
[2026-06-03 16:01:38] INFO:   Equipos en lista local : 443
[2026-06-03 16:01:38] INFO:   Matches encontrados    : 163
[2026-06-03 16:01:38] INFO:   Sin coincidencia       : 280
[2026-06-03 16:01:38] INFO: Equipos sin coincidencia en la API:
[2026-06-03 16:01:38] INFO:   - AEL Limassol
[2026-06-03 16:01:38] INFO:   - AIK
[2026-06-03 16:01:38] INFO:   - AS Nancy-Lorraine
[2026-06-03 16:01:38] INFO:   - AS Saint-Étienne
[2026-06-03 16:01:38] INFO:   - Abha Club
[2026-06-03 16:01:38] INFO:   - Academia Puerto Cabello
[2026-06-03 16:01:38] INFO:   - Akron Tolyatti
[2026-06-03 16:01:38] INFO:   - Al Ahli
[2026-06-03 16:01:38] INFO:   - Al Ahly
[2026-06-03 16:01:38] INFO:   - Al Ain
[2026-06-03 16:01:38] INFO:   - Al Bataeh
[2026-06-03 16:01:38] INFO:   - Al Feiha
[2026-06-03 16:01:38] INFO:   - Al Hilal
[2026-06-03 16:01:38] INFO:   - Al Ittihad
[2026-06-03 16:01:38] INFO:   - Al Jazira
[2026-06-03 16:01:38] INFO:   - Al Nasr
[2026-06-03 16:01:38] INFO:   - Al Nassr
[2026-06-03 16:01:38] INFO:   - Al Sharjah
[2026-06-03 16:01:38] INFO:   - Al Wakrah
[2026-06-03 16:01:38] INFO:   - Al-Ahli
[2026-06-03 16:01:38] INFO:   - Al-Ahli Saudi FC
[2026-06-03 16:01:38] INFO:   - Al-Ain FC
[2026-06-03 16:01:38] INFO:   - Al-Duhail
[2026-06-03 16:01:38] INFO:   - Al-Ettifaq
[2026-06-03 16:01:38] INFO:   - Al-Hilal
[2026-06-03 16:01:38] INFO:   - Al-Hilal SFC
[2026-06-03 16:01:38] INFO:   - Al-Ittihad
[2026-06-03 16:01:38] INFO:   - Alanyaspor
[2026-06-03 16:01:38] INFO:   - Almere City FC
[2026-06-03 16:01:38] INFO:   - América de México
[2026-06-03 16:01:38] INFO:   - Anderlecht
[2026-06-03 16:01:38] INFO:   - Apollon Limassol
[2026-06-03 16:01:38] INFO:   - Aris Limassol
[2026-06-03 16:01:38] INFO:   - Astana
[2026-06-03 16:01:38] INFO:   - Athletic de Bilbao
[2026-06-03 16:01:38] INFO:   - Atlas
[2026-06-03 16:01:38] INFO:   - Atlético Nacional
[2026-06-03 16:01:38] INFO:   - Atromitos
[2026-06-03 16:01:38] INFO:   - Auckland FC
[2026-06-03 16:01:38] INFO:   - Austria Viena
[2026-06-03 16:01:38] INFO:   - BSC Young Boys II
[2026-06-03 16:01:38] INFO:   - Basaksehir
[2026-06-03 16:01:38] INFO:   - Besiktas
[2026-06-03 16:01:38] INFO:   - Braintree Town F.C.
[2026-06-03 16:01:38] INFO:   - Brondby IF
[2026-06-03 16:01:38] INFO:   - Brujas
[2026-06-03 16:01:38] INFO:   - Brøndby IF
[2026-06-03 16:01:38] INFO:   - CD Plaza Amador
[2026-06-03 16:01:38] INFO:   - CS Constantine
[2026-06-03 16:01:38] INFO:   - CS Sfaxien
[2026-06-03 16:01:38] INFO:   - Castellon
[2026-06-03 16:01:38] INFO:   - Celta de Vigo
[2026-06-03 16:01:38] INFO:   - Celtic
[2026-06-03 16:01:38] INFO:   - Celtic Glasgow
[2026-06-03 16:01:38] INFO:   - Cercle Brugge
[2026-06-03 16:01:38] INFO:   - Charleroi
[2026-06-03 16:01:38] INFO:   - Charlotte FC
[2026-06-03 16:01:38] INFO:   - Chaves
[2026-06-03 16:01:38] INFO:   - Chicago Fire
[2026-06-03 16:01:38] INFO:   - Cincinatti FC
[2026-06-03 16:01:38] INFO:   - Club Africain
[2026-06-03 16:01:38] INFO:   - Club América
[2026-06-03 16:01:38] INFO:   - Club Deportivo Marathón
[2026-06-03 16:01:38] INFO:   - Club León
[2026-06-03 16:01:38] INFO:   - Cobresal
[2026-06-03 16:01:38] INFO:   - Colorado Springs
[2026-06-03 16:01:38] INFO:   - Columbus Crew
[2026-06-03 16:01:38] INFO:   - Copenhagen
[2026-06-03 16:01:38] INFO:   - Copenhague
[2026-06-03 16:01:38] INFO:   - Cruz Azul
[2026-06-03 16:01:38] INFO:   - Daejeon
[2026-06-03 16:01:38] INFO:   - Deportivo La Guaira
[2026-06-03 16:01:38] INFO:   - Deportivo Saprissa
[2026-06-03 16:01:38] INFO:   - Desconocido
[2026-06-03 16:01:38] INFO:   - Dinamo Zagreb
[2026-06-03 16:01:38] INFO:   - Dynamo Makhachkala
[2026-06-03 16:01:38] INFO:   - ES Tunis
[2026-06-03 16:01:38] INFO:   - El Gouna
[2026-06-03 16:01:38] INFO:   - El Paso Locomotive FC
[2026-06-03 16:01:38] INFO:   - Elche
[2026-06-03 16:01:38] INFO:   - Espanyol
[2026-06-03 16:01:38] INFO:   - Espérance de Tunis
[2026-06-03 16:01:38] INFO:   - Esteghlal FC
[2026-06-03 16:01:38] INFO:   - Estrella Roja
[2026-06-03 16:01:38] INFO:   - Estrella Roja de Belgrado
[2026-06-03 16:01:38] INFO:   - Estudiantes de La Plata
[2026-06-03 16:01:38] INFO:   - F. C. Tokyo
[2026-06-03 16:01:38] INFO:   - FC Barcelona Atlètic
[2026-06-03 16:01:38] INFO:   - FC Cincinnati
[2026-06-03 16:01:38] INFO:   - FC Cosmos Koblenz
[2026-06-03 16:01:38] INFO:   - FC Dallas
[2026-06-03 16:01:38] INFO:   - FC Den Bosch
[2026-06-03 16:01:38] INFO:   - FC Lugano
[2026-06-03 16:01:38] INFO:   - FC Pari Nizhniy Novgorod
[2026-06-03 16:01:38] INFO:   - FC Sochaux
[2026-06-03 16:01:38] INFO:   - FC Tatran Prešov
[2026-06-03 16:01:38] INFO:   - FC Tokio
[2026-06-03 16:01:38] INFO:   - FC Vizela
[2026-06-03 16:01:38] INFO:   - FC Zürich
[2026-06-03 16:01:38] INFO:   - Farense
[2026-06-03 16:01:38] INFO:   - Fenerbahce
[2026-06-03 16:01:38] INFO:   - Fenerbahçe
[2026-06-03 16:01:38] INFO:   - Fenerbahçe SK/Betis
[2026-06-03 16:01:38] INFO:   - Ferencváros TC
[2026-06-03 16:01:38] INFO:   - Fortuna Dusseldorf
[2026-06-03 16:01:38] INFO:   - Frosinone
[2026-06-03 16:01:38] INFO:   - Gangwon
[2026-06-03 16:01:38] INFO:   - Gaziantep
[2026-06-03 16:01:38] INFO:   - Genk
[2026-06-03 16:01:38] INFO:   - Gençlerbirliği
[2026-06-03 16:01:38] INFO:   - Girona
[2026-06-03 16:01:38] INFO:   - Granada
[2026-06-03 16:01:38] INFO:   - Gyor
[2026-06-03 16:01:38] INFO:   - HNK Rijeka
[2026-06-03 16:01:38] INFO:   - Hajduk Split
[2026-06-03 16:01:38] INFO:   - Hamburgo
[2026-06-03 16:01:38] INFO:   - Hannover 96
[2026-06-03 16:01:38] INFO:   - Hapoel Ironi Kiryat Shmona
[2026-06-03 16:01:38] INFO:   - Heart of Midlothian
[2026-06-03 16:01:38] INFO:   - Hibernian
[2026-06-03 16:01:38] INFO:   - Holstein Kiel
[2026-06-03 16:01:38] INFO:   - Hradec Kralove
[2026-06-03 16:01:38] INFO:   - IFK Norrköping
[2026-06-03 16:01:38] INFO:   - Igdir FK
[2026-06-03 16:01:38] INFO:   - Igdır FK
[2026-06-03 16:01:38] INFO:   - Independiente
[2026-06-03 16:01:38] INFO:   - Inter Miami
[2026-06-03 16:01:38] INFO:   - Inter Milan
[2026-06-03 16:01:38] INFO:   - Inter de Milan
[2026-06-03 16:01:38] INFO:   - Inter de Milán
[2026-06-03 16:01:38] INFO:   - Internacional de Porto Alegre
[2026-06-03 16:01:38] INFO:   - JS Kabylie
[2026-06-03 16:01:38] INFO:   - Jagiellonia Bialystok
[2026-06-03 16:01:38] INFO:   - Jeonbuk
[2026-06-03 16:01:38] INFO:   - Juárez FC
[2026-06-03 16:01:38] INFO:   - KAA Gent
[2026-06-03 16:01:38] INFO:   - KRC Genk
[2026-06-03 16:01:38] INFO:   - Kaizer Chiefs
[2026-06-03 16:01:38] INFO:   - Karlsruher
[2026-06-03 16:01:38] INFO:   - Kashima Antlers
[2026-06-03 16:01:38] INFO:   - Kashima Antrlers
[2026-06-03 16:01:38] INFO:   - Kasımpaşa
[2026-06-03 16:01:38] INFO:   - Kayserispor
[2026-06-03 16:01:38] INFO:   - Kifisia
[2026-06-03 16:01:38] INFO:   - Kilmarnock
[2026-06-03 16:01:38] INFO:   - Konyaspor
[2026-06-03 16:01:38] INFO:   - Krasnodar
[2026-06-03 16:01:38] INFO:   - LAFC
[2026-06-03 16:01:38] INFO:   - LASK
[2026-06-03 16:01:38] INFO:   - LDU Quito
[2026-06-03 16:01:38] INFO:   - Larisa
[2026-06-03 16:01:38] INFO:   - Lechia Gdansk
[2026-06-03 16:01:38] INFO:   - Ludogorets
[2026-06-03 16:01:38] INFO:   - Maccabi Haifa
[2026-06-03 16:01:38] INFO:   - Maccabi Tel Aviv
[2026-06-03 16:01:38] INFO:   - Mallorca
[2026-06-03 16:01:38] INFO:   - Malmo FF
[2026-06-03 16:01:38] INFO:   - Mamelodi Sundowns
[2026-06-03 16:01:38] INFO:   - Maribor
[2026-06-03 16:01:38] INFO:   - Mazatlán FC
[2026-06-03 16:01:38] INFO:   - Mechelen
[2026-06-03 16:01:38] INFO:   - Miami FC
[2026-06-03 16:01:38] INFO:   - Midtjylland
[2026-06-03 16:01:38] INFO:   - Minnesota United
[2026-06-03 16:01:38] INFO:   - Minnesota United FC
[2026-06-03 16:01:38] INFO:   - Mjällby AIF
[2026-06-03 16:01:38] INFO:   - Mlada Boleslav
[2026-06-03 16:01:38] INFO:   - Molde
[2026-06-03 16:01:38] INFO:   - Monagas
[2026-06-03 16:01:38] INFO:   - Montana 1921
[2026-06-03 16:01:38] INFO:   - Monterrey
[2026-06-03 16:01:38] INFO:   - Montpellier
[2026-06-03 16:01:38] INFO:   - Motherwell F.C.
[2026-06-03 16:01:38] INFO:   - N.E.C.
[2026-06-03 16:01:38] INFO:   - NEC Nijmegen
[2026-06-03 16:01:38] INFO:   - NK Maribor
[2026-06-03 16:01:38] INFO:   - NK Slaven Belupo
[2026-06-03 16:01:38] INFO:   - New England Revolution
[2026-06-03 16:01:38] INFO:   - New York City FC
[2026-06-03 16:01:38] INFO:   - Newcastle Jets FC
[2026-06-03 16:01:38] INFO:   - Niza
[2026-06-03 16:01:38] INFO:   - Noah
[2026-06-03 16:01:38] INFO:   - Omonia Nicosia
[2026-06-03 16:01:38] INFO:   - Orlando City
[2026-06-03 16:01:38] INFO:   - Orlando City SC
[2026-06-03 16:01:38] INFO:   - Orlando Pirates
[2026-06-03 16:01:38] INFO:   - Osasuna
[2026-06-03 16:01:38] INFO:   - Oțelul Galați
[2026-06-03 16:01:38] INFO:   - PFC Turan Tovuz
[2026-06-03 16:01:38] INFO:   - PSV Eindhoven
[2026-06-03 16:01:38] INFO:   - Pafos
[2026-06-03 16:01:38] INFO:   - Panathinaikos
[2026-06-03 16:01:38] INFO:   - Peterborough
[2026-06-03 16:01:38] INFO:   - Philadelphia Union
[2026-06-03 16:01:38] INFO:   - Plaza Amador
[2026-06-03 16:01:38] INFO:   - Polokwane City
[2026-06-03 16:01:38] INFO:   - Port Vale
[2026-06-03 16:01:38] INFO:   - Portland Timbers
[2026-06-03 16:01:38] INFO:   - Pumas
[2026-06-03 16:01:38] INFO:   - Puskás Akadémia
[2026-06-03 16:01:38] INFO:   - Pyramids
[2026-06-03 16:01:38] INFO:   - Pyramids FC
[2026-06-03 16:01:38] INFO:   - RKC
[2026-06-03 16:01:38] INFO:   - RKC Waalwijk
[2026-06-03 16:01:38] INFO:   - RS Berkane
[2026-06-03 16:01:38] INFO:   - Racign de Estrasburgo
[2026-06-03 16:01:38] INFO:   - Racing Genk
[2026-06-03 16:01:38] INFO:   - Racing de Estrasburgo
[2026-06-03 16:01:38] INFO:   - Racing de Santander
[2026-06-03 16:01:38] INFO:   - Raja Casablanca
[2026-06-03 16:01:38] INFO:   - Rayo Vallecano
[2026-06-03 16:01:38] INFO:   - Real Betis
[2026-06-03 16:01:38] INFO:   - Real Oviedo
[2026-06-03 16:01:38] INFO:   - Real Salt Lake
[2026-06-03 16:01:38] INFO:   - Real Sociedad
[2026-06-03 16:01:38] INFO:   - Red Bull Salzburgo
[2026-06-03 16:01:38] INFO:   - Red Star
[2026-06-03 16:01:38] INFO:   - Rennes
[2026-06-03 16:01:38] INFO:   - River Plate
[2026-06-03 16:01:38] INFO:   - Rizespor
[2026-06-03 16:01:38] INFO:   - Rosario Central
[2026-06-03 16:01:38] INFO:   - Rotherham
[2026-06-03 16:01:38] INFO:   - SC Bastia
[2026-06-03 16:01:38] INFO:   - SJK Seinajoki
[2026-06-03 16:01:38] INFO:   - SK Beveren
[2026-06-03 16:01:38] INFO:   - SV Zulte Waregem
[2026-06-03 16:01:38] INFO:   - Salzburgo
[2026-06-03 16:01:38] INFO:   - Sampdoria
[2026-06-03 16:01:38] INFO:   - Samsunspor
[2026-06-03 16:01:38] INFO:   - San Diego FC
[2026-06-03 16:01:38] INFO:   - Sanfrecce Hiroshima
[2026-06-03 16:01:38] INFO:   - Schalke 04
[2026-06-03 16:01:38] INFO:   - Seattle Sounders
[2026-06-03 16:01:38] INFO:   - Servette
[2026-06-03 16:01:38] INFO:   - Sevilla
[2026-06-03 16:01:38] INFO:   - Shamrock Rovers
[2026-06-03 16:01:38] INFO:   - Silkeborg IF
[2026-06-03 16:01:38] INFO:   - Sint Truidense
[2026-06-03 16:01:38] INFO:   - Sint-Truidense
[2026-06-03 16:01:38] INFO:   - Slovan Bratislava
[2026-06-03 16:01:38] INFO:   - Slovan Liberec
[2026-06-03 16:01:38] INFO:   - Smouha SC
[2026-06-03 16:01:38] INFO:   - Sparta Praga
[2026-06-03 16:01:38] INFO:   - Spartak Moscow
[2026-06-03 16:01:38] INFO:   - Sporting Lisboa
[2026-06-03 16:01:38] INFO:   - Standard Liege
[2026-06-03 16:01:38] INFO:   - Terengganu FC
[2026-06-03 16:01:38] INFO:   - Tigres
[2026-06-03 16:01:38] INFO:   - Tigres UANL
[2026-06-03 16:01:38] INFO:   - Toronto
[2026-06-03 16:01:38] INFO:   - Toronto FC
[2026-06-03 16:01:38] INFO:   - Torreense
[2026-06-03 16:01:38] INFO:   - Trabzonspor
[2026-06-03 16:01:38] INFO:   - U. Católica de Ecuador
[2026-06-03 16:01:38] INFO:   - US Monastir
[2026-06-03 16:01:38] INFO:   - USM Alger
[2026-06-03 16:01:38] INFO:   - Ulsan
[2026-06-03 16:01:38] INFO:   - Universidad de Concepción
[2026-06-03 16:01:38] INFO:   - Universitatea Cluj
[2026-06-03 16:01:38] INFO:   - VVV-Venlo
[2026-06-03 16:01:38] INFO:   - Valencia
[2026-06-03 16:01:38] INFO:   - Vancouver Whitecaps
[2026-06-03 16:01:38] INFO:   - Venezia FC
[2026-06-03 16:01:38] INFO:   - Viking
[2026-06-03 16:01:38] INFO:   - Viking FK
[2026-06-03 16:01:38] INFO:   - Viktoria Plzen
[2026-06-03 16:01:38] INFO:   - Viktoria Plzeň
[2026-06-03 16:01:38] INFO:   - Violette AC
[2026-06-03 16:01:38] INFO:   - Vélez Sarsfield
[2026-06-03 16:01:38] INFO:   - Wellington Phoenix FC
[2026-06-03 16:01:38] INFO:   - Western Sydney Wanderers
[2026-06-03 16:01:38] INFO:   - Widzew Lodz
[2026-06-03 16:01:38] INFO:   - Wolfsberger AC
[2026-06-03 16:01:38] INFO:   - Young Boys
[2026-06-03 16:01:38] INFO:   - ZED FC
[2026-06-03 16:01:38] INFO:   - Zamalek
[2026-06-03 16:01:38] INFO:   - Zenit
[2026-06-03 16:01:38] INFO:   - Zhejiang
[2026-06-03 16:01:38] INFO:   - Çaykur Rizespor
[2026-06-03 16:01:38] INFO:   - Étoile du Sahel
[2026-06-03 16:01:38] INFO: ============================================================
[2026-06-03 16:01:38] INFO: Script finalizado.
